Running: /home/aed/cadence/PVS161/tools.lnx86/pvs/bin/64bit/pvsvirt \
  -time2error \
  -mode drc \
  -global_log_file /home/user23/NS_SAR_ADC/doc/pvsuidrc.log \
  -control /home/user23/NS_SAR_ADC/doc/pvsdrcctl \
  -layLibName NS_SAR_Analog \
  -layCellName comparator_latch_armstrong \
  -layViewName layout \
  -igds /home/user23/NS_SAR_ADC/doc/comparator_latch_armstrong.gds \
  -layScale 0.001 \
  -layTechLib NS_SAR_Analog \
  -convertPin geometry \
  -replaceBusBitChar nil \
  -noConvertHalfWidthPath nil \
  -layHierDepth 32 \
  -layMaxVertices 2048 \
  -rulesFile /home/user23/NS_SAR_ADC/doc/.config.rul \
  -rulesFile /home/user23/Sky130_cadance_pdk/sky130_release_0.1.0/Sky130_DRC/sky130_rev_0.0_2.12.drc.pvl \
  -df2_version 6.1.7.0 \
  -sign IPVS_1787214254_23905 \
  -run_dir /home/user23/NS_SAR_ADC/doc \
  -no_rules_check



Virtuoso Framework License (111) was checked out successfully. Total checkout time was 0.01s.
********************************************************************************
Product   : Virtuoso(R) XStream Out
Program   : @(#)$CDS: strmout version 6.1.7-64b 12/01/2016 05:40 (sjfhw306) $
          : sub-version  IC6.1.7-64b.500.8 
Started at: 20-Aug-2026  13:54:18
User Name : user23
Host Name : aed
Directory : /home/user23/NS_SAR_ADC
CADENCE Design Systems, Inc.
********************************************************************************
Info: Cellview Rev Num:99,  Tech Rev Num:59

Loading sky130_fd_pr_main/libInit.il ...
	Loading sky130_fd_pr_main/loadCxt.ile ... done!
	Loading context 'sky130_fd_pr_main' from library 'sky130_fd_pr_main' ... done!
	Loading context 'pdkUtils' from library 'sky130_fd_pr_main' ... done!
	Loading sky130_fd_pr_main/libInitCktPro.il ... done!
	Loading sky130_fd_pr_main/libInitCustomExit.il ... 	Loading Environment Settings ...
done!
Loaded sky130_fd_pr_main/libInit.il successfully!
INFO (XSTRM-217): Reading the layer map file, /home/user23/Sky130_cadance_pdk/sky130_release_0.1.0/libs/sky130_fd_pr_main/sky130_fd_pr_main.layermap
INFO (XSTRM-162): You have not used the viaMap option. If the OpenAccess design has native oaVia instances, use the -viaMap option for preserving oaVia instances in a Stream Out - Stream In round trip. Using the -viaMap option improves performance and VM usage of applications using the Streamed-In design.  For details on the viaMap option, refer to the "Design Data Translator's Reference" guide for XStream.

Summary of Options :
library                                 NS_SAR_Analog
strmFile                                /home/user23/NS_SAR_ADC/doc/comparator_latch_armstrong.gds
topCell                                 comparator_latch_armstrong
view                                    layout
runDir                                  /home/user23/NS_SAR_ADC/doc
logFile                                 /home/user23/NS_SAR_ADC/doc/PIPO1.LOG
techLib                                 NS_SAR_Analog
hierDepth                               32
maxVertices                             2048
layerMap                                 /home/user23/Sky130_cadance_pdk/sky130_release_0.1.0/libs/sky130_fd_pr_main/sky130_fd_pr_main.layermap
userSkillFile                           /home/user23/NS_SAR_ADC/doc/strmout.il
labelDepth                              32
case                                    Preserve
convertDot                              node

INFO (XSTRM-223): 1. Translating cellView sky130_fd_pr_main/M1M2_C/layout as STRUCTURE M1M2_C$$1.
INFO (XSTRM-223): 2. Translating cellView sky130_fd_pr_main/nwellTap/layout as STRUCTURE nwellTap$$2.
INFO (XSTRM-223): 3. Translating cellView sky130_fd_pr_main/polyConn/layout as STRUCTURE polyConn$$3.
INFO (XSTRM-223): 4. Translating cellView sky130_fd_pr_main/nfet_01v8/layout as STRUCTURE nfet_01v8$$4.
INFO (XSTRM-223): 5. Translating cellView sky130_fd_pr_main/nfet_01v8/layout as STRUCTURE nfet_01v8$$5.
INFO (XSTRM-223): 6. Translating cellView sky130_fd_pr_main/nfet_01v8/layout as STRUCTURE nfet_01v8$$6.
INFO (XSTRM-223): 7. Translating cellView sky130_fd_pr_main/nfet_01v8/layout as STRUCTURE nfet_01v8$$7.
INFO (XSTRM-223): 8. Translating cellView sky130_fd_pr_main/pfet_01v8/layout as STRUCTURE pfet_01v8$$8.
INFO (XSTRM-223): 9. Translating cellView sky130_fd_pr_main/pfet_01v8/layout as STRUCTURE pfet_01v8$$9.
INFO (XSTRM-223): 10. Translating cellView sky130_fd_pr_main/pfet_01v8/layout as STRUCTURE pfet_01v8$$10.
INFO (XSTRM-223): 11. Translating cellView NS_SAR_Analog/comparator_latch_armstrong/layout as STRUCTURE comparator_latch_armstrong.
INFO (XSTRM-180): You have not used the objectMap option. The design has instance(s) of at least one of following OpenAccess objects: oaBlockage, oaBoundary, oaRow, and oaMarker. Any information about these objects will not be translated into the generated stream file. Use the objectMap option to translate/preserve these objects using XStream. For details on the objectMap option, refer to the "Design Data Translator's Reference" guide for XStream.

Summary of Objects Translated:
	Scalar Instances:                       54
	Array Instances:                        0
	Polygons:                               0
	Paths:                                  4
	Rectangles:                             374
	Lines:                                  0
	Arcs:                                   0
	Donuts:                                 0
	Dots:                                   0
	Ellipses:                               0
	Boundaries:                             0
	Area Blockages:                         0
	Layer Blockages:                        0
	Area Halos:                             0
	Markers:                                0
	Rows:                                   0
	Standard Vias                           7
	Custom Vias:                            3
	CdsGen Vias:                            0
	Pathsegs:                               167
	Text:                                   0
	TextDisplay:                            0
	Cells:                                  11

Elapsed Time: 0.1s   User Time: 0.1s   CPU Time: 0.0s   Peak VM: 7572KB
INFO (XSTRM-234): Translation completed. '0' error(s) and '0' warning(s) found.


********************************************************************************
pvs 16.10-p006 64 bit (Thu Jul 27 18:05:02 PDT 2017)
Build Ref No.: 006 Production (07-27-2017) [pvs_1610]

Copyright 2017 Cadence Design Systems, Inc.
All rights reserved worldwide.

Build O/S:       Linux x86_64 2.6.18-194.el5
Executed on:     aed (Linux x86_64 3.10.0-1160.108.1.el7.x86_64)
Process Id:      11415
Starting Time:   Thu Aug 20 13:54:18 2026 (Thu Aug 20 08:24:18 2026 GMT)
With parameters: -drc -time2error -top_cell comparator_latch_armstrong -ui_data -control /home/user23/NS_SAR_ADC/doc/pvsdrcctl -ai /home/user23/NS_SAR_ADC/doc/.config.rul /home/user23/Sky130_cadance_pdk/sky130_release_0.1.0/Sky130_DRC/sky130_rev_0.0_2.12.drc.pvl 
********************************************************************************


########################################################################
Get host info ...
########################################################################
CPU info:
    model name      :  Intel(R) Core(TM) i7-4770 CPU @ 3.40GHz
    cpu MHz         :  3730.578
    cache size      :  8192 KB
    physical cores  :  4
    logical cores   :  8
    hyper-threading on

Memory info:
    31920M physical memory installed.

    MemTotal:       32689660 kB
    MemFree:         2864336 kB
    MemAvailable:   14808728 kB
    Buffers:              92 kB
    Cached:         11881560 kB
    SwapCached:          288 kB
    Active:         17233116 kB
    Inactive:        7444588 kB
    Active(anon):   13756380 kB
    Inactive(anon):   951260 kB
    Active(file):    3476736 kB
    Inactive(file):  6493328 kB
    Unevictable:        3652 kB
    Mlocked:               0 kB
    SwapTotal:       8191996 kB
    SwapFree:        8191476 kB
    Dirty:               704 kB
    Writeback:             0 kB
    AnonPages:      12798852 kB
    Mapped:           774160 kB
    Shmem:           1911588 kB
    Slab:            2974364 kB
    SReclaimable:    2375012 kB
    SUnreclaim:       599352 kB
    KernelStack:       63072 kB
    PageTables:       521512 kB
    NFS_Unstable:          0 kB
    Bounce:                0 kB
    WritebackTmp:          0 kB
    CommitLimit:    24536824 kB
    Committed_AS:   41124996 kB
    VmallocTotal:   34359738367 kB
    VmallocUsed:      397612 kB
    VmallocChunk:   34358947836 kB
    Percpu:             1504 kB
    HardwareCorrupted:     0 kB
    AnonHugePages:   6285312 kB
    CmaTotal:              0 kB
    CmaFree:               0 kB
    HugePages_Total:       0
    HugePages_Free:        0
    HugePages_Rsvd:        0
    HugePages_Surp:        0
    Hugepagesize:       2048 kB
    DirectMap4k:       96180 kB
    DirectMap2M:     5056512 kB
    DirectMap1G:    28311552 kB


########################################################################
Get environment info ...
########################################################################
ENV VAR: TCL_LIBRARY = /home/aed/cadence/PVS161/share/lib/tcltk/08.64/tcl8.6
ENV VAR: TCLX_LIBRARY = /home/aed/cadence/PVS161/share/lib/tclx/08.40
ENV VAR: TCLLIBPATH = /home/aed/cadence/PVS161/share/lib/itcl/3.4.1 /home/aed/cadence/PVS161/share/lib/tclxml/3.2 /home/aed/cadence/PVS161/share/lib/tcllib/1.18 /home/aed/cadence/PVS161/share/lib/itcl/3.4.1 /home/aed/cadence/PVS161/share/lib/tclxml/3.2 /home/aed/cadence/PVS161/share/lib/tcllib/1.18 /home/aed/cadence/PVS161/share/lib/itcl/3.4.1 /home/aed/cadence/PVS161/share/lib/tclxml/3.2 /home/aed/cadence/PVS161/share/lib/tcllib/1.18 


########################################################################
Parsing Control File /home/user23/NS_SAR_ADC/doc/pvsdrcctl ...
########################################################################
#DEFINE NODEN
#UNDEFINE NOGLR
#UNDEFINE NOWARN
#UNDEFINE SRAM
TEXT_DEPTH -primary;
VIRTUAL_CONNECT -colon no;
VIRTUAL_CONNECT -semicolon_as_colon yes;
VIRTUAL_CONNECT -report no;
VIRTUAL_CONNECT -depth -primary;
REPORT_SUMMARY -drc "comparator_latch_armstrong.sum" -replace;
MAX_RESULTS -drc 1000;
MAX_VERTEX -drc 4096;
RESULTS_DB -drc "/home/user23/NS_SAR_ADC/doc/comparator_latch_armstrong.drc_errors.ascii" -ascii;
KEEP_LAYERS -none;
ABORT_ON_LAYOUT_ERROR yes;
LAYOUT_FORMAT gdsii;
LAYOUT_PATH "/home/user23/NS_SAR_ADC/doc/comparator_latch_armstrong.gds";

########################################################################
Parsing Rule File /home/user23/NS_SAR_ADC/doc/.config.rul ...
########################################################################

########################################################################
Parsing Rule File /home/user23/Sky130_cadance_pdk/sky130_release_0.1.0/Sky130_DRC/sky130_rev_0.0_2.12.drc.pvl ...
########################################################################
include "/home/aed/libs/Sky130_cadance_pdk/sky130_release_0.1.0/Sky130_DRC/Include/layer_def.drc.pvl"
include "/home/aed/libs/Sky130_cadance_pdk/sky130_release_0.1.0/Sky130_DRC/Include/derived_layers.drc.pvl"
include "/home/aed/libs/Sky130_cadance_pdk/sky130_release_0.1.0/Sky130_DRC/Include/x.drc.pvl"
include "/home/aed/libs/Sky130_cadance_pdk/sky130_release_0.1.0/Sky130_DRC/Include/dnwell.drc.pvl"
include "/home/aed/libs/Sky130_cadance_pdk/sky130_release_0.1.0/Sky130_DRC/Include/nwell.drc.pvl"
include "/home/aed/libs/Sky130_cadance_pdk/sky130_release_0.1.0/Sky130_DRC/Include/hvtp.drc.pvl"
include "/home/aed/libs/Sky130_cadance_pdk/sky130_release_0.1.0/Sky130_DRC/Include/hvtr.drc.pvl"
include "/home/aed/libs/Sky130_cadance_pdk/sky130_release_0.1.0/Sky130_DRC/Include/lvtn.drc.pvl"
include "/home/aed/libs/Sky130_cadance_pdk/sky130_release_0.1.0/Sky130_DRC/Include/ncm.drc.pvl"
include "/home/aed/libs/Sky130_cadance_pdk/sky130_release_0.1.0/Sky130_DRC/Include/difftap.drc.pvl"
include "/home/aed/libs/Sky130_cadance_pdk/sky130_release_0.1.0/Sky130_DRC/Include/tunm.drc.pvl"
include "/home/aed/libs/Sky130_cadance_pdk/sky130_release_0.1.0/Sky130_DRC/Include/poly.drc.pvl"
include "/home/aed/libs/Sky130_cadance_pdk/sky130_release_0.1.0/Sky130_DRC/Include/rpm.drc.pvl"
include "/home/aed/libs/Sky130_cadance_pdk/sky130_release_0.1.0/Sky130_DRC/Include/varac.drc.pvl"
include "/home/aed/libs/Sky130_cadance_pdk/sky130_release_0.1.0/Sky130_DRC/Include/photo.drc.pvl"
include "/home/aed/libs/Sky130_cadance_pdk/sky130_release_0.1.0/Sky130_DRC/Include/npc.drc.pvl"
include "/home/aed/libs/Sky130_cadance_pdk/sky130_release_0.1.0/Sky130_DRC/Include/n_psd.drc.pvl"
include "/home/aed/libs/Sky130_cadance_pdk/sky130_release_0.1.0/Sky130_DRC/Include/licon.drc.pvl"
include "/home/aed/libs/Sky130_cadance_pdk/sky130_release_0.1.0/Sky130_DRC/Include/li.drc.pvl"
include "/home/aed/libs/Sky130_cadance_pdk/sky130_release_0.1.0/Sky130_DRC/Include/mcon.drc.pvl"
include "/home/aed/libs/Sky130_cadance_pdk/sky130_release_0.1.0/Sky130_DRC/Include/capm.drc.pvl"
include "/home/aed/libs/Sky130_cadance_pdk/sky130_release_0.1.0/Sky130_DRC/Include/vpp.drc.pvl"
include "/home/aed/libs/Sky130_cadance_pdk/sky130_release_0.1.0/Sky130_DRC/Include/m1.drc.pvl"
include "/home/aed/libs/Sky130_cadance_pdk/sky130_release_0.1.0/Sky130_DRC/Include/via1.drc.pvl"
include "/home/aed/libs/Sky130_cadance_pdk/sky130_release_0.1.0/Sky130_DRC/Include/m2.drc.pvl"
include "/home/aed/libs/Sky130_cadance_pdk/sky130_release_0.1.0/Sky130_DRC/Include/via2.drc.pvl"
include "/home/aed/libs/Sky130_cadance_pdk/sky130_release_0.1.0/Sky130_DRC/Include/m3.drc.pvl"
include "/home/aed/libs/Sky130_cadance_pdk/sky130_release_0.1.0/Sky130_DRC/Include/via3.drc.pvl"
include "/home/aed/libs/Sky130_cadance_pdk/sky130_release_0.1.0/Sky130_DRC/Include/nsm.drc.pvl"
include "/home/aed/libs/Sky130_cadance_pdk/sky130_release_0.1.0/Sky130_DRC/Include/m4.drc.pvl"
include "/home/aed/libs/Sky130_cadance_pdk/sky130_release_0.1.0/Sky130_DRC/Include/via4.drc.pvl"
include "/home/aed/libs/Sky130_cadance_pdk/sky130_release_0.1.0/Sky130_DRC/Include/m5.drc.pvl"
include "/home/aed/libs/Sky130_cadance_pdk/sky130_release_0.1.0/Sky130_DRC/Include/pad.drc.pvl"
include "/home/aed/libs/Sky130_cadance_pdk/sky130_release_0.1.0/Sky130_DRC/Include/hvi.drc.pvl"
include "/home/aed/libs/Sky130_cadance_pdk/sky130_release_0.1.0/Sky130_DRC/Include/hvnwell.drc.pvl"
include "/home/aed/libs/Sky130_cadance_pdk/sky130_release_0.1.0/Sky130_DRC/Include/hvdifftap.drc.pvl"
include "/home/aed/libs/Sky130_cadance_pdk/sky130_release_0.1.0/Sky130_DRC/Include/hvpoly.drc.pvl"
include "/home/aed/libs/Sky130_cadance_pdk/sky130_release_0.1.0/Sky130_DRC/Include/hvntm.drc.pvl"
include "/home/aed/libs/Sky130_cadance_pdk/sky130_release_0.1.0/Sky130_DRC/Include/denmos.drc.pvl"
include "/home/aed/libs/Sky130_cadance_pdk/sky130_release_0.1.0/Sky130_DRC/Include/depmos.drc.pvl"
include "/home/aed/libs/Sky130_cadance_pdk/sky130_release_0.1.0/Sky130_DRC/Include/hv.drc.pvl"
include "/home/aed/libs/Sky130_cadance_pdk/sky130_release_0.1.0/Sky130_DRC/Include/vhvi.drc.pvl"
include "/home/aed/libs/Sky130_cadance_pdk/sky130_release_0.1.0/Sky130_DRC/Include/uhvi.drc.pvl"
include "/home/aed/libs/Sky130_cadance_pdk/sky130_release_0.1.0/Sky130_DRC/Include/pwres.drc.pvl"
include "/home/aed/libs/Sky130_cadance_pdk/sky130_release_0.1.0/Sky130_DRC/Include/density.drc.pvl"
include "/home/aed/libs/Sky130_cadance_pdk/sky130_release_0.1.0/Sky130_DRC/Include/other.drc.pvl"
LAYOUT_FORMAT gdsii;
[WARN]: LAYOUT_FORMAT at line 143 in file /home/user23/Sky130_cadance_pdk/sky130_release_0.1.0/Sky130_DRC/sky130_rev_0.0_2.12.drc.pvl is skipped. It is set in control file.
LAYOUT_PATH "./mycell.gds";
[WARN]: LAYOUT_PATH at line 147 in file /home/user23/Sky130_cadance_pdk/sky130_release_0.1.0/Sky130_DRC/sky130_rev_0.0_2.12.drc.pvl is skipped. It is set in control file.
LAYOUT_PRIMARY "mycell";
[WARN] Cmd-line override: LAYOUT_PRIMARY "comparator_latch_armstrong";
REPORT_SUMMARY -drc "mycell.sum" -replace;
[WARN]: REPORT_SUMMARY -drc at line 155 in file /home/user23/Sky130_cadance_pdk/sky130_release_0.1.0/Sky130_DRC/sky130_rev_0.0_2.12.drc.pvl is skipped. It is set in control file.
RESULTS_DB -drc "./mycell.drc_errors.ascii" -ascii;
[WARN]: RESULTS_DB -ascii at line 159 in file /home/user23/Sky130_cadance_pdk/sky130_release_0.1.0/Sky130_DRC/sky130_rev_0.0_2.12.drc.pvl is skipped. It is set in control file.
MAX_RESULTS -drc 1000;
[WARN]: MAX_RESULTS -drc at line 163 in file /home/user23/Sky130_cadance_pdk/sky130_release_0.1.0/Sky130_DRC/sky130_rev_0.0_2.12.drc.pvl is skipped. It is set in control file.
MAX_VERTEX -drc 4096;
[WARN]: MAX_VERTEX at line 167 in file /home/user23/Sky130_cadance_pdk/sky130_release_0.1.0/Sky130_DRC/sky130_rev_0.0_2.12.drc.pvl is skipped. It is set in control file.
ABORT_ON_LAYOUT_ERROR no;
[WARN]: ABORT_ON_LAYOUT_ERROR at line 171 in file /home/user23/Sky130_cadance_pdk/sky130_release_0.1.0/Sky130_DRC/sky130_rev_0.0_2.12.drc.pvl is skipped. It is set in control file.
TEXT_DEPTH -primary;
[WARN]: TEXT_DEPTH at line 173 in file /home/user23/Sky130_cadance_pdk/sky130_release_0.1.0/Sky130_DRC/sky130_rev_0.0_2.12.drc.pvl is skipped. It is set in control file.
KEEP_LAYERS
[WARN] Only the first KEEP_LAYERS command is honored.  KEEP_LAYERS at line 175 in file /home/user23/Sky130_cadance_pdk/sky130_release_0.1.0/Sky130_DRC/sky130_rev_0.0_2.12.drc.pvl is ignored.
INPUT_SCALE 1000;
LAYER_DEF diff_dg 1001;
LAYER_MAP 65 -datatype 20 1001;
LAYER_DEF diff_txt 1002;
LAYER_MAP 65 -texttype 20 1002;
LAYER_DEF tap_dg 1003;
LAYER_MAP 65 -datatype 44 1003;
LAYER_DEF nwell 1004;
LAYER_MAP 64 -datatype 20 1004;
LAYER_DEF dnwell 1005;
LAYER_MAP 64 -datatype 18 1005;
LAYER_DEF pwbm 1006;
LAYER_MAP 19 -datatype 44 1006;
LAYER_DEF pwde 1007;
LAYER_MAP 124 -datatype 20 1007;
LAYER_DEF hvtr 1008;
LAYER_MAP 18 -datatype 20 1008;
LAYER_DEF hvtp 1009;
LAYER_MAP 78 -datatype 44 1009;
LAYER_DEF ldntm 1010;
LAYER_MAP 11 -datatype 44 1010;
LAYER_DEF hvi 1011;
LAYER_MAP 75 -datatype 20 1011;
LAYER_DEF tunm 1012;
LAYER_MAP 80 -datatype 20 1012;
LAYER_DEF lvtn 1013;
LAYER_MAP 125 -datatype 44 1013;
LAYER_DEF poly_dg 1014;
LAYER_MAP 66 -datatype 20 1014;
LAYER_DEF poly_txt 1015;
LAYER_MAP 66 -texttype 20 1015;
LAYER_DEF hvntm 1016;
LAYER_MAP 125 -datatype 20 1016;
LAYER_DEF nsdm 1017;
LAYER_MAP 93 -datatype 44 1017;
LAYER_DEF psdm 1018;
LAYER_MAP 94 -datatype 20 1018;
LAYER_DEF rpm 1019;
LAYER_MAP 86 -datatype 20 1019;
LAYER_DEF urpm 1020;
LAYER_MAP 79 -datatype 20 1020;
LAYER_DEF npc 1021;
LAYER_MAP 95 -datatype 20 1021;
LAYER_DEF licon 1022;
LAYER_MAP 66 -datatype 44 1022;
LAYER_DEF li_dg 1023;
LAYER_MAP 67 -datatype 20 1023;
LAYER_DEF li1_text 1024;
LAYER_MAP 67 -texttype 20 1024;
LAYER_DEF mcon 1025;
LAYER_MAP 67 -datatype 44 1025;
LAYER_DEF m1_dg 1026;
LAYER_MAP 68 -datatype 20 1026;
LAYER_DEF met1_text 1027;
LAYER_MAP 68 -texttype 20 1027;
LAYER_DEF via1 1028;
LAYER_MAP 68 -datatype 44 1028;
LAYER_DEF m2_dg 1029;
LAYER_MAP 69 -datatype 20 1029;
LAYER_DEF met2_text 1030;
LAYER_MAP 69 -texttype 20 1030;
LAYER_DEF via2 1031;
LAYER_MAP 69 -datatype 44 1031;
LAYER_DEF m3_dg 1032;
LAYER_MAP 70 -datatype 20 1032;
LAYER_DEF met3_text 1033;
LAYER_MAP 70 -texttype 20 1033;
LAYER_DEF via3 1034;
LAYER_MAP 70 -datatype 44 1034;
LAYER_DEF m4_dg 1035;
LAYER_MAP 71 -datatype 20 1035;
LAYER_DEF met4_text 1036;
LAYER_MAP 71 -texttype 20 1036;
LAYER_DEF via4 1037;
LAYER_MAP 71 -datatype 44 1037;
LAYER_DEF m5_dg 1038;
LAYER_MAP 72 -datatype 20 1038;
LAYER_DEF met5_text 1039;
LAYER_MAP 72 -texttype 20 1039;
LAYER_DEF pad 1040;
LAYER_MAP 76 -datatype 20 1040;
LAYER_DEF pad_text 1041;
LAYER_MAP 76 -texttype 20 1041;
LAYER_DEF nsm 1042;
LAYER_MAP 61 -datatype 20 1042;
LAYER_DEF capm 1043;
LAYER_MAP 89 -datatype 44 1043;
LAYER_DEF cap2m 1044;
LAYER_MAP 97 -datatype 44 1044;
LAYER_DEF vhvi 1045;
LAYER_MAP 74 -datatype 21 1045;
LAYER_DEF uhvi 1046;
LAYER_MAP 74 -datatype 22 1046;
LAYER_DEF npn 1047;
LAYER_MAP 82 -datatype 20 1047;
LAYER_DEF inductor 1048;
LAYER_MAP 82 -datatype 24 1048;
LAYER_DEF capacitor_in 1049;
LAYER_MAP 82 -datatype 64 1049;
LAYER_DEF pnp 1050;
LAYER_MAP 82 -datatype 44 1050;
LAYER_DEF LVS_prune 1051;
LAYER_MAP 84 -datatype 44 1051;
LAYER_DEF ncm 1052;
LAYER_MAP 92 -datatype 44 1052;
LAYER_DEF padCenter 1053;
LAYER_MAP 81 -datatype 20 1053;
LAYER_DEF target 1054;
LAYER_MAP 76 -datatype 44 1054;
LAYER_DEF SEALID 1055;
LAYER_MAP 81 -datatype 1 1055;
LAYER_DEF areaid.ce 1056;
LAYER_MAP 81 -datatype 2 1056;
LAYER_DEF areaid.fe 1057;
LAYER_MAP 81 -datatype 3 1057;
LAYER_DEF areaid.sc 1058;
LAYER_MAP 81 -datatype 4 1058;
LAYER_DEF areaid.sf 1059;
LAYER_MAP 81 -datatype 6 1059;
LAYER_DEF areaid.sr 1061;
LAYER_MAP 81 -datatype 8 1061;
LAYER_DEF areaid.mt 1062;
LAYER_MAP 81 -datatype 10 1062;
LAYER_DEF areaid.dt 1063;
LAYER_MAP 81 -datatype 11 1063;
LAYER_DEF areaid.ft 1064;
LAYER_MAP 81 -datatype 12 1064;
LAYER_DEF areaid.ww 1065;
LAYER_MAP 81 -datatype 13 1065;
LAYER_DEF areaid.ld 1066;
LAYER_MAP 81 -datatype 14 1066;
LAYER_DEF areaid.ns 1067;
LAYER_MAP 81 -datatype 15 1067;
LAYER_DEF areaid.ij 1068;
LAYER_MAP 81 -datatype 17 1068;
LAYER_DEF areaid.zr 1069;
LAYER_MAP 81 -datatype 18 1069;
LAYER_DEF areaid.ed 1070;
LAYER_MAP 81 -datatype 19 1070;
LAYER_DEF areaid.de 1071;
LAYER_MAP 81 -datatype 23 1071;
LAYER_DEF areaid.rd 1072;
LAYER_MAP 81 -datatype 24 1072;
LAYER_DEF areaid.dn 1073;
LAYER_MAP 81 -datatype 50 1073;
LAYER_DEF areaid.cr 1074;
LAYER_MAP 81 -datatype 51 1074;
LAYER_DEF areaid.cd 1075;
LAYER_MAP 81 -datatype 52 1075;
LAYER_DEF localSub 1076;
LAYER_MAP 81 -datatype 53 1076;
LAYER_DEF areaid.op 1077;
LAYER_MAP 81 -datatype 54 1077;
LAYER_DEF areaid.en 1078;
LAYER_MAP 81 -datatype 57 1078;
LAYER_DEF areaid.en20 1079;
LAYER_MAP 81 -datatype 58 1079;
LAYER_DEF areaid.le 1080;
LAYER_MAP 81 -datatype 60 1080;
LAYER_DEF areaid.hl 1081;
LAYER_MAP 81 -datatype 63 1081;
LAYER_DEF lv_net 1299;
LAYER_MAP 81 -datatype 66 1299;
LAYER_DEF areaid.sd 1082;
LAYER_MAP 81 -datatype 70 1082;
LAYER_DEF areaid.po 1083;
LAYER_MAP 81 -datatype 81 1083;
LAYER_DEF areaid.it 1084;
LAYER_MAP 81 -datatype 84 1084;
LAYER_DEF areaid.et 1085;
LAYER_MAP 81 -datatype 101 1085;
LAYER_DEF areaid.lvt 1086;
LAYER_MAP 81 -datatype 108 1086;
LAYER_DEF areaid.re 1087;
LAYER_MAP 81 -datatype 125 1087;
LAYER_DEF fom 1088;
LAYER_MAP 22 -datatype 23 1088;
LAYER_DEF poly_gate 1089;
LAYER_MAP 66 -datatype 9 1089;
LAYER_DEF poly_model 1090;
LAYER_MAP 66 -texttype 83 1090;
LAYER_DEF poly_res 1091;
LAYER_MAP 66 -datatype 13 1091;
LAYER_DEF diff_res 1092;
LAYER_MAP 65 -datatype 13 1092;
LAYER_DEF pwell_res 1093;
LAYER_MAP 64 -datatype 13 1093;
LAYER_DEF li1_res 1094;
LAYER_MAP 67 -datatype 13 1094;
LAYER_DEF diff_hv 1095;
LAYER_MAP 65 -datatype 8 1095;
LAYER_DEF met4_fuse 1096;
LAYER_MAP 71 -datatype 17 1096;
LAYER_DEF inductor_trm1 1097;
LAYER_MAP 82 -datatype 26 1097;
LAYER_DEF inductor_trm2 1098;
LAYER_MAP 82 -datatype 27 1098;
LAYER_DEF inductor_trm3 1099;
LAYER_MAP 82 -datatype 28 1099;
LAYER_DEF li1_block 1100;
LAYER_MAP 67 -datatype 10 1100;
LAYER_DEF met1_block 1101;
LAYER_MAP 68 -datatype 10 1101;
LAYER_DEF met2_block 1102;
LAYER_MAP 69 -datatype 10 1102;
LAYER_DEF met3_block 1103;
LAYER_MAP 70 -datatype 10 1103;
LAYER_DEF met4_block 1104;
LAYER_MAP 71 -datatype 10 1104;
LAYER_DEF met5_block 1105;
LAYER_MAP 72 -datatype 10 1105;
LAYER_DEF prBndry 1106;
LAYER_MAP 235 -datatype 4 1106;
LAYER_DEF diff_bnd 1107;
LAYER_MAP 65 -datatype 4 1107;
LAYER_DEF tap_bnd 1108;
LAYER_MAP 65 -datatype 60 1108;
LAYER_DEF mcon_bnd 1109;
LAYER_MAP 67 -datatype 60 1109;
LAYER_DEF poly_bnd 1110;
LAYER_MAP 66 -datatype 4 1110;
LAYER_DEF via1_bnd 1111;
LAYER_MAP 68 -datatype 60 1111;
LAYER_DEF via2_bnd 1112;
LAYER_MAP 69 -datatype 60 1112;
LAYER_DEF via3_bnd 1113;
LAYER_MAP 70 -datatype 60 1113;
LAYER_DEF via4_bnd 1114;
LAYER_MAP 71 -datatype 60 1114;
LAYER_DEF li1_label 1115;
LAYER_MAP 67 -texttype 5 1115;
LAYER_DEF met1_label 1116;
LAYER_MAP 68 -texttype 5 1116;
LAYER_DEF met2_label 1117;
LAYER_MAP 69 -texttype 5 1117;
LAYER_DEF met3_label 1118;
LAYER_MAP 70 -texttype 5 1118;
LAYER_DEF met4_label 1119;
LAYER_MAP 71 -texttype 5 1119;
LAYER_DEF met5_label 1120;
LAYER_MAP 72 -texttype 5 1120;
LAYER_DEF poly_label 1121;
LAYER_MAP 66 -texttype 5 1121;
LAYER_DEF diff_label 1122;
LAYER_MAP 65 -texttype 6 1122;
LAYER_DEF pwell_in 1123;
LAYER_MAP 64 -datatype 59 1123;
LAYER_DEF pwell_label 1124;
LAYER_MAP 64 -texttype 59 1124;
LAYER_DEF pwelliso_label 1125;
LAYER_MAP 44 -datatype 5 1125;
LAYER_DEF pad_label 1126;
LAYER_MAP 76 -texttype 5 1126;
LAYER_DEF tap_label 1127;
LAYER_MAP 65 -texttype 5 1127;
LAYER_DEF nwell_label 1128;
LAYER_MAP 64 -texttype 5 1128;
LAYER_DEF inductor_label 1129;
LAYER_MAP 82 -texttype 25 1129;
LAYER_DEF text 1130;
LAYER_MAP 83 -texttype 44 1130;
LAYER_DEF li1_net 1131;
LAYER_MAP 67 -texttype 23 1131;
LAYER_DEF met1_net 1132;
LAYER_MAP 68 -texttype 23 1132;
LAYER_DEF met2_net 1133;
LAYER_MAP 69 -texttype 23 1133;
LAYER_DEF met3_net 1134;
LAYER_MAP 70 -texttype 23 1134;
LAYER_DEF met4_net 1135;
LAYER_MAP 71 -texttype 23 1135;
LAYER_DEF met5_net 1136;
LAYER_MAP 72 -texttype 23 1136;
LAYER_DEF poly_net 1137;
LAYER_MAP 66 -texttype 23 1137;
LAYER_DEF diff_net 1138;
LAYER_MAP 65 -texttype 23 1138;
LAYER_DEF li1_pin 1139;
LAYER_MAP 67 -texttype 0 1139;
LAYER_MAP 67 -datatype 16 1139;
LAYER_MAP 67 -texttype 16 1139;
LAYER_DEF met1_pin 1141;
LAYER_MAP 68 -texttype 0 1141;
LAYER_MAP 68 -datatype 16 1141;
LAYER_MAP 68 -texttype 16 1141;
LAYER_DEF met2_pin 1143;
LAYER_MAP 69 -texttype 0 1143;
LAYER_MAP 69 -datatype 16 1143;
LAYER_MAP 69 -texttype 16 1143;
LAYER_DEF met3_pin 1145;
LAYER_MAP 70 -texttype 0 1145;
LAYER_MAP 70 -datatype 16 1145;
LAYER_MAP 70 -texttype 16 1145;
LAYER_DEF met4_pin 1147;
LAYER_MAP 71 -texttype 0 1147;
LAYER_MAP 71 -datatype 16 1147;
LAYER_MAP 71 -texttype 16 1147;
LAYER_DEF met5_pin 1149;
LAYER_MAP 72 -texttype 0 1149;
LAYER_MAP 72 -datatype 16 1149;
LAYER_MAP 72 -texttype 16 1149;
LAYER_DEF poly_pin 1152;
LAYER_MAP 66 -texttype 0 1152;
LAYER_MAP 66 -texttype 16 1152;
LAYER_DEF diff_pin 1153;
LAYER_MAP 65 -texttype 16 1153;
LAYER_DEF nwell_pin 1154;
LAYER_MAP 64 -datatype 16 1154;
LAYER_MAP 64 -texttype 0 1154;
LAYER_DEF pad_pin 1155;
LAYER_MAP 76 -texttype 0 1155;
LAYER_MAP 76 -datatype 16 1155;
LAYER_MAP 76 -texttype 16 1155;
LAYER_DEF pwell_pin 1157;
LAYER_MAP 122 -datatype 16 1157;
LAYER_MAP 122 -texttype 16 1157;
LAYER_MAP 122 -texttype 0 1157;
LAYER_DEF pwelliso 1159;
LAYER_MAP 44 -datatype 16 1159;
LAYER_MAP 44 -texttype 16 1159;
LAYER_DEF diff_cut 1171;
LAYER_MAP 65 -datatype 14 1171;
LAYER_DEF poly_cut 1172;
LAYER_MAP 66 -datatype 14 1172;
LAYER_DEF li1_cut 1173;
LAYER_MAP 67 -datatype 14 1173;
LAYER_DEF met1_cut 1174;
LAYER_MAP 68 -datatype 14 1174;
LAYER_DEF met2_cut 1175;
LAYER_MAP 69 -datatype 14 1175;
LAYER_DEF met3_cut 1176;
LAYER_MAP 70 -datatype 14 1176;
LAYER_DEF met4_cut 1177;
LAYER_MAP 71 -datatype 14 1177;
LAYER_DEF met5_cut 1178;
LAYER_MAP 72 -datatype 14 1178;
LAYER_DEF pwell_cut 1179;
LAYER_MAP 64 -datatype 14 1179;
LAYER_DEF met5_probe 1180;
LAYER_MAP 72 -datatype 25 1180;
LAYER_DEF met4_probe 1181;
LAYER_MAP 71 -datatype 25 1181;
LAYER_DEF met3_probe 1182;
LAYER_MAP 70 -datatype 25 1182;
LAYER_DEF met2_probe 1183;
LAYER_MAP 69 -datatype 25 1183;
LAYER_DEF met1_probe 1184;
LAYER_MAP 68 -datatype 25 1184;
LAYER_DEF li1_probe 1185;
LAYER_MAP 67 -datatype 25 1185;
LAYER_DEF poly_probe 1186;
LAYER_MAP 66 -datatype 25 1186;
LAYER_DEF poly_short 1187;
LAYER_MAP 66 -datatype 15 1187;
LAYER_DEF li1_short 1188;
LAYER_MAP 67 -datatype 15 1188;
LAYER_DEF met1_short 1189;
LAYER_MAP 68 -datatype 15 1189;
LAYER_DEF met2_short 1190;
LAYER_MAP 69 -datatype 15 1190;
LAYER_DEF met3_short 1191;
LAYER_MAP 70 -datatype 15 1191;
LAYER_DEF met4_short 1192;
LAYER_MAP 71 -datatype 15 1192;
LAYER_DEF met5_short 1193;
LAYER_MAP 72 -datatype 15 1193;
LAYER_DEF cncm_mk 1194;
LAYER_MAP 17 -datatype 0 1194;
LAYER_DEF crpm_mk 1195;
LAYER_MAP 96 -datatype 0 1195;
LAYER_DEF cpdm_mk 1196;
LAYER_MAP 37 -datatype 0 1196;
LAYER_DEF cnsm_mk 1197;
LAYER_MAP 22 -datatype 0 1197;
LAYER_DEF m5_mask 1198;
LAYER_MAP 59 -datatype 0 1198;
LAYER_DEF cviam4_mk 1199;
LAYER_MAP 58 -datatype 0 1199;
LAYER_DEF m4_mask 1200;
LAYER_MAP 51 -datatype 0 1200;
LAYER_DEF cviam3_mk 1201;
LAYER_MAP 50 -datatype 0 1201;
LAYER_DEF m3_mask 1202;
LAYER_MAP 34 -datatype 0 1202;
LAYER_DEF cviam2_mk 1203;
LAYER_MAP 44 -datatype 0 1203;
LAYER_DEF m2_mask 1204;
LAYER_MAP 41 -datatype 0 1204;
LAYER_DEF cviam1_mk 1205;
LAYER_MAP 40 -datatype 0 1205;
LAYER_DEF m1_mask 1206;
LAYER_MAP 36 -datatype 0 1206;
LAYER_DEF ctm1_mk 1207;
LAYER_MAP 35 -datatype 0 1207;
LAYER_DEF li_mask 1208;
LAYER_MAP 56 -datatype 0 1208;
LAYER_DEF clicm1_mk 1209;
LAYER_MAP 43 -datatype 0 1209;
LAYER_DEF cpsdm_mk 1210;
LAYER_MAP 32 -datatype 0 1210;
LAYER_DEF cnsdm_mk 1211;
LAYER_MAP 30 -datatype 0 1211;
LAYER_DEF cldntm_mk 1212;
LAYER_MAP 11 -datatype 0 1212;
LAYER_DEF cnpc_mk 1213;
LAYER_MAP 49 -datatype 0 1213;
LAYER_DEF chvntm_mk 1214;
LAYER_MAP 39 -datatype 0 1214;
LAYER_DEF cntm_mk 1215;
LAYER_MAP 27 -datatype 0 1215;
LAYER_DEF poly_mask 1216;
LAYER_MAP 28 -datatype 0 1216;
LAYER_DEF clvom_mk 1217;
LAYER_MAP 46 -datatype 0 1217;
LAYER_DEF conom_mk 1218;
LAYER_MAP 88 -datatype 0 1218;
LAYER_DEF ctunm_mk 1219;
LAYER_MAP 20 -datatype 0 1219;
LAYER_DEF chvtrm_mk 1220;
LAYER_MAP 98 -datatype 0 1220;
LAYER_DEF chvtpm_mk 1221;
LAYER_MAP 97 -datatype 0 1221;
LAYER_DEF clvtnm_mk 1222;
LAYER_MAP 25 -datatype 0 1222;
LAYER_DEF cnwm_mk 1223;
LAYER_MAP 21 -datatype 0 1223;
LAYER_DEF cdnm_mk 1224;
LAYER_MAP 48 -datatype 0 1224;
LAYER_DEF diff_mask 1225;
LAYER_MAP 23 -datatype 0 1225;
LAYER_DEF cfom 1226;
LAYER_MAP 22 -datatype 20 1226;
LAYER_DEF clvtnm 1227;
LAYER_MAP 25 -datatype 44 1227;
LAYER_DEF chvtpm 1228;
LAYER_MAP 88 -datatype 44 1228;
LAYER_DEF conom 1229;
LAYER_MAP 87 -datatype 44 1229;
LAYER_DEF clvom 1230;
LAYER_MAP 45 -datatype 20 1230;
LAYER_DEF cntm 1231;
LAYER_MAP 26 -datatype 20 1231;
LAYER_DEF chvntm 1232;
LAYER_MAP 38 -datatype 20 1232;
LAYER_DEF cnpc 1233;
LAYER_MAP 44 -datatype 20 1233;
LAYER_DEF cnsdm 1234;
LAYER_MAP 29 -datatype 20 1234;
LAYER_DEF cpsdm 1235;
LAYER_MAP 31 -datatype 20 1235;
LAYER_DEF cli1m 1236;
LAYER_MAP 115 -datatype 44 1236;
LAYER_DEF cviam3 1237;
LAYER_MAP 112 -datatype 20 1237;
LAYER_DEF cviam4 1238;
LAYER_MAP 117 -datatype 20 1238;
LAYER_DEF cncm 1239;
LAYER_MAP 96 -datatype 44 1239;
LAYER_DEF cntm_mk_add 1240;
LAYER_MAP 26 -datatype 21 1240;
LAYER_DEF clvtnm_mk_add 1241;
LAYER_MAP 25 -datatype 43 1241;
LAYER_DEF chvtpm_mk_add 1242;
LAYER_MAP 97 -datatype 43 1242;
LAYER_DEF li_mask_add 1243;
LAYER_MAP 115 -datatype 43 1243;
LAYER_DEF clicm1_mk_add 1244;
LAYER_MAP 106 -datatype 43 1244;
LAYER_DEF cpsdm_mk_add 1245;
LAYER_MAP 31 -datatype 21 1245;
LAYER_DEF cnsdm_mk_add 1246;
LAYER_MAP 29 -datatype 21 1246;
LAYER_DEF poly_mask_add 1247;
LAYER_MAP 33 -datatype 43 1247;
LAYER_DEF diff_mask_add 1248;
LAYER_MAP 22 -datatype 21 1248;
LAYER_DEF cntm_mk_drop 1249;
LAYER_MAP 26 -datatype 22 1249;
LAYER_DEF clvtnm_mk_drop 1250;
LAYER_MAP 25 -datatype 42 1250;
LAYER_DEF chvtpm_mk_drop 1251;
LAYER_MAP 97 -datatype 42 1251;
LAYER_DEF li_mask_drop 1252;
LAYER_MAP 115 -datatype 42 1252;
LAYER_DEF clicm1_mk_drop 1253;
LAYER_MAP 106 -datatype 42 1253;
LAYER_DEF cpsdm_mk_drop 1254;
LAYER_MAP 31 -datatype 22 1254;
LAYER_DEF cnsdm_mk_drop 1255;
LAYER_MAP 29 -datatype 22 1255;
LAYER_DEF poly_mask_drop 1256;
LAYER_MAP 33 -datatype 42 1256;
LAYER_DEF diff_mask_drop 1257;
LAYER_MAP 22 -datatype 22 1257;
LAYER_DEF cfom_waffle_drop 1258;
LAYER_MAP 22 -datatype 24 1258;
LAYER_DEF cp1m_waffle_drop 1259;
LAYER_MAP 33 -datatype 24 1259;
LAYER_DEF cmm1_waffle_drop 1260;
LAYER_MAP 62 -datatype 24 1260;
LAYER_DEF cmm2_waffle_drop 1261;
LAYER_MAP 105 -datatype 52 1261;
LAYER_DEF cmm3_waffle_drop 1262;
LAYER_MAP 107 -datatype 24 1262;
LAYER_DEF cmm4_waffle_drop 1263;
LAYER_MAP 112 -datatype 4 1263;
LAYER_DEF cmm5_waffle_drop 1264;
LAYER_MAP 117 -datatype 4 1264;
LAYER_DEF met1_res 1291;
LAYER_MAP 68 -datatype 13 1291;
LAYER_DEF met2_res 1292;
LAYER_MAP 69 -datatype 13 1292;
LAYER_DEF met3_res 1293;
LAYER_MAP 70 -datatype 13 1293;
LAYER_DEF met4_res 1294;
LAYER_MAP 71 -datatype 13 1294;
LAYER_DEF met5_res 1295;
LAYER_MAP 72 -datatype 13 1295;
LAYER_DEF diff_fill 1286;
LAYER_MAP 65 -datatype 99 1286;
LAYER_DEF poly_fill 1287;
LAYER_MAP 66 -datatype 99 1287;
LAYER_DEF li_fill 1288;
LAYER_MAP 67 -datatype 99 1288;
LAYER_DEF m1_fill 1281;
LAYER_MAP 68 -datatype 99 1281;
LAYER_DEF m2_fill 1282;
LAYER_MAP 69 -datatype 99 1282;
LAYER_DEF m3_fill 1283;
LAYER_MAP 70 -datatype 99 1283;
LAYER_DEF m4_fill 1284;
LAYER_MAP 71 -datatype 99 1284;
LAYER_DEF m5_fill 1285;
LAYER_MAP 72 -datatype 99 1285;
LAYER_DEF diff_fillblock 1296;
LAYER_MAP 65 -datatype 98 1296;
LAYER_DEF poly_fillblock 1297;
LAYER_MAP 66 -datatype 98 1297;
LAYER_DEF li_fillblock 1298;
LAYER_MAP 67 -datatype 98 1298;
LAYER_DEF m1_fillblock 1291;
LAYER_MAP 68 -datatype 98 1291;
LAYER_DEF m2_fillblock 1292;
LAYER_MAP 69 -datatype 98 1292;
LAYER_DEF m3_fillblock 1293;
LAYER_MAP 70 -datatype 98 1293;
LAYER_DEF m4_fillblock 1294;
LAYER_MAP 71 -datatype 98 1294;
LAYER_DEF m5_fillblock 1295;
LAYER_MAP 72 -datatype 98 1295;
OR diff_dg diff_fill diff_all;
OR poly_dg poly_fill poly;
OR li_dg li_fill li1;
OR m1_dg m1_fill met1;
OR m2_dg m2_fill met2;
OR m3_dg m3_fill met3;
OR m4_dg m4_fill met4;
OR m5_dg m5_fill met5;
LAYER_DEF rdl 1270;
LAYER_MAP 74 -datatype 20 1270;
LAYER_DEF rdl_text 1271;
LAYER_MAP 74 -texttype 20 1271;
LAYER_DEF rdl_block 1272;
LAYER_MAP 74 -datatype 10 1272;
LAYER_DEF rdl_label 1273;
LAYER_MAP 74 -texttype 5 1273;
LAYER_DEF rdl_pin 1274;
LAYER_MAP 74 -texttype 0 1274;
LAYER_MAP 74 -datatype 16 1274;
LAYER_MAP 74 -texttype 16 1274;
LAYER_DEF rdl_cut 1275;
LAYER_MAP 74 -datatype 14 1275;
LAYER_DEF rdl_probe 1276;
LAYER_MAP 74 -datatype 25 1276;
LAYER_DEF rdl_short 1277;
LAYER_MAP 74 -datatype 15 1277;
SELECT -outside pad areaid.ft -outputlayer bondPad;
AND capm met2 -outputlayer bottom_plate_pvsTmp1;
SIZE bottom_plate_pvsTmp1 -by 3 -outputlayer bottom_plate;
SELECT -enclose capm via2 -gt 1 -outputlayer capacitor;
SELECT -cut -not capm via2 -outputlayer dummy_capacitor;
SELECT -label "poly" -textname "dummy_poly" -textlayer text -outputlayer dummy_poly;
HOLES SEALID -outputlayer Chip_extent_pvsTmp1;
OR Chip_extent_pvsTmp1 SEALID -outputlayer Chip_extent;
OR diff_mask poly_mask m1_mask m2_mask -outputlayer Diecut_pmm_pvsTmp1;
NOT areaid.dt Diecut_pmm_pvsTmp1 -outputlayer Diecut_pmm;
WITH_WIDTH met1 -gt 3 -outputlayer huge_met1;
WITH_WIDTH met2 -gt 3 -outputlayer huge_met2;
WITH_WIDTH met3 -gt 3 -outputlayer huge_met3;
WITH_WIDTH met4 -gt 3 -outputlayer huge_met4;
WITH_WIDTH met5 -gt 3 -outputlayer huge_met5;
WITH_WIDTH pad -gt 100 -outputlayer hugePad;
EXTENT_DRAWN -original -outputlayer ALL;
NOT ALL SEALID -outputlayer ALL_not_sealid;
SELECT -cut -not ALL SEALID -outputlayer ALL_outside_sealid;
HOLES SEALID -inner -empty -outputlayer sealid_hole;
OR sealid_hole ALL_outside_sealid -outputlayer fill_area;
OR nwell localSub _EPTMPL262173;
NOT Chip_extent _EPTMPL262173 -outputlayer pwell;
SELECT -touch ptap pwell_res -outputlayer pwell_terminal;
AND pwell dnwell -outputlayer iso_pwell;
AND poly diff -outputlayer gate_a;
SELECT -donut -not gate_a -outputlayer gate;
NOT gate nwell -outputlayer nfet;
AND gate nwell -outputlayer pfet;
SELECT -inside gate lvtn -outputlayer LVTN_Gate;
OR diff_dg tap_dg diff_in;
AND diff_in nsdm diff_and_nsdm;
AND diff_in psdm diff_and_psdm;
NOT diff_and_nsdm nwell ndiff;
AND diff_and_psdm nwell pdiff;
AND diff_and_nsdm nwell _EPTMPL262187;
NOT _EPTMPL262187 poly ntap;
NOT diff_and_psdm nwell _EPTMPL262189;
NOT poly npn _EPTMPL262190;
NOT _EPTMPL262189 _EPTMPL262190 ptap;
OR ntap ptap tap;
NOT diff_in tap diff;
NOT diff_and_nsdm diff_res _EPTMPL262194;
NOT _EPTMPL262194 poly _EPTMPL262195;
NOT _EPTMPL262195 ntap nsd;
NOT diff_and_psdm diff_res _EPTMPL262197;
NOT _EPTMPL262197 poly _EPTMPL262198;
NOT _EPTMPL262198 ptap psd;
AND diff hvi -outputlayer hdiff;
AND tap licon -outputlayer tap_licon;
NOT tap poly -outputlayer tap_notPoly;
SELECT -inside tap nwell -outputlayer tap_nwell;
NOT nwell hvi -outputlayer Var_channel_pvsTmp1;
AND poly tap -outputlayer Var_channel_pvsTmp2;
AND Var_channel_pvsTmp2 Var_channel_pvsTmp1 -outputlayer Var_channel_pvsTmp3;
NOT Var_channel_pvsTmp3 areaid.ce -outputlayer Var_channel;
SELECT -cut tap Var_channel -outputlayer VaracTap;
SELECT -enclose met4 met4_fuse -outputlayer fuse;
NOT fuse met4_fuse -outputlayer fuse_contact;
SELECT -enclose -not met4 via3 -outputlayer fuse_shield_a;
SELECT -enclose -not fuse_shield_a via4 fuse_shield_b;
RECT_CHK fuse_shield_b -eq 0.5 -by -eq 2.4 -outputlayer fuse_shield;
OR rpm urpm -outputlayer rpm_urpm;
AND rpm_urpm psdm _EPTMPL262215;
AND poly_res _EPTMPL262215 _EPTMPL262216;
AND poly _EPTMPL262216 -outputlayer prec_resistor;
SELECT -enclose poly prec_resistor -outputlayer poly_prec_resistor;
AND nwell hvi -outputlayer nhvi;
SELECT -inside nwell areaid.hl -outputlayer nhl;
OR nhvi nhl -outputlayer hv_nwell;
AND tap hvi -outputlayer htap;
SELECT -inside poly vhvi -outputlayer VHVPoly;
AND VHVPoly diff -outputlayer VHVGate;
AND diff tap -outputlayer dtap;
AND dtap vhvi -outputlayer dhvi;
NOT dhvi poly -outputlayer dpoly;
NOT dpoly diff_res -outputlayer VHVSourceDrain;
SELECT -donut SEALID -outputlayer sealring_donut;
SELECT -donut diff -outputlayer sealring_diff;
SELECT -donut nsm -outputlayer sealring_nsm;
SELECT -enclose sealring_donut sealring_diff _EPTMPL262232;
SELECT -enclose sealring_donut sealring_nsm _EPTMPL262233;
SELECT -enclose _EPTMPL262232 _EPTMPL262233 -outputlayer sealring;
CONNECT nwell dnwell;
CONNECT ntap nwell;
CONNECT ptap pwell;
CONNECT li1 nsd -by licon;
CONNECT li1 psd -by licon;
CONNECT li1 ntap -by licon;
CONNECT li1 ptap -by licon;
CONNECT li1 poly -by licon;
CONNECT met1 li1 -by mcon;
CONNECT met2 met1 -by via1;
CONNECT met3 met2 -by via2;
CONNECT met4 met3 -by via3;
CONNECT met5 met4 -by via4;

RULE x.1b {
    CAPTION "Data for SKY130 layout and mask on all layers;
    CAPTION "except those mentioned in 1a must be on a grid;
    CAPTION "of 0.005 um (except inside Seal ring)";
    CAPTION "	NOTE: Seal ring not currently excluded";
    OFFGRID nwell 5;
    OFFGRID diff 5;
    OFFGRID dnwell 5;
    OFFGRID lvtn 5;
    OFFGRID hvtp 5;
    OFFGRID hvi 5;
    OFFGRID vhvi 5;
    OFFGRID uhvi 5;
    OFFGRID tunm 5;
    OFFGRID poly 5;
    OFFGRID npc 5 f;
    OFFGRID nsdm 5;
    OFFGRID psdm 5;
    OFFGRID licon 5;
    OFFGRID li1 5;
    OFFGRID mcon 5;
    OFFGRID met1 5;
    OFFGRID via1 5;
    OFFGRID met2 5;
    OFFGRID via2 5;
    OFFGRID met3 5;
    OFFGRID via3 5;
    OFFGRID met4 5;
    OFFGRID via4 5;
    OFFGRID met5 5;
    OFFGRID nsm 5;
    OFFGRID pad 5;
    OFFGRID hvntm 5;
    OFFGRID pnp 5;
    OFFGRID capacitor 5;
    OFFGRID ncm 5;
    OFFGRID inductor 5;
    OFFGRID rpm 5;
    OFFGRID hvtr 5;
}
RECT_CHK -not nwell -orthogonal_only nwell_not_rect;
RECT_CHK -not diff -orthogonal_only diff_not_rect;
RECT_CHK -not dnwell -orthogonal_only dnwell_not_rect;
RECT_CHK -not lvtn -orthogonal_only lvtn_not_rect;
RECT_CHK -not hvtp -orthogonal_only hvtp_not_rect;
RECT_CHK -not hvi -orthogonal_only hvi_not_rect;
RECT_CHK -not vhvi -orthogonal_only vhvi_not_rect;
RECT_CHK -not uhvi -orthogonal_only uhvi_not_rect;
RECT_CHK -not tunm -orthogonal_only tunm_not_rect;
RECT_CHK -not poly -orthogonal_only poly_not_rect;
RECT_CHK -not npc -orthogonal_only npc_not_rect;
RECT_CHK -not nsdm -orthogonal_only nsdm_not_rect;
RECT_CHK -not psdm -orthogonal_only psdm_not_rect;
RECT_CHK -not licon -orthogonal_only licon_not_rect;
RECT_CHK -not li1 -orthogonal_only li1_not_rect;
RECT_CHK -not mcon -orthogonal_only mcon_not_rect;
RECT_CHK -not met1 -orthogonal_only met1_not_rect;
RECT_CHK -not via1 -orthogonal_only via1_not_rect;
RECT_CHK -not met2 -orthogonal_only met2_not_rect;
RECT_CHK -not via2 -orthogonal_only via2_not_rect;
RECT_CHK -not met3 -orthogonal_only met3_not_rect;
RECT_CHK -not via3 -orthogonal_only via3_not_rect;
RECT_CHK -not met4 -orthogonal_only met4_not_rect;
RECT_CHK -not via4 -orthogonal_only via4_not_rect;
RECT_CHK -not met5 -orthogonal_only met5_not_rect;
RECT_CHK -not nsm -orthogonal_only nsm_not_rect;
RECT_CHK -not pad -orthogonal_only pad_not_rect;
RECT_CHK -not hvntm -orthogonal_only hvntm_not_rect;
RECT_CHK -not pnp -orthogonal_only pnp_not_rect;
RECT_CHK -not ncm -orthogonal_only ncm_not_rect;
RECT_CHK -not hvtr -orthogonal_only hvtr_not_rect;
RECT_CHK -not capacitor -orthogonal_only capacitor_not_rect;
RECT_CHK -not inductor -orthogonal_only inductor_not_rect;

RULE CDR.x.2.licon {
    CAPTION "CDR: licon shapes must be rectangles";
    COPY licon_not_rect;
}

RULE CDR.x.2.mcon {
    CAPTION "CDR: mcon shapes must be rectangles";
    COPY mcon_not_rect;
}

RULE CDR.x.2.via1 {
    CAPTION "CDR: via1 shapes must be rectangles";
    COPY via1_not_rect;
}

RULE CDR.x.2.via2 {
    CAPTION "CDR: via2 shapes must be rectangles";
    COPY via2_not_rect;
}

RULE CDR.x.2.via3 {
    CAPTION "CDR: via3 shapes must be rectangles";
    COPY via3_not_rect;
}

RULE CDR.x.2.via4 {
    CAPTION "CDR: via4 shapes must be rectangles";
    COPY via4_not_rect;
}

RULE x.3.nwell {
    CAPTION "nwell has non-45 degree edge ";
    ANGLE nwell_not_rect -ne 45 _EPTMPL262321;
    ANGLE x.3.nwell:_EPTMPL262321 -ltgt 0 90;
}

RULE x.3.dnwell {
    CAPTION "dnwell has non-45 degree edge ";
    ANGLE dnwell_not_rect -ne 45 _EPTMPL262323;
    ANGLE x.3.dnwell:_EPTMPL262323 -ltgt 0 90;
}

RULE x.3.hvtp {
    CAPTION "hvtp has non-45 degree edge ";
    ANGLE hvtp_not_rect -ne 45 _EPTMPL262325;
    ANGLE x.3.hvtp:_EPTMPL262325 -ltgt 0 90;
}

RULE x.3.diff {
    CAPTION "diff has non-45 degree edge ";
    ANGLE diff_not_rect -ne 45 _EPTMPL262327;
    ANGLE x.3.diff:_EPTMPL262327 -ltgt 0 90;
}

RULE x.3.tunm {
    CAPTION "tunm has non-45 degree edge ";
    ANGLE tunm_not_rect -ne 45 _EPTMPL262329;
    ANGLE x.3.tunm:_EPTMPL262329 -ltgt 0 90;
}

RULE x.3.poly {
    CAPTION "poly has non-45 degree edge ";
    ANGLE poly_not_rect -ne 45 _EPTMPL262331;
    ANGLE x.3.poly:_EPTMPL262331 -ltgt 0 90;
}

RULE x.3.npc {
    CAPTION "npc has non-45 degree edge ";
    ANGLE npc_not_rect -ne 45 _EPTMPL262333;
    ANGLE x.3.npc:_EPTMPL262333 -ltgt 0 90;
}

RULE x.3.nsdm {
    CAPTION "nsdm has non-45 degree edge ";
    ANGLE nsdm_not_rect -ne 45 _EPTMPL262335;
    ANGLE x.3.nsdm:_EPTMPL262335 -ltgt 0 90;
}

RULE x.3.psdm {
    CAPTION "Angles permitted on all other layers except WLCSP layers: 45";
    CAPTION "psdm has non-45 degree edge ";
    ANGLE psdm_not_rect -ne 45 _EPTMPL262337;
    ANGLE x.3.psdm:_EPTMPL262337 -ltgt 0 90;
}

RULE x.3.li1 {
    CAPTION "li has non-45 degree edge ";
    ANGLE li1_not_rect -ne 45 _EPTMPL262339;
    ANGLE x.3.li1:_EPTMPL262339 -ltgt 0 90;
}

RULE x.3.m1 {
    CAPTION "met1 has non-45 degree edge ";
    ANGLE met1_not_rect -ne 45 _EPTMPL262341;
    ANGLE x.3.m1:_EPTMPL262341 -ltgt 0 90;
}

RULE x.3.m2 {
    CAPTION "met2 has non-45 degree edge ";
    ANGLE met2_not_rect -ne 45 _EPTMPL262343;
    ANGLE x.3.m2:_EPTMPL262343 -ltgt 0 90;
}

RULE x.3.m3 {
    CAPTION "met3 has non-45 degree edge ";
    ANGLE met3_not_rect -ne 45 _EPTMPL262345;
    ANGLE x.3.m3:_EPTMPL262345 -ltgt 0 90;
}

RULE x.3.m4 {
    CAPTION "met4 has non-45 degree edge ";
    ANGLE met4_not_rect -ne 45 _EPTMPL262347;
    ANGLE x.3.m4:_EPTMPL262347 -ltgt 0 90;
}

RULE x.3.m5 {
    CAPTION "met5 has non-45 degree edge ";
    ANGLE met5_not_rect -ne 45 _EPTMPL262349;
    ANGLE x.3.m5:_EPTMPL262349 -ltgt 0 90;
}

RULE x.3.nsm {
    CAPTION "nsm has non-45 degree edge ";
    ANGLE nsm_not_rect -ne 45 _EPTMPL262351;
    ANGLE x.3.nsm:_EPTMPL262351 -ltgt 0 90;
}

RULE x.3.pad {
    CAPTION "Angles permitted on all other layers except WLCSP layers: 45";
    CAPTION "pad has non-45 degree edge ";
    ANGLE pad_not_rect -ne 45 _EPTMPL262353;
    ANGLE x.3.pad:_EPTMPL262353 -ltgt 0 90;
}

RULE x.3.hvntm {
    CAPTION "hvntm has non-45 degree edge ";
    ANGLE hvntm_not_rect -ne 45 _EPTMPL262355;
    ANGLE x.3.hvntm:_EPTMPL262355 -ltgt 0 90;
}

RULE x.3.capacitor {
    CAPTION "capacitor has non-45 degree edge ";
    ANGLE capacitor_not_rect -ne 45 _EPTMPL262357;
    ANGLE x.3.capacitor:_EPTMPL262357 -ltgt 0 90;
}

RULE x.3.ncm {
    CAPTION "ncm has non-45 degree edge ";
    ANGLE ncm_not_rect -ne 45 _EPTMPL262359;
    ANGLE x.3.ncm:_EPTMPL262359 -ltgt 0 90;
}

RULE x.3.inductor {
    CAPTION "inductor has non-45 degree edge ";
    ANGLE inductor_not_rect -ne 45 _EPTMPL262361;
    ANGLE x.3.inductor:_EPTMPL262361 -ltgt 0 90;
}

RULE x.3.hvtr {
    CAPTION "hvtr has non-45 degree edge ";
    ANGLE hvtr_not_rect -ne 45 _EPTMPL262363;
    ANGLE x.3.hvtr:_EPTMPL262363 -ltgt 0 90;
}

RULE x.5.nwell {
    CAPTION 'All "pin" polygons must be within the 'drawing' polygons of the layer - nwell';
    NOT nwell_pin nwell;
}

RULE x.5.diff {
    CAPTION 'All "pin" polygons must be within the 'drawing' polygons of the layer - diff';
    NOT diff_pin diff_dg;
}

RULE x.5.poly {
    CAPTION 'All "pin" polygons must be within the 'drawing' polygons of the layer - poly';
    NOT poly_pin poly_dg;
}

RULE x.5.li {
    CAPTION 'All "pin" polygons must be within the 'drawing' polygons of the layer - LI';
    NOT li1_pin li_dg;
}

RULE x.5.m1 {
    CAPTION 'All "pin" polygons must be within the 'drawing' polygons of the layer - met1';
    NOT met1_pin m1_dg;
}

RULE x.5.m2 {
    CAPTION 'All "pin" polygons must be within the 'drawing' polygons of the layer - met2';
    NOT met2_pin m2_dg;
}

RULE x.5.m3 {
    CAPTION 'All "pin" polygons must be within the 'drawing' polygons of the layer - met3';
    NOT met3_pin m3_dg;
}

RULE x.5.m4 {
    CAPTION 'All "pin" polygons must be within the 'drawing' polygons of the layer - met4';
    NOT met4_pin m4_dg;
}

RULE x.5.m5 {
    CAPTION 'All "pin" polygons must be within the 'drawing' polygons of the layer - met5';
    NOT met5_pin m5_dg;
}

RULE x.5.pad {
    CAPTION 'All "pin" polygons must be within the 'drawing' polygons of the layer - pad';
    NOT pad_pin pad;
}

RULE x.10.diff {
    CAPTION "res purpose layer for diff cannot overlap licon";
    AND diff_res licon;
}

RULE x.10.poly {
    CAPTION "res purpose layer for poly cannot overlap licon";
    AND poly_res licon;
}
LAYER_DEF quadrant1 9991;
LAYER_DEF quadrant2 9992;
LAYER_DEF quadrant3 9993;
LAYER_DEF quadrant4 9994;
CREATE_POLYGON 0 0 0.005 0.005 "quadrant1";
CREATE_POLYGON -0.005 0 0 0.005 "quadrant2";
CREATE_POLYGON -0.005 -0.005 0 0 "quadrant3";
CREATE_POLYGON 0 -0.005 0.005 0 "quadrant4";
EXTENT -layer SEALID -outputlayer SEALID_extent;
SELECT -enclose SEALID_extent quadrant1 -outputlayer SEALID_quadrant1;
SELECT -touch SEALID_quadrant1 quadrant2 -outputlayer SEALID_quadrant12;
SELECT -outside SEALID_quadrant12 quadrant3 -outputlayer SEALID_quadrant123;
SELECT -touch SEALID_quadrant123 quadrant4 -outputlayer SEALID_quadrant1234;

RULE x.19 {
    CAPTION "Lower left corner of the Seal Ring should be at origin (0,0)";
    NOT SEALID_extent SEALID_quadrant1234;
}

RULE x.23c.poly {
    CAPTION "areaid:seal (Seal Ring) must not overlap poly";
    AND SEALID poly;
}

RULE x.23c.li1 {
    CAPTION "areaid:seal (Seal Ring) must not overlap li1";
    AND SEALID li1;
}

RULE x.23c.m1 {
    CAPTION "areaid:seal (Seal Ring) must not overlap met1";
    AND SEALID met1;
}

RULE x.23c.m2 {
    CAPTION "areaid:seal (Seal Ring) must not overlap met2";
    AND SEALID met2;
}

RULE x.23c.m3 {
    CAPTION "areaid:seal (Seal Ring) must not overlap met3";
    AND SEALID met3;
}

RULE x.23c.m4 {
    CAPTION "areaid:seal (Seal Ring) must not overlap met4";
    AND SEALID met4;
}

RULE x.23c.m5 {
    CAPTION "areaid:seal (Seal Ring) must not overlap met5";
    AND SEALID met5;
}

RULE CDRW.x.8 {
    CAPTION "CDRW: WARNING: Use of areaid.ce layer (memory core ID layer) must be approved by SkyWater Technology";
    CAPTION "CDRW: WARNING: Some rules apply only to areas outside of areid.ce and a core rule may not exist ";
    EXTENT_DRAWN areaid.ce;
}

RULE CDRW.x.fuse {
    CAPTION "CDRW: WARNING: The met4 fuse layer (GDS 71:17) is no longer supported";
    COPY met4_fuse;
}

RULE x.moduleCut {
    CAPTION "WARNING: Use of areaid.mt (moduleCut) layer (GDS 81:10) is for SkyWater Technology only";
    EXTENT_DRAWN areaid.mt;
}

RULE CDRW.x.photo {
    CAPTION "CDRW: WARNING: Use of areaid:photo layer (GDS 81:81) is prohibited";
    COPY areaid.po;
}

RULE x.prBndry {
    CAPTION "WARNING: Use of prBoundary layer (GDS 235:4) is prohibited";
    COPY prBndry;
}

RULE x.pwell {
    CAPTION "WARNING: pwell must connect by ptap at least once";
    SELECT -enclose -not pwell ptap;
    SELECT -enclose -not localSub ptap;
}

RULE CDRW.x.RDL {
    CAPTION "CDRW: WARNING: Use of the RDL layer (GDS 74:20) is prohibited";
    COPY target;
}

RULE CDRW.x.target {
    CAPTION "CDRW: WARNING: Use of the fuse target layer (GDS 76:44) is prohibited";
    COPY target;
}

RULE CDRW.x.tunm {
    CAPTION "CDRW: WARNING: Use of the tunm layer (GDS 80:20) is prohibited";
    COPY tunm;
}

RULE CDRW.dnwell.2 {
    CAPTION "CDRW: Min width of deep nwell: 3. um";
    INTE dnwell -lt 3 -output region;
}
SELECT -outside dnwell uhvi -outputlayer dnwell_lvi;
STAMP dnwell_lvi dnwell dnwell_lv;
AND dnwell uhvi -outputlayer dnwell_uhvi;

RULE CDRW.dnwell.3 {
    CAPTION "CDRW: Min spacing/notch between deep nwell (rule exempt inside UHVI): 6.3 um";
    EXTE dnwell_lv -lt 6.3 -abut -lt 90 -single_point -output region;
}

RULE dnwell.3a {
    CAPTION "Min spacing of dwnell in v20 on same net: 2.5";
    EXTE dnwell_uhvi -lt 12 -abut -lt 90 -single_point -output region -connected;
}

RULE dnwell.3d {
    CAPTION "Min spacing of dwnell in v20 not on same net: 12.0";
    EXTE dnwell_uhvi -lt 12 -abut -lt 90 -single_point -output region -not_connected;
}

RULE dnwell.3b {
    CAPTION "Min spacing of dnwell in uhvi to dnwell outside uhvi: 12.0";
    EXTE dnwell_uhvi dnwell_lv -lt 12 -abut -lt 90 -single_point -output region -exclude_false_notch;
Warning: EXTE: Skip -exclude_false_notch option at line 33 in file /home/aed/libs/Sky130_cadance_pdk/sky130_release_0.1.0/Sky130_DRC/Include/dnwell.drc.pvl
}

RULE dnwell.3c {
    CAPTION "Min spacing of dnwell in v20 to nwell outside v20: 9.5";
    EXTE dnwell_uhvi dnwell_lv -lt 9.5 -abut -lt 90 -single_point -output region;
}

RULE dnwell.4 {
    CAPTION "Dnwell can not overlap pnp";
    AND dnwell pnp;
}

RULE dnwell.5 {
    CAPTION P+ Diff can not straddle dnwell";
    SELECT -cut pdiff dnwell;
}

RULE dnwell.7 {
    CAPTION "Dnwell can not straddle areaid:substratecut";
    SELECT -cut dnwell localSub;
}

RULE nwell.1 {
    CAPTION "Width of nwell: 0.84 um";
    INTE nwell -lt 0.84 -output region;
}

RULE CDR.nwell.2a.lv {
    CAPTION "CDR: Min space/notch between two LV n-wells: 1.27 um";
    CAPTION "  Manual merge wells if less than minimum ";
    EXTE nwell_lv -lt 1.27 -notch also -single_point -output region;
}

RULE nwell.2a.lv_hv {
    CAPTION "Min space of LV_nwell to HV_nwell: 1.27";
    EXTE nwell_lv nwell_hv -lt 1.27 -abut -lt 90 -single_point -output region;
}

RULE nwell.2a.lv_vhv {
    CAPTION "Min space of LV_nwell to VHV_nwell: 2.0";
    EXTE nwell_lv nwell_vhv -lt 2 -abut -lt 90 -single_point -output region;
}

RULE nwell.2a.lv_uhv {
    CAPTION "Min space of LV_nwell to UHV_nwell: 2.5";
    EXTE nwell_lv nwell_uhv -lt 2.5 -abut -lt 90 -single_point -output region;
}

RULE nwell.4 {
    CAPTION "All n-wells will contain metal-contacted tap";
    CAPTION "(rule checks only for licon on tap).";
    CAPTION "Rule exempted from high voltage cells inside UHVI";
    CAPTION "NOTE: exceptions have NOT been considered, there may be false errors";
    SELECT -enclose -not nwell tap_licon;
}

RULE nwell.5 {
    CAPTION "Deep nwell must be enclosed by nwell by atleast: 0.40 um";
    CAPTION "Exempted inside UHVI (layer v20) or areaid.lw";
    CAPTION "Nwells can merge over deep nwell if spacing too small";
    CAPTION "NOTE: exceptions have NOT been considered, there may be false errors";
    INSIDE_CELL -not "nwell" "*_tech_CD_top" -outputlayer "nwell.5_notCD";
    NOT dnwell uhvi -outputlayer dnwell.5;
    ENC dnwell.5 nwell.5_notCD -lt 0.4 -output region;
}

RULE nwell.6 {
    CAPTION "Min enclosure of nwell hole by deep nwell outside UHVI: 1.03 um";
    CAPTION "shapes in cell "*_tech_CD_top" exempted";
    INSIDE_CELL -not "nwell" "*_tech_CD_top" -outputlayer "nwell.6_a";
    SELECT -outside nwell.6_a uhvi -outputlayer nwell.6_b;
    HOLES nwell.6_b -outputlayer nwell.6_c;
    ENC nwell.6_c dnwell -lt 1.03 -output region;
}

RULE nwell.ntap {
    CAPTION "nwell must have at least one ntap";
    SELECT -enclose -not nwell ntap;
}

RULE hvtp.1 {
    CAPTION "CDR: Min width of hvtp: 0.38 um";
    INTE hvtp -lt 0.38 -single_point -output region;
}

RULE hvtp.2 {
    CAPTION "CDR: Min spacing of hvtp to hvtp: 0.38 um";
    EXTE hvtp -lt 0.38 -single_point -output region;
}

RULE hvtp.3 {
    CAPTION "Min enclosure of pfet outside of areaid.ce by hvtp: 0.18 um";
    SELECT -outside pfet areaid.ce _EPTMPL262428;
    ENC hvtp.3:_EPTMPL262428 hvtp -lt 0.18 -output region;
}

RULE hvtp.4 {
    CAPTION "Min spacing between pfet and hvtp: 0.18 um";
    EXTE pfet hvtp -lt 0.18 -single_point -output region;
}

RULE hvtp.5 {
    CAPTION "Min area of hvtp: 0.265 sq um";
    AREA hvtp -lt 0.265;
}

RULE hvtp.6 {
    CAPTION "Min area of hvtp holes: 0.265 sq um";
    HOLES hvtp -outputlayer hvtp.6_a;
    AREA hvtp.6_a -lt 0.265;
}

RULE hvtr.1 {
    CAPTION "CDR: Min width of hvtr: 0.38 um";
    INTE hvtr -lt 0.38 -single_point -output region;
}

RULE hvtr.2 {
    CAPTION "CDR: Min spacing of hvtp to hvtr: 0.38 um";
    EXTE hvtp hvtr -lt 0.38 -single_point -output region;
}

RULE hvtr.3 {
    CAPTION "Min enclosure of pfet by hvtr: 0.18 um";
    ENC pfet hvtr -lt 0.18 -output region;
}

RULE CDR.lvtn.1a {
    CAPTION "CDR: Min width of lvtn: 0.38 um";
    INTE lvtn -lt 0.38 -single_point -output region;
}

RULE CDR.lvtn.2 {
    CAPTION "CDR: Min spacing lvtn to lvtn: 0.38 um";
    EXTE lvtn -lt 0.38 -single_point -output region;
}

RULE lvtn.3a {
    CAPTION "Min spacing of lvtn to gate. Rule exempted inside UHVI: 0.18 um";
    NOT lvtn uhvi -outputlayer lvtn.3a_exempt;
    EXTE lvtn.3a_exempt -lt 0.18 -single_point -output region;
}

RULE lvtn.3b {
    CAPTION "Min spacing of lvtn to pfet along the S/D direction: 0.19 um";
    EDGE_BOOLEAN -coincident_only -outside gate pdiff -outputlayer lvtn.3b_a;
    EXTE lvtn lvtn.3b_a -lt 0.19 -single_point -output region;
}

RULE lvtn.4b {
    CAPTION "Min enclosure of gate by lvtn. Rule exempted inside UHVI: 0.18 um";
    NOT lvtn uhvi -outputlayer lvtn.3a_exempt;
    ENC gate lvtn -lt 0.18 -abut -lt 90 -output region;
}

RULE lvtn.9 {
    CAPTION "Min spacing, no overlap, between lvtn and hvtp: 0.38 um";
    EXTE lvtn hvtp -lt 0.38 -overlap -single_point -output region;
}

RULE lvtn.10 {
    CAPTION "Min enclosure of lvtn by (nwell not overlapping Var_channel) (exclude coincident edges): 0.38 um";
    SELECT -cut -not nwell Var_channel -outputlayer lvtn.10_a;
    ENC lvtn lvtn.10_a -lt 0.38 -output region;
}

RULE lvtn.12 {
    CAPTION "Min spacing between lvtn and (nwell inside areaid.ce): 0.38 um";
    SELECT -inside nwell areaid.ce -outputlayer lvtn.12_a;
    EXTE lvtn lvtn.12_a -lt 0.38 -single_point -output region;
}

RULE lvtn.13 {
    CAPTION "Min area of lvtn: 0.265 sq um";
    AREA lvtn -lt 0.265;
}

RULE lvtn.14 {
    CAPTION "Min area of lvtn holes: 0.265 sq um";
    HOLES lvtn -outputlayer lvtn.14_a;
    AREA lvtn.14_a -lt 0.265;
}

RULE CDR.lvtn.15 {
    CAPTION "CDR: lvtn cannot straddle nwell";
    SELECT -cut lvtn nwell;
}

RULE CDR.ncm.1 {
    CAPTION "CDR: Min width of ncm: 0.38 um";
    INTE ncm -lt 0.38 -single_point -output region;
}

RULE CDR.ncm.2 {
    CAPTION "CDR: Min spacing of ncm: 0.38 um";
    CAPTION "Manual merge ncm if space is below minimum";
    EXTE ncm -lt 0.38 -single_point -output region;
}

RULE ncm.3 {
    CAPTION "Min enclosure of P+diff by Ncm: 0.18 um";
    ENC pdiff Ncm -lt 0.18 -output region;
}
NOT areaid.ed areaid.de _EPTMPL262457;
AND pdiff _EPTMPL262457 -outputlayer pdiff_edde;

RULE ncm.4 {
    CAPTION "Min enclosure of P+diff within (areaid:esd AndNot areaid:diode) by Ncm: 0.18 um";
    ENC pdiff_edde Ncm -lt 0.18 -output region;
}

RULE ncm.5 {
    CAPTION "Min space, no overlap, between ncm and (LVTN_gate) OR (diff containing lvtn): 0.23 um;
    SELECT -enclose diff lvtn -outputlayer ncm.5_a;
    OR LVTN_gate ncm.5_a -outputlayer ncm.5_b;
    EXTE ncm ncm.5_b -lt 0.23 -overlap -single_point -output region -outputlayer ncm.5_c;
    SELECT -touch ncm ncm.5_b -outputlayer ncm.5_touch;
    OR ncm.5_c ncm.5_touch;
}

RULE ncm.6 {
    CAPTION "Min space, no overlap, between ncm and nfet: 0.20 um";
    EXTE ncm nfet -lt 0.2 -overlap -single_point -output region -outputlayer ncm.6_a;
    SELECT -touch ncm nfet -outputlayer ncm.6_touch;
    OR ncm.6_a ncm.6_touch;
}

RULE ncm.7 {
    CAPTION "Min area of ncm: 0.265 sq um";
    AREA ncm -lt 0.265;
}

RULE ncm.8 {
    CAPTION "Min area of ncm Holes: 0.265 sq um";
    HOLES ncm -outputlayer ncm.8_a;
    AREA ncm.8_a -lt 0.265;
}
SELECT -inside diff_in areaid.ce -outputlayer diff_core;
SELECT -outside diff_in areaid.ce -outputlayer diff_notcore;
SELECT -cut diff_in areaid.ce -outputlayer diff_cut_core;
SELECT -inside gate areaid.ce -outputlayer gate_core;
NOT gate gate_core -outputlayer gate_notcore;
SELECT -inside gate_notcore areaid.sc -outputlayer gate_SC;
NOT gate_notcore gate_SC -outputlayer gate_not_SC;
SELECT -inside tap areaid.ce -outputlayer tap_core;
SELECT -outside tap areaid.ce -outputlayer tap_notcore;

RULE CDR.difftap.1 {
    CAPTION "CDR: Minimum width of diff or tap outside areaid.ce: 0.15 um";
    OR diff_notcore tap_notcore _EPTMPL262480;
    INTE CDR.difftap.1:_EPTMPL262480 -lt 0.15 -output region;
}

RULE CDR.difftap.1a {
    CAPTION "CDR: Minimum width of diff or tap inside areaid.ce: 0.14 um";
    OR diff_core tap_core _EPTMPL262482;
    INTE CDR.difftap.1a:_EPTMPL262482 -lt 0.14 -output region;
}

RULE CDR.difftap.1b {
    CAPTION "CDR: Minimum width of diff or tap crossing areaid.ce: 0.15 um";
    INTE diff_cut_core -lt 0.15 -abut -lt 90 -single_point -output region;
}

RULE difftap.2 {
    CAPTION "Min channel width (Diff And Poly) for FETs outside areaid.sc and outside areaid.ce : 0.42 um";
    NOT diff_notcore gate_not_SC -outputlayer difftap.2_b;
    EDGE_BOOLEAN -not -coincident_only gate_not_SC difftap.2_b -outputlayer difftap.2_c;
    INTE difftap.2_c -lt 0.42 -output region;
}

RULE difftap.2b {
    CAPTION "Min channel width (Diff and Poly) for FETs inside areaid.sc but outside areaid.ce : 0.36 um";
    NOT diff_notcore gate_SC -outputlayer difftap.2b_b;
    EDGE_BOOLEAN -not -coincident_only gate_SC difftap.2b_b -outputlayer difftap.2b_c;
    INTE difftap.2b_c -lt 0.36 -output region;
}

RULE difftap.2c {
    CAPTION "Min channel width in areaid.ce: 0.14 um";
    AND gate areaid.ce _EPTMPL262491;
    EDGE_BOOLEAN -coincident_only -inside difftap.2c:_EPTMPL262491 diff _EPTMPL262492;
    INTE difftap.2c:_EPTMPL262492 -lt 0.14 -abut -lt 90 -output region;
}

RULE difftap.4 {
    CAPTION "Min width of tap butting diffusion: 0.29 um";
    SELECT -touch tap diff_in -eq 1 -outputlayer difftap.4_a;
    INTE difftap.4_a -lt 0.29 -output region;
}

RULE difftap.5a {
    CAPTION "Min width of tap outside areaid.ce butting and between diffusion: 0.40 um";
    NOT tap areaid.ce _EPTMPL262496;
    EDGE_BOOLEAN -coincident_only -outside difftap.5a:_EPTMPL262496 diff _EPTMPL262497;
    INTE difftap.5a:_EPTMPL262497 -lt 0.4 -abut -lt 90 -output region;
}

RULE difftap.5b {
    CAPTION "Min width of tap inside areaid.ce butting and between diffusion: 0.38 um";
    AND tap areaid.ce _EPTMPL262499;
    EDGE_BOOLEAN -coincident_only -outside difftap.5b:_EPTMPL262499 diff _EPTMPL262500;
    INTE difftap.5b:_EPTMPL262500 -lt 0.38 -abut -lt 90 -output region;
}

RULE CDR.difftap.3 {
    CAPTION "CDR: Min spacing of diff to diff: 0.27 um";
    EXTE diff_in -lt 0.27 -notch also -output region;
}
EXTE nsdm diff_and_psdm -lt 0.13 -metric opposite -para ONLY -output region -outputlayer diff_nbutting;
EXTE psdm diff_and_nsdm -lt 0.13 -metric opposite -para ONLY -output region -outputlayer diff_pbutting;

RULE difftap.7 {
    CAPTION "Min spacing of diff/tap abutting edge to a non-coinciding diff or tap edge: 0.13 um";
    OR diff_nbutting diff_pbutting;
}
NOT diff_and_nsdm areaid.ce ndiff_notcore;
AND diff_and_nsdm areaid.ce ndiff_core;

RULE difftap.9 {
    CAPTION "Min spacing of (n+) diffusion to N-well outside UHVI: 0.34 um";
    NOT ndiff_notcore UHVI -outputlayer difftap.9_a;
    EXTE difftap.9_a nwell -lt 0.34 -overlap -single_point -output region;
}

RULE difftap.11 {
    CAPTION "Min spacing of (p+) tap to N-well. Rule exempted inside UHVI: 0.13 um";
    NOT ptap_actual UHVI -outputlayer difftap.11_a;
    EXTE difftap.11_a nwell -lt 0.13 -output region;
}

RULE difftap.8a {
    CAPTION "Min enclosure of (p+) diffusion by N-well: 0.18 um";
    CAPTION "Rule exempted inside: UHVI / areaid.ed (ESD) / areaid.ce (CORE) ";
    NOT pdiff_actual UHVI _EPTMPL262512;
    NOT difftap.8a:_EPTMPL262512 areaid.ed _EPTMPL262513;
    NOT difftap.8a:_EPTMPL262513 areaid.ce -outputlayer difftap.8_a;
    ENC difftap.8_a nwell -lt 0.18 -output region;
}

RULE difftap.8b {
    CAPTION "Min enclosure of (p+) diffusion in areaid.ce by N-well: 0.15 um";
    AND pdiff_actual areaid.ce -outputlayer difftap.8b_a;
    ENC difftap.8b_a nwell -lt 0.15 -output region;
}

RULE difftap.8c {
    CAPTION "Min enclosure of adjacent sides of (p+) diffusion in areaid.ce by N-well: 0.18 um";
    RECT_CHK pdiff_actual -orthogonal_only _EPTMPL262518;
    SELECT -inside difftap.8c:_EPTMPL262518 areaid.ce -outputlayer difftap.8c_a;
    RECT_ENC difftap.8c_a nwell -good 0.18 0 0.18 0;
}

RULE difftap.10a {
    CAPTION "Min enclosure of (n+) tap by N-well: 0.18 um";
    CAPTION "Rule exempted inside: UHVI / areaid.ed (ESD) / areaid.ce (CORE) ";
    NOT ntap_actual UHVI _EPTMPL262521;
    NOT difftap.10a:_EPTMPL262521 areaid.ed _EPTMPL262522;
    NOT difftap.10a:_EPTMPL262522 areaid.ce -outputlayer difftap.10_a;
    ENC difftap.10_a nwell -lt 0.18 -output region;
}

RULE difftap.10b {
    CAPTION "Min enclosure of (n+) tap in areaid.ce by N-well: 0.15 um";
    AND ntap_actual areaid.ce -outputlayer difftap.10b_a;
    ENC difftap.10b_a nwell -lt 0.15 -output region;
}

RULE difftap.6 {
    CAPTION "diff and tap are not allowed to extend beyond their abutting edge";
    EDGE_BOOLEAN -coincident_only diff tap -outputlayer difftap.6_a;
    EDGE_SELECT -coincident_only diff tap -outputlayer difftap.6_b;
    EDGE_BOOLEAN -coincident_only -not difftap.6_a difftap.6_b;
}

RULE CDR.tunm.1 {
    CAPTION "CDR: Min width of tunm: 0.41 um";
    INTE tunm -lt 0.41 -single_point -output region;
}

RULE CDR.tunm.2 {
    CAPTION "CDR: Min spacing/notch of tunm: 0.50 um";
    EXTE tunm -lt 0.5 -single_point -output region;
}

RULE tunm.3 {
    CAPTION "Extension of tunm beyond (poly and diff): 0.095 um";
    ENC tunm gate -lt 0.095 -single_point -output region;
}

RULE tunm.4 {
    CAPTION "Min spacing of tunm to (poly and diff) outside tunm: 0.095 um";
    SELECT -outside gate tunm -outputlayer tunm.4_a;
    EXTE tunm tunm.4_a -lt 0.095 -single_point -output region;
}

RULE tunm.5 {
    CAPTION "(poly and diff) may not straddle tunm";
    SELECT -cut gate tunm;
}

RULE tunm.6a {
    CAPTION "Tunm outside deep n-well is not allowed";
    NOT tunm dnwell;
}

RULE tunm.7 {
    CAPTION "Min tunm area: 0.672 sq um";
    AREA tunm -lt 0.672;
}

RULE tunm.8 {
    CAPTION "tunm must be enclosed by areaid.ce";
    NOT tunm areaid.ce;
}
AND poly_dg areaid.ce -outputlayer poly_core;
NOT poly_dg areaid.ce -outputlayer poly_notcore;

RULE CDR.poly.1a {
    CAPTION "CDR: Min width of poly: 0.15 um";
    INTE poly_dg -lt 0.15 -output region;
}

RULE poly.1b {
    CAPTION "Min channel length (poly width) for pfet overlapping lvtn: 0.35 um";
    CAPTION "(exempt rule for dummy_poly in cells listed on Table H3)";
    SELECT -interact pfet lvtn -outputlayer poly.1b_a;
    INTE poly.1b_a -lt 0.35 -output region;
}

RULE CDR.poly.2 {
    CAPTION "CDR: Min spacing of poly to poly outside of areaid.ce: 0.21 um";
    EXTE poly_notcore -lt 0.21 -output region;
}
EDGE_LENGTH poly_core -le 0.15 -outputlayer poly_gap_edge;
EDGE_LENGTH poly_core -gt 0.2 -outputlayer poly_not_gap_edge;

RULE CDR.poly.2a {
    EXTE poly_gap_edge -lt 0.16 -para only -output region;
    CAPTION "CDR: Min spacing of poly core gap: 0.16 um";
    CAPTION "  (end-to-end spacing of poly in areaid.ce) ";
}

RULE CDR.poly.2b {
    EXTE poly_not_gap_edge -lt 0.175 -para only -output region;
    CAPTION "CDR: Min spacing of poly inside areaid.ce: 0.175 um";
    CAPTION "  (except for end-to-end spacing of poly in areaid.ce) ";
}

RULE poly.4a {
    CAPTION "Min spacing of poly on field (outside areaid.ce) to diff (parallel edges only): 0.075 um";
    EXTE poly_notcore diff -lt 0.075 -abut -eq 0 -para only -output region;
}

RULE poly.4b {
    CAPTION "Min spacing of poly in core (inside areaid.ce) to diff: 0.03 um";
    EXTE poly_core diff -lt 0.03 -para only -output region;
}

RULE poly.5a {
    CAPTION "Min spacing of poly on field (outside areaid.ce) to tap: 0.055 um";
    EXTE poly_notcore tap -lt 0.055 -single_point -output region;
}

RULE poly.5b {
    CAPTION "Min spacing of poly in core (inside areaid.ce) to tap: 0.03 um";
    EXTE poly_core tap -lt 0.03 -single_point -output region;
}
AND ptap psdm ptap_actual;
AND ntap nsdm ntap_actual;
AND pdiff psdm pdiff_actual;
AND ndiff nsdm ndiff_actual;
SELECT -touch ptap_actual ndiff_actual -outputlayer tap_ndiff;
SELECT -touch ntap_actual pdiff_actual -outputlayer tap_pdiff;

RULE poly.9a {
    CAPTION "Min poly resistor spacing to diff/tap: 0.48 um";
    EXTE poly_res diff_in -lt 0.48 -abut -lt 90 -single_point -output region;
}

RULE poly.9b {
    CAPTION "Min poly resistor spacing to poly: 0.21" um;
    EXTE poly_res poly_dg -lt 0.21 -abut -ltgt 0 90 -single_point -output region;
}
AND poly poly_res -outputlayer poly_res_body;

RULE CDR.poly.3 {
    CAPTION "CDR: Min poly resistor width: 0.33 um";
    INTE poly_res_body -lt 0.33 -output region;
}

RULE poly.3a {
    CAPTION "Poly resistor must be covered by poly";
    NOT poly_res poly;
}
AND poly_res rpm_urpm _EPTMPL262564;
EDGE_BOOLEAN -coincident_only -inside _EPTMPL262564 poly -outputlayer poly_prec_len;
NOT poly_res rpm_urpm _EPTMPL262566;
EDGE_BOOLEAN -coincident_only -inside _EPTMPL262566 poly -outputlayer poly_res_len;

RULE CDR.poly.3b {
    CAPTION "CDR: Min length of precision poly resistor: 0.66 um";
    PATH_LENGTH poly_prec_len -lt 0.66;
}

RULE CDRW.poly.3c {
    CAPTION "CDRW: Min length of non-precision poly resistor: 0.47 um";
    PATH_LENGTH poly_res_len -lt 0.47;
}
ENC poly_notcore diff_in -lt 0.25 -output region -outputlayer poly_dif_enc;
SELECT -inside poly_dif_enc diff_in -outputlayer poly.7;

RULE poly.7 {
    CAPTION "Min extension of diff beyond poly in periphery (outside areaid.ce): 0.25 um";
    COPY poly.7;
}
SELECT -interact -not gate tap _EPTMPL262573;
EDGE_BOOLEAN -coincident_only -inside _EPTMPL262573 diff -outputlayer gate_endcap;
EDGE_BOOLEAN -outside gate_endcap areaid.ce -outputlayer gate_peri_endcap;

RULE poly.8 {
    CAPTION "Min extension of poly outside areaid.ce beyond gate end (endcap): 0.13 um";
    ENC gate_peri_endcap poly -lt 0.13 -output region;
}
AND poly_dg diff_in polydiff;
VERTEX polydiff -gt 4 -outputlayer polydiff_gt4;
BBOX polydiff_gt4 -outputlayer polydiff_bbox;
SELECT polydiff_bbox -inside diff -outputlayer poly_has_bend;
SELECT polydiff_bbox -inside poly -outputlayer diff_has_bend;

RULE poly.10 {
    CAPTION "Poly cannot overlap inner corners of diff";
    COPY diff_has_bend;
}
SELECT polydiff_gt4 -inside poly_has_bend -outputlayer poly_11_maybe;
NOT poly_has_bend poly_11_maybe poly_11_not;
RECT_CHK poly_11_not -orthogonal_only -outputlayer poly_11;

RULE poly.11 {
    CAPTION "No 90 deg turns of poly on diff";
    COPY poly_11;
}
NOT nwell hvi -outputlayer poly.12_a;
SELECT -interact -not poly_dg poly.12_a -outputlayer poly.12_b;
SELECT -donut -not poly.12_b -outputlayer poly.12_c;

RULE poly.12 {
    CAPTION "(Poly NOT (nwell NOT hvi)) may not overlap tap";
    CAPTION "Rule exempted for gated_npn and inside UHVI.";
    AND tap psdm _EPTMPL262590;
    AND poly.12_c poly.12:_EPTMPL262590;
}

RULE poly.15 {
    CAPTION "Poly must not overlap diff:rs (diff res)";
    AND poly diff_res;
}

RULE CDR.rpm.1a {
    CAPTION "CDR: Min width of rpm: 1.27 um";
    INTE rpm -lt 1.27 -single_point -output region;
}

RULE CDR.rpm.2 {
    CAPTION "CDR: Min spacing of rpm: 0.84 um";
    EXTE rpm -lt 0.84 -single_point -output region;
}

RULE rpm.3 {
    CAPTION "Min enclosure of prec_resistor by rpm: 0.20 um";
    ENC rpm prec_resistor -lt 0.2 -output region;
}

RULE rpm.4 {
    CAPTION "Min enclosure of prec_resistor by psdm: 0.11 um";
    ENC prec_resistor psdm -lt 0.11 -output region;
}

RULE rpm.5 {
    CAPTION "Min enclosure of prec_resistor by npc: 0.095 um";
    ENC prec_resistor npc -lt 0.095 -output region;
}

RULE rpm.6 {
    CAPTION "Min spacing, no overlap, of rpm and nsdm: 0.20 um";
    EXTE rpm nsdm -lt 0.2 -overlap -single_point -output region;
}

RULE rpm.7 {
    CAPTION "Min spacing between rpm and poly: 0.20 um";
    EXTE rpm poly -lt 0.2 -single_point -output region;
}

RULE rpm.8 {
    CAPTION "poly must not straddle rpm";
    SELECT -cut poly rpm;
}

RULE rpm.9 {
    CAPTION "Min space, no overlap, between prec_resistor and hvntm: 0.185 um";
    EXTE prec_resistor hvntm -lt 0.185 -overlap -single_point -output region;
}

RULE rpm.11 {
    CAPTION "rpm should not overlap or straddle pwbm";
    SELECT -interact rpm pwbm;
}

RULE CDR.urpm.1a {
    CAPTION "CDR: Min width of urpm: 1.27 um";
    INTE urpm -lt 1.27 -single_point -output region;
}

RULE CDR.urpm.2 {
    CAPTION "CDR: Min spacing of urpm: 0.84 um";
    EXTE urpm -lt 0.84 -single_point -output region;
}

RULE varac.1 {
    CAPTION "Min channel length (poly width) of Var_channel: 0.18 um";
    AND poly Var_channel -outputlayer varac.1_a;
    INTE varac.1_a -lt 0.18 -output region;
}

RULE varac.2 {
    CAPTION "Min channel width (tap width) of Var_channel: 1.00 um";
    AND tap Var_channel -outputlayer varac.2_a;
    INTE varac.2_a -lt 1 -output region;
}

RULE varac.3 {
    CAPTION "Min spacing between hvtp to Var_channel: 0.18 um";
    EXTE hvtp Var_channel -lt 0.18 -single_point -output region;
}

RULE varac.5 {
    CAPTION "Min enclosure of poly overlapping Var_channel by nwell: 0.15 um";
    SELECT -cut poly Var_channel -outputlayer varac.5_a;
    ENC varac.5_a nwell -lt 0.15 -output region;
}

RULE varac.7 {
    CAPTION "Nwell overlapping Var_channel must not overlap P+ diff";
    SELECT -cut nwell Var_channel -outputlayer varac.7_a;
    AND varac.7_a pdiff;
}

RULE varac.8 {
    CAPTION "Min enclosure of Var_channel by hvtp: 0.255";
    ENC Var_channel hvtp -lt 0.255 -output region;
}
AND areaid.po dnwell _EPTMPL262615;
SELECT -enclose _EPTMPL262615 nwell -outputlayer photo;

RULE photo.2 {
    CAPTION "Min/Max width of photoDiode: 3.0 um ";
    INTE photo -lt 3 -output region;
}

RULE photo.3 {
    CAPTION "Min spacing between photoDiode: 5.0 um ";
    EXTE photo -lt 5 -output region;
}

RULE CDR.npc.1 {
    CAPTION "CDR: Min width of npc: 0.27 um";
    INTE npc -lt 0.27 -output region;
}

RULE CDR.npc.2 {
    CAPTION "CDR: Min spacing/notch of npc: 0.27 um";
    CAPTION "Rule npc.3 Manual merge if less than minimum";
    EXTE npc -lt 0.27 -single_point -output region;
}

RULE npc.4 {
    CAPTION "Spacing (no overlap) of NPC to Gate: 0.09 um";
    EXTE npc gate -lt 0.09 -single_point -overlap -output region;
}
AND nsdm areaid.ce nsdm.core;
NOT nsdm areaid.ce nsdm.ncore;
AND psdm areaid.ce psdm.core;
NOT psdm areaid.ce psdm.ncore;

RULE CDR.psd.1a {
    CAPTION "CDR: Min width of nsdm / psdm outside areaid.ce: 0.38 um";
    INTE nsdm.ncore -lt 0.38 -output region;
    INTE psdm.ncore -lt 0.38 -output region;
}

RULE CDR.psd.1b {
    CAPTION "CDR: Min width of nsdm / psdm inside areaid.ce: 0.29 um";
    INTE nsdm.core -lt 0.29 -output region;
    INTE psdm.core -lt 0.29 -output region;
}

RULE CDR.psd.2 {
    CAPTION "CDR: Min spacing of nsdm(psdm) to nsdm(psdm): 0.38 um";
    CAPTION "psd.3 - Manual merge if less than minimum";
    EXTE nsdm -lt 0.38 -single_point -output region;
    EXTE psdm -lt 0.38 -single_point -output region;
}
OR nsdm psdm -outputlayer psd.5;

RULE psd.5a {
    CAPTION "Min enclosure of diff by nsdm(psdm), except for butting edge: 0.125 um";
    ENC diff psd.5 -lt 0.125 -output region;
}

RULE psd.5b {
    CAPTION "Min enclosure of tap by nsdm(psdm), except for butting edge: 0.125 um";
    ENC tap_dg psd.5 -lt 0.125 -output region;
}

RULE psd.7 {
    CAPTION "Spacing of nsdm/psdm opposite implant diff or tap -lt 0.130";
    CAPTION "(for non-abutting diff/tap edges)";
    EXTE nsdm pdiff_actual -ltgt 0 0.13 -output region;
    EXTE psdm ndiff_actual -ltgt 0 0.13 -output region;
}

RULE psd.8 {
    CAPTION "Nsdm and psdm cannot overlap diff/tap regions of opposite doping";
    AND nsdm psdm;
}

RULE psd.9 {
    CAPTION "WARNING: Ddiff and tap must be enclosed by their corresponding implant layers.";
    CAPTION "Rule exempted for diff rings around the die";
    CAPTION "Rule exempted for gated_npn & areaid.zr";
    OR npn areaid.zr SEALID -outputlayer psd.9_exempt;
    OR nsdm psdm _EPTMPL262639;
    NOT psd.9:_EPTMPL262639 psd.9_exempt -outputlayer psd.9_a;
    SELECT -outside diff_dg psd.9_exempt _EPTMPL262641;
    NOT psd.9:_EPTMPL262641 psd.9_a;
    SELECT -outside tap_dg psd.9_exempt _EPTMPL262643;
    NOT psd.9:_EPTMPL262643 psd.9_a;
}

RULE psd.10a {
    CAPTION "Min area of nsdm: 0.265 sq um";
    AREA nsdm -lt 0.265;
}

RULE psd.10b {
    CAPTION "Min area of psdm: 0.255 sq um";
    AREA psdm -lt 0.255;
}

RULE psd.11 {
    CAPTION "Min area of nsdm/psdm Holes: 0.265 sq um";
    HOLES nsdm -outputlayer psd.11_a;
    AREA psd.11_a -lt 0.265;
    HOLES psdm -outputlayer psd.11_b;
    AREA psd.11_b -lt 0.265;
}
SELECT -inside licon SEALID -outputlayer licon_insideSR;
NOT licon licon_insideSR licon_outsideSR;
OR rpm urpm _EPTMPL262653;
SELECT -interact -not licon _EPTMPL262653 -outputlayer licon_not_precR;
NOT licon licon_not_precR licon_precR;
SELECT -interact licon areaid.ce -outputlayer licon_core;
NOT licon licon_core -outputlayer licon_notcore;
RECT_CHK licon_outsideSR -aspect -eq 1 -outputlayer licon_square;
AND poly licon -outputlayer poly_licon;
AND poly licon_notcore -outputlayer poly_licon_notcore;
AND poly licon_core -outputlayer poly_licon_core;

RULE CDR.licon.1 {
    CAPTION "CDR: Min and max L and W of licon, except for bar licon: 0.17 um";
    RECT_CHK -not licon_not_precR -eq 0.17 -by -eq 0.17 -orthogonal_only;
}
RECT_CHK licon_precR -eq 0.17 -by -eq 0.17 -outputlayer licon_017_in_prec;

RULE licon.1a {
    CAPTION "licon sized 0.17 um X 0.17 um found in precision resistor -- ";
    CAPTION "licon inside (rpm OR urpm) should be 0.19 um X 2.0 um bar licon " ;
    COPY licon_017_in_prec;
}

RULE CDR.licon.1b {
    CAPTION "CDR: Min and max width of bar licon == 0.19 um";
    NOT licon_precR licon_017_in_prec _EPTMPL262665;
    RECT_CHK -not CDR.licon.1b:_EPTMPL262665 -eq 0.19;
}

RULE CDR.licon.1c {
    CAPTION "CDR: Min and max length of bar licon == 2.00 um";
    NOT licon_precR licon_017_in_prec _EPTMPL262667;
    RECT_CHK -not CDR.licon.1c:_EPTMPL262667 -eq 2;
}

RULE licon.3 {
    CAPTION "Only min. square licons are allowed except die seal ring where licons are (licon CD)*L: 0.17 um";
    CAPTION "  this seal ring licon does not have width = 0.17 um ";
    RECT_CHK -not licon_insideSR -eq 0.17;
}

RULE CDR.licon.2 {
    CAPTION "CDR: Min spacing of licon to licon: 0.17 um";
    CAPTION "  For non-bar licon outside of areaid.ce ";
    EXTE licon_notcore -lt 0.17 -single_point -output region;
}

RULE CDR.licon.2a {
    CAPTION "CDR: Min spacing of licon to licon: 0.165 um";
    CAPTION "  For non-bar licon inside of areaid.ce ";
    EXTE licon_core -lt 0.165 -single_point -output region;
}
RECT_CHK licon -eq 0.19 -by -eq 2 -outputlayer licon_bar;

RULE CDR.licon.2b {
    CAPTION "CDR: Min end-to-end space of bar licon: 0.35 um";
    EDGE_LENGTH licon_bar -lt 2 -outputlayer licon_end;
    EXTE licon_end -lt 0.35 -abut -lt 90 -output region;
}

RULE CDR.licon.2c {
    CAPTION "CDR: Min side-to-side spacing of bar licon: 0.51 um";
    EDGE_LENGTH licon_bar -gt 0.19 -outputlayer licon_side;
    EXTE licon_side -lt 0.51 -abut -lt 90 -output region;
}

RULE CDR.licon.2d {
    CAPTION "CDR: Min space from bar licon to square licon: 0.51 um";
    EXTE licon_square licon_bar -lt 0.51 -abut -lt 90 -output region -single_point;
}

RULE CDR.licon.5b {
    CAPTION "CDR: Min space between tap_licon outside areaid.ce and diff-abutting tap edge: 0.06 um";
    AND tap licon_notcore -outputlayer licon.5b;
    EDGE_BOOLEAN -coincident_only -outside diff tap _EPTMPL262679;
    EXTE licon.5b CDR.licon.5b:_EPTMPL262679 -lt 0.06 -abut -lt 90 -output region;
}

RULE CDR.licon.9 {
    CAPTION "CDR: Min spacing, no overlap, between poly_licon outside areaid.ce and psdm: 0.11 um";
    SELECT -outside poly_licon_notcore rpm_urpm -outputlayer licon.9_a;
    EXTE licon.9_a psdm -lt 0.11 -overlap -output region;
    AND licon.9_a psdm;
}

RULE licon.14a {
    CAPTION "Min spacing of poly_licon outside areaid.ce to diff or tap: 0.19 um";
    OR diff tap -outputlayer licon.14_2;
    EXTE poly_licon_notcore licon.14_2 -lt 0.19 -output region;
}

RULE licon.14b {
    CAPTION "Min spacing of poly_licon inside areaid.ce to diff or tap: 0.13 um";
    OR diff tap -outputlayer licon.14a_2;
    EXTE poly_licon_core licon.14a_2 -lt 0.19 -output region;
}

RULE licon.4a {
    CAPTION "licon must be inside li";
    NOT licon li1;
}

RULE licon.4b {
    CAPTION "licon must be inside (poly or diff or tap)";
    OR poly diff tap _EPTMPL262689;
    NOT licon licon.4b:_EPTMPL262689;
}

RULE licon.5a {
    CAPTION "Min enclosure of licon outside areaid.ce by diff (not tap): 0.04 um";
    ENC licon_notcore diff_all -lt 0.04 -output region;
    EDGE_SELECT licon_notcore diff;
}

RULE licon.5c {
    CAPTION "Min enclosure of licon outside areaid.ce by diff on one of two adjacent sides: 0.06 um";
    RECT_ENC licon_notcore diff_in -good 0.06 0 0.06 0;
}
EDGE_BOOLEAN -coincident_only -outside tap diff _EPTMPL262694;
SELECT -with_edge tap _EPTMPL262694 -outputlayer non_isolated_tap;
NOT tap non_isolated_tap -outputlayer isolated_tap;

RULE licon.7 {
    CAPTION "Min enclosure of licon outside areaid.ce by one of two adjacent sides of isolated tap: 0.12 um";
    RECT_ENC licon_notcore isolated_tap -good 0.12 0 0.12 0;
}

RULE licon.8 {
    CAPTION "Min enclosure of poly_licon outside areaid.ce by poly: 0.05 um";
    ENC poly_licon_notcore poly -lt 0.05 -output region;
    EDGE_SELECT poly_licon_notcore poly;
}

RULE licon.8a {
    CAPTION "Min enclosure of poly_licon outside areaid.ce by poly on one of two adjacent sides: 0.08 um";
    RECT_ENC poly_licon_notcore poly -good 0.08 0 0.08 0;
}

RULE licon.15a {
    CAPTION "Min enclosure of poly_licon outside areaid.ce by npc: 0.10 um";
    ENC poly_licon_notcore npc -lt 0.1 -output region;
    EDGE_SELECT poly_licon_notcore npc;
}

RULE CDR.licon.15b {
    CAPTION "CDR: Min enclosure of poly_licon inside areaid.ce by npc: 0.045 um";
    ENC poly_licon_core npc -lt 0.045 -output region;
    EDGE_SELECT poly_licon_core npc;
}

RULE licon.6 {
    CAPTION "licon cannot straddle tap";
    OR ptap_actual ntap_actual _EPTMPL262705;
    SELECT -cut licon licon.6:_EPTMPL262705;
}

RULE licon.11 {
    CAPTION "Spacing of licon on diff or tap to poly on diff: 0.055 um";
    CAPTION "(except for all FETs inside areaid.sc";
    CAPTION "and except s8spf-10r flow for 0.5um phv inside cell names s8fs_gwdlvx4,";
    CAPTION "s8fs_gwdlvx8, s8fs_hvrsw_x4, s8fs_hvrsw8, s8fs_hvrsw264,";
    CAPTION "and s8fs_hvrsw520 and for 0.15um nshort inside cell names s8fs_rdecdrv,";
    CAPTION "s8fs_rdec8, s8fs_rdec32, s8fs_rdec264, s8fs_rdec520)";
    CAPTION "NOTE: exceptions have NOT been considered, there may be false errors";
    NOT gate areaid.sc -outputlayer licon.11_a;
    OR diff tap -outputlayer licon.11_b;
    AND licon_notcore licon.11_b -outputlayer licon.11_c;
    EXTE licon.11_a licon.11_c -lt 0.055 -output region;
}

RULE CDR.licon.11a {
    CAPTION "CDR: Spacing of licon on diff or tap to poly on diff: 0.05 um";
    CAPTION "(for all FETs inside areaid.sc except 0.15um phighvt)";
    CAPTION "NOTE: exceptions have NOT been considered, there may be false errors";
    AND gate areaid.sc -outputlayer licon.11a_a;
    OR diff tap -outputlayer licon.11a_b;
    AND licon_notcore licon.11a_b -outputlayer licon.11a_c;
    AND licon.11a_a diff -outputlayer licon.11a_d;
    EXTE licon.11a_c licon.11a_d -lt 0.05 -output region;
}
NOT diff gate -outputlayer diff_not_gate;
SELECT -enclose -not diff_not_gate licon -outputlayer diff_no_licon;
EDGE_SELECT -coincident_only diff_no_licon gate -outputlayer diff_no_licon_edge;
EDGE_LENGTH diff_no_licon_edge -gt 5.7 -outputlayer diff_edge57_no_licon;

RULE licon.12 {
    CAPTION "GUIDELINE: Max SD width without licon: 5.70 um";
    COPY diff_edge57_no_licon;
}

RULE CDR.licon.13 {
    CAPTION "CDR: Spacing (no overlap) of NPC to licon on diff or tap: 0.09 um";
    OR diff tap -outputlayer licon.13_a;
    AND licon licon.13_a -outputlayer licon.13_b;
    EXTE npc licon.13_b -lt 0.09 -overlap -output region;
}

RULE CDR.licon.17 {
    CAPTION "CDR: licon may not overlap both poly and (diff or tap)";
    SELECT -cut licon poly -outputlayer licon.17_a;
    OR diff tap -outputlayer licon.17_b;
    SELECT -cut licon.17_a licon.17_b;
    AND diff poly _EPTMPL262727;
    AND licon CDR.licon.17:_EPTMPL262727;
}

RULE licon.18 {
    CAPTION "npc must enclose poly_licon";
    NOT poly_licon npc;
}

RULE licon.20 {
    CAPTION "Every tap must enclose at least 1 licon (except in uhvi)";
    NOT tap areaid.ce -outputlayer tap_not_core;
    SELECT -cut tap areaid.ce _EPTMPL262731;
    OR tap_not_core licon.20:_EPTMPL262731 -outputlayer npcon_tap;
    NOT npcon_tap diff_fill _EPTMPL262733;
    SELECT -enclose -not licon.20:_EPTMPL262733 licon _EPTMPL262734;
    NOT licon.20:_EPTMPL262734 uhvi;
}

RULE licon.21 {
    CAPTION "psdm overlapping (poly and licon) is prohibited inside areaid.ce";
    AND poly_licon_core psdm _EPTMPL262736;
    AND licon.21:_EPTMPL262736 areaid.ce;
}

RULE licon.core {
    CAPTION "WARNING: licon straddling areaid.ce (CORE)";
    SELECT -cut licon areaid.ce _EPTMPL262738;
    NOT licon.core:_EPTMPL262738 areaid.ce;
}
SELECT -cut li_dg areaid.ce -outputlayer li_crossing_core;
SELECT -inside li_dg areaid.ce -outputlayer li_inside_core;
SELECT -outside li_dg areaid.ce -outputlayer li_outside_core;
NOT li_dg areaid.ce -outputlayer li_notcore;
AND li_dg areaid.ce -outputlayer li_core;

RULE CDR.li.1a {
    CAPTION "CDR: Width of LI inside areaid.ce: 0.14 um";
    INTE li_inside_core -lt 0.14 -output region;
}

RULE CDR.li.1b {
    CAPTION "CDR: Width of LI outside areaid.ce: 0.17 um";
    INTE li_outside_core -lt 0.17 -output region;
}

RULE CDR.li.1c {
    CAPTION "CDR: Width of LI crossing areaid.ce border: 0.17 um";
    INTE li_crossing_core -lt 0.17 -output region;
}

RULE CDR.li.3a {
    CAPTION "CDR: Spacing of LI to LI inside areaid.ce: 0.14 um";
    EXTE li_inside_core li1 -lt 0.14 -single_point -output region;
}

RULE CDR.li.3b {
    CAPTION "CDR: Spacing of LI to LI outside areaid.ce: 0.17 um";
    EXTE li_outside_core li1 -lt 0.17 -single_point -output region;
}

RULE CDR.li.3c {
    CAPTION "CDR: Spacing of LI to LI crossing areaid.ce border: 0.17 um";
    EXTE li_crossing_core li1 -lt 0.17 -single_point -output region;
}

RULE CDR.li.5 {
    CAPTION "CDR: Min enclosure of licon outside areaid.ce by one of two adjacent LI sides: 0.08 um";
    RECT_ENC licon_notcore li1 -good 0 0.08 0 0.08;
}

RULE CDR.li.6 {
    CAPTION "CDR: Min area of LI: 0.0561 sq um";
    AREA li_outside_core -lt 0.0561;
}
SELECT -inside li1_res areaid.ed li1_res_esd;
NOT li1_res li1_res_esd li1_res_not_esd;

RULE CDR.li.7 {
    CAPTION "CDR: Min LI resistor width 0.29 um";
    INTE li1_res -lt 0.29 -output region;
}

RULE CDR.mcon.1 {
    CAPTION "CDR: Min and max L and W of mcon: 0.17 um";
    RECT_CHK mcon -ne 0.17 -orthogonal_only;
}

RULE CDR.mcon.2 {
    CAPTION "CDR: Min spacing of mcon: 0.19 um";
    EXTE mcon -lt 0.19 -single_point -output region;
}

RULE mcon.core {
    CAPTION "WARNING: mcon straddling areaid.ce (CORE)";
    SELECT -cut mcon areaid.ce _EPTMPL262758;
    NOT mcon.core:_EPTMPL262758 areaid.ce;
}
AND met3 capm -outputlayer m3_bot_plate;
NOT met3 capm -outputlayer m3_not_capm;

RULE capm.1a {
    CAPTION "met3 must completely enclose capm";
    NOT capm m3_dg;
}

RULE capm.1b {
    CAPTION "capm without met4 is prohibited";
    SELECT -outside capm m4_dg;
}

RULE capm.2a {
    CAPTION "capm without via3 is prohibited";
    SELECT -interact -not capm via3;
}

RULE capm.2b {
    CAPTION "capm must contain at least 2 via3";
    SELECT -enclose capm -lt 2 via3;
}
SIZE -by 0.14 m3_bot_plate -outputlayer m3_capm_plate;
EXTE -lt 1.2 m3_capm_plate -output region -outputlayer capm.3a.possible;
SELECT -inside -not capm.3a.possible met3 -outputlayer capm.3a_part;
EXTE -lt 0.145 capm capm.3a_part -output region -outputlayer capm.3a_part2;

RULE capm.3a {
    CAPTION "Min space between capm bottom plates";
    CAPTION "For this rule, capm is extended by 0.14 um to form bottom plate";
    OR capm.3a_part capm.3a_part2;
}
AND m3_dg capm -outputlayer cap_bot;
SIZE -by 1.34 cap_bot -outputlayer cap_bot_1p2;
CONNECT cap_bot_1p2 met3 -by capm;
AND cap_bot_1p2 met3 -not_connected -outputlayer met3_not_connected;
EXTE -lt 1.34 cap_bot met3_not_connected -output region -outputlayer capm.m3_too_close;
SELECT -enclose m3_dg capm -outputlayer m3_capm_enclose;
EDGE_EXPAND m3_capm_enclose -inside_by 0.005 -outputlayer met3_capm_edge;
CONNECT cap_bot met3;
CONNECT met3_capm_edge met3;

RULE CDR.capm.3b {
    CAPTION "CDR: Min space capm bottom plates to unconnected met3: 1.2 um";
    CAPTION "For this rule, capm is extended by 0.14 um to form bottom plate";
    EXTE -lt 1.2 cap_bot met3_capm_edge -exclude_shielded 0 -not_connected -output region;
    COPY capm.m3_too_close;
}

RULE CDR.capm.3c {
    CAPTION "CDR: Min capm space: 0.84 um";
    EXTE capm -lt 0.84 -abut -lt 90 -single_point -output region;
}

RULE CDR.capm.4 {
    CAPTION "CDR: Min capm width: 1.0 um";
    INTE capm -lt 1 -abut -lt 90 -single_point -output region;
}

RULE CDR.capm.5 {
    CAPTION "CDR: Min enclosure of capm by met3: 0.14 um";
    ENC capm m3_dg -lt 0.14 -measure all -abut -lt 90 -single_point -output region;
}

RULE CDR.capm.6 {
    CAPTION "CDR: Min enclosure of via3 by capm: 0.14 um";
    ENC via3 capm -lt 0.14 -measure all -abut -lt 90 -single_point -output region;
}

RULE CDR.capm.7 {
    CAPTION "CDR: Min spacing of capm and via3: 0.14 um ";
    EXTE capm via3 -lt 0.14 -abut -lt 90 -single_point -output region;
    SELECT -touch via3 capm;
}

RULE capm.8a {
    CAPTION "Max capm aspect ratio (L/W): 20.0 um";
    RECT_CHK capm -aspect -gt 20;
}

RULE capm.8b {
    CAPTION "Only rectangular capm is permitted";
    RECT_CHK -not capm;
}

RULE capm.8c {
    CAPTION "Max area of capm: 1,000,000 square um";
    AREA capm -gt 1000000;
}

RULE capm.9a {
    CAPTION "Min space of capm to via2: 0.14 um";
    EXTE capm via2 -lt 0.14 -abut -lt 90 -single_point -output region;
    SELECT -touch via2 capm;
}

RULE capm.9b {
    CAPTION "capm cannot overlap via2";
    AND capm via2;
}
AND met4 cap2m -outputlayer m4_bot_plate;

RULE cap2m.1a {
    CAPTION "cap2m without met4 is prohibited";
    NOT cap2m m4_dg;
}

RULE cap2m.1b {
    CAPTION "cap2m without met5 is prohibited";
    SELECT -outside cap2m m5_dg;
}

RULE cap2m.2a {
    CAPTION "cap2m without via4 is prohibited";
    SELECT -interact -not cap2m via4;
}

RULE cap2m.2b {
    CAPTION "cap2m must contain at least 2 via4";
    SELECT -enclose cap2m -lt 2 via4;
}
SIZE -by 0.14 m4_bot_plate -outputlayer m4_cap2m_plate;
EXTE -lt 1.2 m4_cap2m_plate -output region -outputlayer cap2m.3a.possible;
SELECT -inside -not cap2m.3a.possible met4 -outputlayer cap2m.3a_part;
EXTE -lt 0.145 cap2m cap2m.3a_part -output region -outputlayer cap2m.3a_part2;

RULE CDR.cap2m.3a {
    CAPTION "CDR: Min space between cap2m bottom plates";
    CAPTION "For this rule, cap2m is extended by 0.14 um to form bottom plate";
    OR cap2m.3a_part cap2m.3a_part2;
}
AND m4_dg cap2m -outputlayer cap2m_bot;
SIZE -by 1.34 cap2m_bot -outputlayer cap2m_bot_1p2;
CONNECT cap2m_bot_1p2 met4 -by cap2m;
AND cap2m_bot_1p2 met4 -not_connected -outputlayer met4_not_connected;
EXTE -lt 1.34 cap2m_bot met4_not_connected -output region -outputlayer cap2m.m4_too_close;
SELECT -enclose m4_dg cap2m -outputlayer m4_cap2m_enclose;
EDGE_EXPAND m4_cap2m_enclose -inside_by 0.005 -outputlayer met4_cap2m_edge;
CONNECT cap2m_bot met4;
CONNECT met4_cap2m_edge met4;

RULE CDR.cap2m.3b {
    CAPTION "CDR: Min space cap2m bottom plates to unconnected met4: 1.2 um";
    CAPTION "For this rule, cap2m is extended by 0.14 um to form bottom plate";
    EXTE -lt 1.2 cap2m_bot met4_cap2m_edge -exclude_shielded 0 -not_connected -output region;
    COPY cap2m.m4_too_close;
}

RULE CDR.cap2m.3c {
    CAPTION "CDR: Min cap2m space: 0.84 um";
    EXTE cap2m -lt 0.84 -abut -lt 90 -single_point -output region;
}

RULE CDR.cap2m.4 {
    CAPTION "CDR: Min cap2m width: 1.0 um";
    INTE cap2m -lt 1 -abut -lt 90 -single_point -output region;
}

RULE CDR.cap2m.5 {
    CAPTION "CDR: Min enclosure of cap2m by met4: 0.14 um";
    ENC cap2m m4_dg -lt 0.14 -measure all -abut -lt 90 -single_point -output region;
}

RULE CDR.cap2m.6 {
    CAPTION "CDR: Min enclosure of via4 by cap2m: 0.2 um";
    ENC via4 cap2m -lt 0.2 -measure all -abut -lt 90 -single_point -output region;
}

RULE CDR.cap2m.7 {
    CAPTION "CDR: Min spacing of cap2m and via4: 0.2 um ";
    EXTE cap2m via4 -lt 0.2 -single_point -output region;
    SELECT -touch via4 cap2m;
}

RULE cap2m.8a {
    CAPTION "Max cap2m aspect ratio (L/W): 20.0 um";
    RECT_CHK cap2m -aspect -gt 20;
}

RULE cap2m.8b {
    CAPTION "Only rectangular cap2m is permitted";
    RECT_CHK -not cap2m;
}

RULE cap2m.8c {
    CAPTION "Max area of cap2m: 1,000,000 square um";
    AREA cap2m -gt 1000000;
}

RULE cap2m.9a {
    CAPTION "Min space of cap2m to via3: 0.14 um";
    EXTE cap2m via3 -lt 0.14 -single_point -output region;
    SELECT -touch via3 cap2m;
}

RULE cap2m.9b {
    CAPTION "cap2m cannot overlap via3 except for stacked capm / cap2m capacitors";
    NOT via3 capm _EPTMPL262826;
    AND cap2m cap2m.9b:_EPTMPL262826;
}

RULE vpp.1 {
    CAPTION "GUIDELINE: Min width of capacitor:dg: 1.43 um";
    INTE capacitor_in -lt 1.43 -single_point -output region;
}

RULE vpp.8 {
    CAPTION "GUIDELINE: Min enclosure of capacitor:dg by nwell: 1.50 um";
    ENC capacitor_in nwell -lt 1.5 -output region;
}

RULE vpp.9 {
    CAPTION "GUIDELINE: Min spacing of capacitor:dg to nwell (not applicable for vpp_over_MOSCAP): 1.50 um";
    EXTE capacitor_in nwell -lt 1.5 -single_point -output region;
}

RULE vpp.13 {
    CAPTION "GUIDELINE: Min space of met1 to met1 inside VPP capacitor: 0.16 um";
    AND met1 capacitor_in -outputlayer met1_cap;
    SELECT -outside met1 capacitor_in -outputlayer met1_notcap;
    EXTE met1_cap met1_notcap -lt 0.16 -single_point -output region;
}

RULE vpp.14 {
    CAPTION "GUIDELINE: Min space of met2 to met2 inside VPP capacitor: 0.16 um";
    AND met2 capacitor_in -outputlayer met2_cap;
    SELECT -outside met2 capacitor_in -outputlayer met2_notcap;
    EXTE met2_cap met2_notcap -lt 0.16 -single_point -output region;
}

RULE CDR.m1.1 {
    CAPTION "CDR: Min width of met1: 0.14 um";
    INTE m1_dg -lt 0.14 -output region;
}

RULE CDR.m1.2 {
    CAPTION "CDR: Min spacing/notch of met1: 0.14 um";
    EXTE m1_dg -lt 0.14 -single_point -output region;
}
NOT m1_dg huge_met1 met1_not_huge;
SIZE huge_met1 -by 0.28 -inside_of m1_dg -outputlayer huge_met1_028;
AND met1_not_huge huge_met1_028 met1_huge_and;
SELECT -touch met1_huge_and huge_met1 -outputlayer met1_touching_huge;

RULE CDRW.m1.3a {
    CAPTION "CDRW: Min spacing of huge met1 (width > 3.0 um) to narrow met1,";
    CAPTION "including features extending 0.28 um into narrow met1: 0.28 um";
    EXTE met1_touching_huge m1_dg -lt 0.28 -single_point -output region;
}

RULE CDRW.m1.3b {
    CAPTION "CDRW: Min spacing of huge_met1 to met1 excluding features checked by m1.3a: 0.28 um";
    EXTE huge_met1 m1_dg -lt 0.28 -single_point -output region;
}
INSIDE_CELL mcon "s8cell_ee_plus_sseln_a" "s8cell_ee_plus_sseln_b" "s8cell_ee_plus_sselp_a" "s8cell_ee_plus_sselp_b" "s8fpls_pl8" "s8fs_cmux4_fm" -outputlayer "mcon_m1.4a";
NOT mcon mcon_m1.4a mcon_m1.4;
NOT mcon areaid.ce mcon_notcore;
AND mcon areaid.ce mcon_core;

RULE CDR.m1.4 {
    CAPTION "CDR: Mcon outside areaid.ce must be enclosed by met1 by at least: 0.03 um";
    ENC mcon_notcore m1_dg -lt 0.03 -output region;
    EDGE_SELECT mcon_notcore met1;
}

RULE CDR.m1.4a {
    CAPTION "CDR: Mcon inside areaid.ce must be enclosed by met1 by at least: 0.005";
    ENC mcon_core m1_dg -lt 0.005 -output region;
    EDGE_SELECT mcon_core m1_dg;
}

RULE CDR.m1.5 {
    CAPTION "CDR: mcon outside areaid.ce must be enclosed by met1 on one of two adjacent sides by at least: 0.06 um" ;
    RECT_ENC mcon_notcore m1_dg -good 0.06 0 0.06 0;
}

RULE CDR.m1.6 {
    CAPTION "CDR: min met1 area: 0.083 sq um";
    AREA m1_dg -lt 0.083;
}

RULE CDR.m1.7 {
    CAPTION "CDR: min area of met1 holes: 0.140 sq um";
    HOLES m1_dg -outputlayer m1.7_a;
    AREA m1.7_a -lt 0.14;
}
SELECT -inside via1 SEALID -outputlayer via1.insideSR;
NOT via1 via1.insideSR via1.outsideSR;
SELECT -inside via1 areaid.mt -outputlayer via1_mt;
NOT via1 via1_mt via1_not_mt;
NOT via1_not_mt via1.insideSR via1_neither;

RULE via1.3 {
    CAPTION "Only min. square vias are allowed except die seal ring where vias are (via1 CD)*L == 0.20 * L";
    CAPTION " this seal ring via1 does not have W = 0.2 um ";
    RECT_CHK -not via1.insideSR -eq 0.2;
}

RULE via1.1a {
    CAPTION "CDR: Min and max L and W of via1 outside areaid.mt == 0.15 um";
    RECT_CHK -not via1_neither -eq 0.15 -by -eq 0.15 -orthogonal_only;
}

RULE via1.1b {
    CAPTION "AL Flow - Three sizes of square Vias allowed inside areaid.mt: 0.15 um, 0.23 um and 0.28 um";
    RECT_CHK -not via1_mt -eq 0.15 -by -eq 0.15 -orthogonal_only -outputlayer via1.not15;
    RECT_CHK -not via1.not15 -eq 0.23 -by -eq 0.23 -orthogonal_only -outputlayer via1.not15_23;
    RECT_CHK -not via1.not15_23 -eq 0.28 -by -eq 0.28 -orthogonal_only;
}

RULE CDR.via1.2 {
    CAPTION "CDR: Min spacing of via1: 0.17 um";
    EXTE via1 -lt 0.17 -single_point -output region;
}

RULE CDR.via1.4a {
    CAPTION "CDR: via1 outside of areaid.mt must be enclosed by met1 by at least: 0.055 um";
    ENC via1_not_mt met1 -lt 0.055 -output region;
    EDGE_SELECT via1_not_mt met1;
}

RULE via1.4b {
    CAPTION "Inside areaid.mt, 0.23 um via1 must be enclosed by met1 by at least: 0.03 um";
    RECT_CHK via1_mt -eq 0.23 -orthogonal_only -outputlayer via1.4b_a;
    ENC via1.4b_a met1 -lt 0.03 -outside_also -output region;
}

RULE CDR.via1.5a {
    CAPTION "CDR: Min enclosure of 0.15 um via1 by met1 on one of two adjacent sides: 0.085 um";
    RECT_CHK via1 -eq 0.15 -orthogonal_only -outputlayer via1.5a_a;
    RECT_ENC via1.5a_a met1 -good 0.085 0 0.085 0;
}

RULE via1.5b {
    CAPTION "Min enclosure of 0.23 um via1 by met1 on one of two adjacent sides: 0.085 um";
    RECT_CHK via1 -eq 0.23 -orthogonal_only -outputlayer via1.5b_a;
    RECT_ENC via1.5b_a met1 -good 0.085 0 0.085 0;
}

RULE CDR.m2.1 {
    CAPTION "CDR: Min width of met2: 0.14 um";
    INTE m2_dg -lt 0.14 -output region;
}

RULE CDR.m2.2 {
    CAPTION "CDR: Min spacing/notch of met2: 0.14 um";
    EXTE m2_dg -lt 0.14 -single_point -output region;
}
NOT m2_dg huge_met2 met2_not_huge;
SIZE huge_met2 -by 0.28 -inside_of m2_dg -outputlayer huge_met2_028;
AND met2_not_huge huge_met2_028 met2_huge_and;
SELECT -touch met2_huge_and huge_met2 -outputlayer met2_touching_huge;

RULE CDRW.m2.3a {
    CAPTION "CDRW: Min spacing of huge met2 (width > 3.0 um) to narrow met2,";
    CAPTION "including features extending 0.28 um into narrow met2: 0.28 um";
    EXTE met2_touching_huge m2_dg -lt 0.28 -single_point -output region;
}

RULE CDRW.m2.3b {
    CAPTION "CDRW: Min spacing of huge_met2 to met2 excluding features checked by m2.3a: 0.28 um";
    EXTE huge_met2 m2_dg -lt 0.28 -single_point -output region;
}

RULE CDR.m2.4a {
    CAPTION "CDR: via1 outside areaid.ce must be enclosed by met2 by at least: 0.055 um";
    NOT via1 areaid.ce _EPTMPL262884;
    ENC CDR.m2.4a:_EPTMPL262884 m2_dg -lt 0.055 -output region;
    NOT via1 areaid.ce _EPTMPL262886;
    EDGE_SELECT CDR.m2.4a:_EPTMPL262886 m2_dg;
}

RULE CDR.m2.4b {
    CAPTION "CDR: via1 inside areaid.ce must be enclosed by met2 by at least: 0.045 um";
    AND via1 areaid.ce _EPTMPL262888;
    ENC CDR.m2.4b:_EPTMPL262888 met2 -lt 0.045 -output region;
    AND via1 areaid.ce _EPTMPL262890;
    EDGE_SELECT CDR.m2.4b:_EPTMPL262890 m2_dg;
}

RULE CDR.m2.5 {
    CAPTION "CDR: via1 outside areaid.ce must be enclosed by met2 on one of two adjacent sides by at least: 0.085 um" ;
    NOT via1 areaid.ce _EPTMPL262892;
    RECT_ENC CDR.m2.5:_EPTMPL262892 m2_dg -good 0.085 0 0.085 0;
}

RULE CDR.m2.6 {
    CAPTION "CDR: min met2 area: 0.067 sq um";
    AREA m2_dg -lt 0.067;
}

RULE CDR.m2.7 {
    CAPTION "CDR: min area of met2 holes: 0.140 sq um";
    HOLES m2_dg -outputlayer m2.7_a;
    AREA m2.7_a -lt 0.14;
}
SELECT -inside via2 SEALID -outputlayer via2.insideSR;
NOT via2 via2.insideSR via2.outsideSR;
SELECT -inside via2 areaid.mt -outputlayer via2.areaid.mt;
NOT via2 via2.areaid.mt -outputlayer via2.not_areaid.mt;
NOT via2.not_areaid.mt via2.insideSR via2_neither;

RULE CDR.via2.1a {
    CAPTION "CDR: Min and max L and W of via2 outside areaid.mt: 0.20 um";
    RECT_CHK -not via2_neither -eq 0.2 -by -eq 0.2 -orthogonal_only;
}

RULE via2.1d {
    CAPTION "Four sizes of square Via2s allowed inside areaid.mt: 0.200um, 0.280um, 1.200um and 1.500um";
    RECT_CHK -not via2.areaid.mt -eq 0.2 -by -eq 0.2 -orthogonal_only -outputlayer via2.1d_b;
    RECT_CHK -not via2.1d_b -eq 0.28 -by -eq 0.28 -orthogonal_only -outputlayer via2.1d_c;
    RECT_CHK -not via2.1d_c -eq 1.2 -by -eq 1.2 -orthogonal_only -outputlayer via2.1d_d;
    RECT_CHK -not via2.1d_d -eq 1.5 -by -eq 1.5 -orthogonal_only;
}

RULE CDR.via2.2 {
    CAPTION "CDR: Min spacing of via2: 0.20 um";
    EXTE via2 -lt 0.2 -single_point -output region;
}

RULE via2.3 {
    CAPTION "Only min. square via2s are allowed except die seal ring where vias are (via2 CD)*L == 0.20 * L";
    CAPTION " this seal ring via2 does not have W = 0.2 um";
    RECT_CHK -not via2.insideSR -eq 0.2;
}

RULE CDR.via2.4 {
    CAPTION "CDR: Min enclosure of via2 by met2: 0.04 um";
    ENC via2 met2 -lt 0.04 -output region;
    EDGE_SELECT via2 met2;
}

RULE via2.4a {
    CAPTION "Inside areaid.mt, Min enclosure of 1.5 um via2 by met2: 0.14 um";
    RECT_CHK via2.areaid.mt -eq 1.5 -orthogonal_only -outputlayer via2.4b_a;
    ENC via2.4b_a met2 -lt 0.14 -output region;
    EDGE_SELECT via2.4b_a met2;
}

RULE CDR.via2.5 {
    CAPTION "CDR: Min enclosure of via2 by met2 on one of two adjacent sides: 0.085 um";
    RECT_ENC via2 met2 -good 0.085 0 0.085 0;
}

RULE m3.1 {
    CAPTION "CDR: Min width of met3: 0.30 um";
    INTE m3_dg -lt 0.3 -output region;
}

RULE CDR.m3.2 {
    CAPTION "CDR: Min spacing/notch of met3: 0.30 um";
    EXTE m3_dg -lt 0.3 -single_point -output region;
}
NOT m3_dg huge_met3 met3_not_huge;
SIZE huge_met3 -by 0.28 -inside_of m3_dg -outputlayer huge_met3_040;
AND met3_not_huge huge_met3_040 met3_huge_and;
SELECT -touch met3_huge_and huge_met3 -outputlayer met3_touching_huge;

RULE CDRW.m3.3c {
    CAPTION "CDRW: Min spacing of huge met3 (width > 3.0 um) to narrow met3,";
    CAPTION "including features extending 0.28 um into narrow met3: 0.40 um";
    EXTE met3_touching_huge m3_dg -lt 0.4 -single_point -output region;
}

RULE CDRW.m3.3d {
    CAPTION "CDRW: Min spacing of huge_met3 to met3 excluding features checked by m3.3c: 0.40 um";
    EXTE huge_met3 m3_dg -lt 0.4 -single_point -output region;
}

RULE CDR.m3.4 {
    CAPTION "CDR: Min enclosure of via2 by met3: 0.065 um";
    ENC via2 m3_dg -lt 0.065 -output region;
    EDGE_SELECT -inside via2 m3_dg;
}

RULE CDR.m3.6 {
    CAPTION "CDR: min met3 area: 0.240 sq um";
    AREA m3_dg -lt 0.24;
}

RULE CDR.m3.7 {
    CAPTION "CDR: min area of met3 holes: 0.200 sq um";
    HOLES m3_dg -outputlayer m3.7_a;
    AREA m3.7_a -lt 0.2;
}
SELECT -inside via3 SEALID -outputlayer via3.insideSR;
NOT via3 via3.insideSR via3.outsideSR;
SELECT -inside via3 areaid.mt -outputlayer via3.areaid.mt;
NOT via3 via3.areaid.mt via3.not_areaid.mt;
NOT via3.not_areaid.mt via3.insideSR via3_neither;

RULE CDR.via3.1 {
    CAPTION "CDR: Min and max L and W of via3 (except for rule via3.1a) == 0.20 um";
    RECT_CHK -not via3_neither -eq 0.2 -by -eq 0.2 -orthogonal_only;
}

RULE via3.1a {
    CAPTION "Two sizes of square via3 allowed inside areaid.mt: 0.200um and 0.800um";
    RECT_CHK -not via3.areaid.mt -eq 0.2 -by -eq 0.2 -orthogonal_only -outputlayer via3.not0.2;
    RECT_CHK -not via3.not0.2 -eq 0.8 -by -eq 0.8 -orthogonal_only;
}

RULE CDR.via3.2 {
    CAPTION "CDR: Min spacing of via3: 0.20 um";
    EXTE via3 -lt 0.2 -single_point -output region;
}

RULE via3.3 {
    CAPTION "Only min. square via3s are allowed except die seal ring where via3s are (via3 CD)*L == 0.20 * L";
    CAPTION " this seal ring via3 does not have W = 0.2 um";
    RECT_CHK -not via3.insideSR -eq 0.2;
}

RULE CDR.via3.4 {
    CAPTION "CDR: Min enclosure of via3 by met3: 0.06 um";
    ENC via3 met3 -lt 0.06 -output region;
    EDGE_SELECT via3 met3;
}

RULE CDR.via3.5 {
    CAPTION "CDR: Min enclosure of via3 by 3et3 on one of two adjacent sides: 0.09 um";
    RECT_ENC via3 met3 -good 0.09 0 0.09 0;
}

RULE CDR.nsm.1 {
    CAPTION "CDR: Min width of nsm: 3.00 um";
    INTE nsm -lt 3 -single_point -output region;
}

RULE CDR.nsm.2 {
    CAPTION "CDR: Min spacing of nsm: 4.00 um";
    EXTE nsm nsm -lt 4 -single_point -output region;
}

RULE CDR.m4.1 {
    CAPTION "CDR: Min width of met4: 0.30 um";
    INTE m4_dg -lt 0.3 -output region;
}

RULE CDR.m4.2 {
    CAPTION "CDR: Min spacing/notch of met4: 0.30 um";
    EXTE m4_dg -lt 0.3 -single_point -output region;
}

RULE CDR.m4.3 {
    CAPTION "CDR: Min enclosure of via3 by met4: 0.065 um";
    ENC via3 m4_dg -lt 0.065 -output region;
    EDGE_SELECT -inside via3 m4_dg;
}

RULE CDR.m4.4a {
    CAPTION "CDR: Min met4 area: 0.240 sq um";
    AREA m4_dg -lt 0.24;
}
NOT m4_dg huge_met4 met4_not_huge;
SIZE huge_met4 -by 0.28 -inside_of m4_dg -outputlayer huge_met4_040;
AND met4_not_huge huge_met4_040 met4_huge_and;
SELECT -touch met4_huge_and huge_met4 -outputlayer met4_touching_huge;

RULE CDRW.m4.5a {
    CAPTION "CDRW: Min spacing of huge met4 (width > 3.0 um) to narrow met4,";
    CAPTION "including features extending 0.28 um into narrow met4: 0.40 um";
    CAPTION "(rule not checked over non-huge m4_dg features)";
    EXTE met4_touching_huge m4_dg -lt 0.4 -single_point -output region;
}

RULE CDRW.m4.5b {
    CAPTION "CDRW: Min spacing of huge_met4 to met4 excluding features checked by m4.3c: 0.40 um";
    EXTE huge_met4 m4_dg -lt 0.4 -single_point -output region;
}

RULE CDR.m4.7 {
    CAPTION "CDR: Min area of met4 holes: 0.200 sq um";
    HOLES met4 -outputlayer m4.7_a;
    AREA m4.7_a -lt 0.2;
}
SELECT -inside via4 SEALID -outputlayer via4.insideSR;
NOT via4 via4.insideSR via4.outsideSR;

RULE CDR.via4.1 {
    CAPTION "CDR: Min and max L and W of via4 == 0.80 um";
    RECT_CHK -not via4.outsideSR -eq 0.8 -by -eq 0.8 -orthogonal_only;
}

RULE CDR.via4.2 {
    CAPTION "CDR: Spacing of via4: 0.80 um";
    EXTE via4 -lt 0.8 -single_point -output region;
}

RULE via4.3 {
    CAPTION "Only min. square via4s are allowed except die seal ring where via4s are (via4 CD)*L == 0.80 * L";
    CAPTION " this seal ring via4 does not have W = 0.8 um";
    RECT_CHK -not via4.insideSR -eq 0.8;
}

RULE CDR.via4.4 {
    CAPTION "CDR: Min enclosure of via4 by met4: 0.19 um";
    ENC via4 met4 -lt 0.19 -output region;
    EDGE_SELECT via4 met4;
}

RULE CDR.m5.1 {
    CAPTION "CDR: Min width of met5: 1.60 um";
    INTE m5_dg -lt 1.6 -output region;
}

RULE CDR.m5.2 {
    CAPTION "CDR: Min spacing/notch of met5: 1.60 um";
    EXTE m5_dg -lt 1.6 -single_point -output region;
}

RULE CDR.m5.3 {
    CAPTION "CDR: Min enclosure of via4 by met5: 0.31 um";
    ENC via4 m5_dg -lt 0.31 -output region;
    EDGE_SELECT -inside via4 m5_dg;
}

RULE CDR.m5.4 {
    CAPTION "CDR: Min area of met5: 4.0 sq um";
    AREA m5_dg -lt 4;
}

RULE CDR.pad.2 {
    CAPTION "CDR: Min spacing of pad: 1.27 um";
    EXTE pad -lt 1.27 -single_point -output region;
}

RULE pad.3 {
    CAPTION "Min area of hugePad NOT top_metal: 30000 sq um";
    CAPTION " Adjust top_metal based on final process type";
    NOT hugePad met5 -outputlayer pad.3a;
    AREA pad.3a -lt 30000;
}

RULE hvi.nwell {
    CAPTION "hvi must not straddle nwell";
    EDGE_BOOLEAN -inside hvi nwell;
}

RULE hvi.1 {
    CAPTION "Min width of Hvi: 0.02 um";
    INTE hvi -lt 0.02 -single_point -output region;
}

RULE hvi.2 {
    CAPTION "Min spacing of Hvi to Hvi: 0.70 um";
    CAPTION "Manual merge if space is below minimum";
    EXTE hvi hvi -lt 0.7 -single_point -output region;
}

RULE hvi.4 {
    CAPTION "Hvi must not overlap tunm";
    AND hvi tunm;
}
OR hvi vhvi uhvi -outputlayer all_hvi;
SELECT -interact nwell uhvi -outputlayer nwell_uhvi;
STAMP nwell_uhvi nwell -outputlayer nwell_uhv;
NOT nwell nwell_uhv -outputlayer nw_not_uvh;
SELECT -interact nw_not_uvh vhvi -outputlayer nwell_vhvi;
STAMP nwell_vhvi nwell -outputlayer nwell_vhv;
OR nwell_uhv nwell_vhv _EPTMPL262981;
NOT nwell _EPTMPL262981 -outputlayer nw_not_vhv_or_uhv;
SELECT -interact nw_not_vhv_or_uhv hvi -outputlayer nwell_hvi;
STAMP nwell_hvi nwell -outputlayer nwell_hv;
SELECT -interact -not nwell all_hvi -outputlayer nwell_lvi;
STAMP nwell_lvi nwell -outputlayer nwell_lv;

RULE hvnwell.8.hv {
    CAPTION "Min space/notch of HV_nwell: 1.27";
    EXTE nwell_hv -lt 1.27 -abut -lt 90 -single_point -output region;
}

RULE hvnwell.8.hv_vhv {
    CAPTION "Min space of HV_nwell to VHV_nwell: 2.0";
    EXTE nwell_hv nwell_vhv -lt 2 -abut -lt 90 -single_point -output region;
}

RULE hvnwell.8.hv_uhv {
    CAPTION "Min space of HV_nwell to UHV_nwell: 2.5";
    EXTE nwell_hv nwell_uhv -lt 2.5 -abut -lt 90 -single_point -output region;
}

RULE hvnwell.8.vhv {
    CAPTION "Min space/notch of VHV_nwell: 2.0";
    EXTE nwell_vhv -lt 2 -abut -lt 90 -single_point -output region;
}

RULE hvnwell.8.vhv_uhv {
    CAPTION "Min space of VHV_nwell to UHV_nwell: 2.5";
    EXTE nwell_vhv nwell_uhv -lt 2.5 -abut -lt 90 -single_point -output region;
}

RULE hvnwell.8.uvh {
    CAPTION "Min space/notch of UHV_nwell: 2.5";
    EXTE nwell_uhv -lt 2.5 -abut -lt 90 -single_point -output region;
}
SELECT -cut nwell hvi -outputlayer nwell_ovlp_hvi;

RULE hvnwell.9 {
    CAPTION "(Nwell overlapping hvi) must be enclosed by hvi";
    NOT nwell_ovlp_hvi hvi;
}

RULE hvdifftap.14 {
    CAPTION "Min width of diff (not tap) inside hvi, except HV pdiff resistors (hvdifftap.14a): 0.29 um";
    AND diff hvi -outputlayer hvdiff;
    SELECT -interact -not hvdiff diff_res _EPTMPL262996;
    INTE hvdifftap.14:_EPTMPL262996 -lt 0.29 -single_point -output region;
}

RULE hvdifftap.14a {
    CAPTION "Min width of diff inside hvi, HV pdiff resistors only: 0.15 um";
    AND diff diff_res _EPTMPL262998;
    AND hvdifftap.14a:_EPTMPL262998 hvi -outputlayer hvdiff;
    INTE hvdiff -lt 0.15 -single_point -output region;
}

RULE hvdifftap.15a {
    CAPTION "Min space of diff inside hvi: 0.30 um";
    EXTE hdiff hdiff -lt 0.3 -single_point -output region;
}

RULE hvdifftap.15b {
    CAPTION "Min space of ndiff to non-abutting ptap inside hvi: 0.37 um";
    AND ptap hvi -outputlayer hvdifftap.15b_a;
    AND ndiff hvi -outputlayer hvdifftap.15b_b;
    EXTE hvdifftap.15b_a hvdifftap.15b_b -lt 0.37 -single_point -output region;
}

RULE hvdifftap.16 {
    CAPTION "Min width tap butting diff on one or two sides inside hvi: 0.70 um";
    CAPTION " Rule exempted inside UHVI";
    SELECT -touch htap hdiff -ltgt 0 3 -outputlayer hvdifftap.16_a;
    NOT hvdifftap.16_a uhvi -outputlayer hvdifftap.16_b;
    INTE hvdifftap.16_b -lt 0.7 -single_point -output region;
}

RULE hvdifftap.17 {
    CAPTION "Min enclosure of HV pdiff or pdiff inside areaid:hvnwell by HV nwell: 0.33 um";
    CAPTION "  Rule exempted inside UHVI ";
    SELECT -outside -not pdiff areaid.hl -outputlayer hvdifftap.17_a;
    ENC hvdifftap.17_a hv_nwell -lt 0.33 -output region;
}

RULE hvdifftap.18 {
    CAPTION "Min spacing of N+ diff to HV nwell (rule exempted inside UHVI): 0.43 um";
    NOT ndiff uhvi -outputlayer hvdifftap.18_a;
    EXTE hvdifftap.18_a hv_nwell -lt 0.43 -single_point -output region;
}

RULE hvdifftap.19 {
    CAPTION "Min enclosure of HV ntap by HV nwell: 0.33 um";
    CAPTION "  Rule exempted inside UHVI ";
    NOT htap uhvi -outputlayer hvdifftap.19_a;
    ENC hvdifftap.19_a hv_nwell -lt 0.33 -output region;
}

RULE hvdifftap.20 {
    CAPTION "Spacing of P+ tap to HV nwell (Exempted for ptap butting pwell.rs, rule exempted inside UHVI): 0.43 um";
    NOT ptap uhvi -outputlayer hvdifftap.20_a;
    EXTE hvdifftap.20_a hv_nwell -lt 0.43 -output region;
}

RULE hvdifftap.21 {
    CAPTION "Diff or tap cannot straddle hvi";
    SELECT -cut diff hvi;
    SELECT -cut tap hvi;
}

RULE hvdifftap.22 {
    CAPTION "Min enclosure of Hdiff or Htap by hvi. Rule exempted inside UHVI: 0.18 um ";
    NOT hdiff uhvi -outputlayer hvdifftap.22_a;
    NOT htap uhvi -outputlayer hvdifftap.22_b;
    ENC hvdifftap.22_a hvi -lt 0.18 -output region;
    ENC hvdifftap.22_b hvi -lt 0.18 -output region;
}

RULE hvdifftap.24 {
    CAPTION "Min spacing of nwell to HV ndiff (rule exempted inside UHVI): 0.43 um";
    NOT nwell uhvi -outputlayer hvdifftap.24_a;
    EXTE hvdifftap.24_a hdiff -lt 0.43 -output region;
}

RULE CDR.hvdifftap.25 {
    CAPTION "CDR: Min space of N+ Hdiff inside HVI across non-abutting P+_tap: 1.07 um";
    NOT hdiff hvi -outputlayer hvdifftap.25_a;
    EXTE hvdifftap.25_a ptap -lt 0.107 -output region;
}
SELECT -inside poly hvi -outputlayer hvpoly.13_a;
SELECT -cut hvpoly.13_a diff -outputlayer hvpoly.13_b;
EDGE_BOOLEAN -coincident_only hvpoly.13_b gate_a -outputlayer poly_edges;

RULE hvpoly.13 {
    CAPTION "Min width of poly over diff inside hvi: 0.50 um" ;
    INTE poly_edges -lt 0.5 -metric opposite -para ONLY -output region;
}

RULE hvpoly.14 {
    CAPTION "(poly and diff) cannot straddle hvi";
    SELECT -cut gate hvi;
}

RULE CDR.hvntm.1 {
    CAPTION "CDR: Min width of hvntm: 0.70 um";
    INTE hvntm -lt 0.7 -single_point -output region;
}

RULE hvntm.2 {
    CAPTION "Spacing of hvntm to hvntm: 0.70 um";
    EXTE hvntm hvntm -lt 0.7 -single_point -output region;
}

RULE hvntm.3 {
    CAPTION "Min enclosure of (ndiff inside hvi) but not overlapping areaid.ce by hvntm: 0.185 um";
    SELECT -inside ndiff hvi -outputlayer hvntm.3_a;
    NOT hvntm.3_a areaid.ce hvntm.3_b;
    ENC hvntm.3_b hvntm -lt 0.185 -output region;
}

RULE hvntm.4 {
    CAPTION "Min space between (ndiff outside hvi) and hvntm: 0.185 um";
    CAPTION " No overlap allowed "	;
    SELECT -outside ndiff hvi -outputlayer hvntm.4_a;
    EXTE hvntm.4_a hvntm -lt 0.185 -single_point -output region;
    NOT ndiff hvi _EPTMPL263038;
    AND hvntm.4:_EPTMPL263038 hvntm;
}

RULE hvntm.5 {
    CAPTION "Min space between pdiff and hvntm: 0.185 um";
    CAPTION " No overlap allowed "	;
    EXTE pdiff hvntm -lt 0.185 -overlap -single_point -output region;
}

RULE hvntm.6a {
    CAPTION "Min space between ptap and hvntm (except along the diff-butting edge): 0.185 um";
    CAPTION " No overlap allowed "	;
    EXTE ptap hvntm -lt 0.185 -overlap -single_point -output region;
}

RULE hvntm.6b {
    CAPTION "Min space between ptap and hvntm along the diff-butting edge: 0.00 um";
    CAPTION " No overlap allowed "	;
    SELECT -touch ptap hvntm -outputlayer hvntm.6b_a;
    EXTE hvntm.6b_a ptap -eq 0 -output region;
}

RULE hvntm.9 {
    CAPTION "hvntm must not overlap areaid.ce";
    AND hvntm areaid.ce;
}

RULE hvntm.10 {
    CAPTION "hvntm must overlap hvi (v5)" ;
    NOT hvntm hvi;
}
NOT areaid.en dnwell areaid.de_nFet;
AND diff areaid.de_nFet -outputlayer de_nFet_SD;
SELECT -interact -not de_nFet_SD poly -outputlayer isolated_ntap;
AND poly areaid.de_nFet -outputlayer deFET_gate_pvsTmp1;
SELECT -inside -not deFET_gate_pvsTmp1 pwde -outputlayer deFET_gate;
NOT diff dnwell -outputlayer de_nFet_gate_pvsTmp1;
SELECT -cut deFET_gate de_nFet_gate_pvsTmp1 -outputlayer de_nFet_gate;
SELECT -cut de_nFet_SD de_nFet_gate -outputlayer de_nFet_source;
AND isolated_ntap areaid.de_nFet -outputlayer de_nFet_drain_pvsTmp1;
SELECT -inside de_nFet_drain_pvsTmp1 nwell -outputlayer de_nFet_drain;

RULE denmos.1 {
    CAPTION "Min width of de_nFet_gate: 1.055 um" ;
    INTE de_nFet_gate -lt 1.055 -single_point -output region;
}
NOT de_nFet_source poly -outputlayer de_nFet_source_not_poly;
AND de_nFet_source poly -outputlayer de_nFet_source_and_poly;

RULE denmos.2 {
    CAPTION "Min width of de_nFet_source not overlapping poly: 0.28 um";
    INTE de_nFet_source_not_poly -lt 0.28 -single_point -output region;
}

RULE denmos.3 {
    CAPTION "Min width of de_nFet_source overlapping poly: 0.925 um";
    INTE de_nFet_source_and_poly -lt 0.925 -single_point -output region;
}
ANGLE -not de_nFet_drain -ltgt 0 90 -outputlayer de_nFet_drain_ortho;
EDGE_LENGTH de_nFet_drain_ortho -lt 0.17 -outputlayer de_nFet_drain_bad;

RULE denmos.4 {
    CAPTION "Min width of the de_nFet_drain: 0.17 um";
    COPY de_nFet_drain_bad;
}
AND de_nFet_source nwell -outputlayer de_nFet_source_nwell;

RULE denmos.5 {
    CAPTION "Min/Max extension of de_nFet_source over nwell == 0.225";
    WITH_WIDTH -not de_nFet_source_nwell -eq 0.225;
}
EXTE de_nFet_drain de_nFet_source -eq 1.585 -single_point -parallel only -metric opposite -output region -outputlayer de_nFet_good_region;
SELECT -touch -not de_nFet_source de_nFet_good_region -outputlayer de_nFet_source_bad;

RULE denmos.6 {
    CAPTION "Min/Max spacing between de_nFet_drain and de_nFet_source == 1.585 um";
    EXTE de_nFet_drain de_nFet_source_bad -lt 3 -parallel only -metric opposite -output region;
}
EDGE_BOOLEAN -inside de_nFet_gate diff -outputlayer denmos_width;

RULE denmos.7 {
    CAPTION "Min channel width for de_nFet_gate: 5.00 um";
    EDGE_LENGTH denmos_width -lt 5;
}
SELECT -enclose nwell de_nFET_drain -outputlayer denmos.8_nwell;

RULE denmos.8 {
    CAPTION "90 degree angles are not permitted for nwell overlapping de_nFET_drain";
    VERTEX denmos.8_nwell -lt 8;
}
ENC ntap nwell_ovlp_de_nFET_Drain -lt 0.66 -output region -outputlayer denmos.10.region;
SELECT -interact -not denmos.10.region de_nFet_source -outputlayer denmos.10.bad;

RULE denmos.10 {
    CAPTION "Min enclosure of de_nFet_drain by nwell: 0.66 um";
    COPY denmos.10.bad;
}
SELECT -cut nwell de_nFET_drain -outputlayer nwell_ovlp_de_nFET_Drain;

RULE denmos.11 {
    CAPTION "Min spacing between p+ tap and (nwell overlapping de_nFet_drain): 0.86 um";
    EXTE ptap_actual nwell_ovlp_de_nFET_Drain -lt 0.86 -single_point -output region;
}

RULE denmos.12 {
    CAPTION "Min spacing between nwells overlapping de_nFET_drain: 2.40 um";
    EXTE nwell_ovlp_de_nFET_Drain -lt 2.4 -single_point -output region;
}

RULE denmos.13 {
    CAPTION "de_nFet_source must be enclosed by nsdm by: 0.13 um";
    ENC de_nFet_source nsdm -lt 0.13 -output region;
}
AND areaid.en dnwell areaid.de_pFet;
AND diff areaid.de_pFet -outputlayer de_pFet_SD;
SELECT -interact -not de_pFet_SD poly -outputlayer isolated_ptap;
AND isolated_ptap areaid.de_pFet -outputlayer de_pFet_drain_pvsTmp1;
SELECT -inside -not de_pFet_drain_pvsTmp1 nwell -outputlayer de_pFet_drain;
NOT de_pFet_SD de_pFet_drain de_pFet_source;
SELECT -cut poly de_pFet_SD -outputlayer de_pFet_gate;

RULE depmos.1 {
    CAPTION "Min width of de_pFet_gate: 1.05 um" ;
    INTE de_pFet_gate -lt 1.05 -single_point -output region;
}
NOT de_pFet_source poly -outputlayer de_pFet_source_not_poly;
AND de_pFet_source poly -outputlayer de_pFet_source_and_poly;

RULE depmos.2 {
    CAPTION "Min width of de_pFet_source not overlapping poly: 0.28 um";
    INTE de_pFet_source_not_poly -lt 0.28 -single_point -output region;
}

RULE depmos.3 {
    CAPTION "Min width of de_pFet_source overlapping poly: 0.92 um";
    INTE de_pFet_source_and_poly -lt 0.92 -single_point -output region;
}
ANGLE -not de_pFet_drain -ltgt 0 90 -outputlayer de_pFet_drain_ortho;
EDGE_LENGTH de_pFet_drain_ortho -lt 0.17 -outputlayer de_pFet_drain_bad;

RULE depmos.4 {
    CAPTION "Min width of the de_pFet_drain: 0.17 um";
    COPY de_pFet_drain_bad;
}
SELECT -cut de_pFet_source nwell -outputlayer de_pFet_source_w_nwell;
NOT de_pFet_source_w_nwell nwell -outputlayer de_pFet_source_not_nwell;

RULE depmos.5 {
    CAPTION "Min/Max extension of de_pFet_source beyond nwell == 0.260";
    WITH_WIDTH de_pFet_source_not_nwell -ne 0.26;
}
EXTE de_pFet_drain de_pFet_source -eq 1.19 -single_point -parallel only -metric opposite -output region -outputlayer de_pFet_good_region;
SELECT -touch -not de_pFet_source de_pFet_good_region -outputlayer de_pFet_source_bad;

RULE depmos.6 {
    CAPTION "Min/Max spacing between de_pFet_drain and de_pFet_source == 1.19 um";
    EXTE de_pFet_drain de_pFet_source_bad -lt 2 -parallel only -metric opposite -output region;
}
EDGE_BOOLEAN -inside de_pFet_gate diff -outputlayer depmos_width;

RULE depmos.7 {
    CAPTION "Min channel width for de_pFet_gate: 5.00 um";
    EDGE_LENGTH depmos_width -lt 5;
}
HOLES nwell -outputlayer nwell_holes;
SELECT -enclose nwell_holes de_pFET_drain -outputlayer depmos.8_nwell;

RULE depmos.8 {
    CAPTION "90 degree angles are not permitted for nwell overlapping de_pFET_drain";
    VERTEX depmos.8_nwell -lt 8;
}

RULE depmos.10 {
    CAPTION "Min enclosure of de_pFet_drain by nwell hole: 0.86 um";
    ENC de_pFet_drain nwell_holes -lt 0.86 -output region;
}
SELECT -enclose nwell_holes de_pFET_drain -outputlayer nwell_enc_de_pFET_Drain;

RULE depmos.11 {
    CAPTION "Min spacing between n+ tap and (nwell hole enclosing de_pFet_drain): 0.66 um";
    EXTE ntap_actual nwell_enc_de_pFET_Drain -lt 0.66 -single_point -output region;
}

RULE depmos.12 {
    CAPTION "Min enclosure of de_pFet_source by psdm: 0.13 um";
    ENC de_pFet_source psdm -lt 0.13 -output region;
}

RULE vhvi.uhvi {
    CAPTION "vhvi must not overlap uhvi";
    AND vhvi uhvi;
}

RULE vhvi.1 {
    CAPTION "Min width of vhvi:dg: 0.02 um";
    INTE vhvi -lt 0.02 -single_point -output region;
}

RULE vhvi.2 {
    CAPTION "Vhvi:dg cannot overlap areaid:ce";
    AND vhvi areaid.ce;
}

RULE vhvi.3 {
    CAPTION "VHVGate must overlap hvi:dg"	;
    SELECT -interact -not VHVGate hvi;
}

RULE vhvi.5 {
    CAPTION "Vhvi:dg cannot straddle VHVSourceDrain";
    SELECT -cut vhvi VHVSourceDrain;
}

RULE vhvi.6 {
    CAPTION "Vhvi:dg overlapping VHVSourceDrain must not overlap poly"	;
    SELECT -interact -not vhvi VHVSourceDrain -outputlayer vhvi.6_a;
    AND vhvi.6_a poly;
}

RULE vhvi.7 {
    CAPTION "Vhvi:dg cannot straddle VHVPoly";
    SELECT -cut vhvi VHVPoly;
}

RULE uhvi.1 {
    CAPTION "diff/tap cannot straddle UHVI";
    SELECT -cut diff uhvi;
}

RULE uhvi.2 {
    CAPTION "poly cannot straddle UHVI";
    SELECT -cut poly uhvi;
}
NOT pwbm lv_net pwbm_not_LV;

RULE uhvi.3 {
    CAPTION "pwbm must be enclosed by UHVI (exempt inside areaid:lvnet)";
    SELECT -inside -not pwbm_not_LV uhvi;
}

RULE uhvi.4 {
    CAPTION "dnwell cannot straddle UHVI";
    SELECT -cut dnwell uhvi;
}

RULE pwres.3 {
    CAPTION "Min length of pwell resistor: 26.50 um";
    RECT_CHK -not pwell_res -eq 2.65 -by -lege 26.5 265;
}

RULE pwres.5 {
    CAPTION "Min/Max spacing of tap inside the pwell resistor to nwell == 0.22 um";
    SELECT -inside tap pwell_res -outputlayer pwres.5_a;
    EXTE pwres.5_a nwell -lt 0.22 -single_point -output region;
}

RULE pwres.6 {
    CAPTION "Min/Max width of tap inside the pwell resistor == 0.53 um";
    SELECT -inside tap pwell_res -outputlayer pwres.6_a;
    WITH_WIDTH pwres.6_a -ne 0.53;
}

RULE pwres.7a {
    CAPTION "Every pwres_terminal must enclose 12 licon";
    SELECT -enclose -not pwell_terminal licon -eq 12;
}

RULE pwres.7b {
    CAPTION "Every pwres_terminal must enclose 12 mcons if routed through metal1";
    SELECT -inside licon pwell_terminal -outputlayer licon_in_term;
    SELECT -enclose li1 licon_in_term -outputlayer li1_with_licon_in_term;
    SELECT -enclose li1_with_licon_in_term mcon -outputlayer li1_con_met1_in_term;
    SELECT -inside li1_con_met1_in_term met1 -outputlayer term_con_met1;
    SELECT -enclose -not pwell_terminal mcon -eq 12;
}

RULE pwres.8 {
    CAPTION "Diff or poly is not allowed in the pwell resistor.";
    AND diff pwell_res;
    AND poly pwell_res;
}
OR sealid_hole SEALID -outputlayer chip_plus_sealhole;
SELECT -interact -not ALL SEALID _EPTMPL263137;
OR chip_plus_sealhole _EPTMPL263137 -outputlayer fill_extent;
NOT fill_extent SEALID -outputlayer fill_extent_not_SEALID;
OR diff_in diff_fill diff_mask -outputlayer diff_layers;
OR poly_dg poly_fill poly_mask -outputlayer poly_layers;
OR li_dg li_fill li_mask -outputlayer li_layers;
OR m1_dg m1_fill m1_mask -outputlayer m1_layers;
OR m2_dg m2_fill m2_mask -outputlayer m2_layers;
OR m3_dg m3_fill m3_mask -outputlayer m3_layers;
OR m4_dg m4_fill m4_mask -outputlayer m4_layers;
OR m5_dg m5_fill m5_mask -outputlayer m5_layers;

RULE diff.fill.1 {
    CAPTION "diff fill must be rectangles";
    VERTEX diff_fill -gt 4;
}

RULE diff.fill.2 {
    CAPTION "Min width of diff fill:  0.5 um";
    RECT_CHK diff_fill -lt 0.5;
}

RULE diff.fill.3 {
    CAPTION "Max length of diff fill:  25. um";
    RECT_CHK diff_fill -gt 25;
}

RULE diff.fill.4 {
    CAPTION "diff fill must not overlap diff or tap";
    SELECT -outside -not diff_fill diff_in;
}

RULE diff.fill.5 {
    CAPTION "diff fill must not overlap poly";
    SELECT -outside -not diff_fill poly_dg;
}

RULE diff.fill.6 {
    CAPTION "diff fill must not overlap or touch licon";
    SELECT -interact diff_fill licon;
}

RULE diff.fill.7 {
    CAPTION "diff fill must not overlap areaid:seal";
    SELECT -outside -not diff_fill SEALID;
}

RULE diff.fill.8 {
    CAPTION "diff fill must not overlap diff fill block";
    SELECT -outside -not diff_fill diff_fillblock;
}

RULE diff.fill.9 {
    CAPTION "Min spacing diff fill to diff fill: 0.4 um";
    EXTE diff_fill -lt 0.4 -single_point -output region;
}

RULE diff.fill.10 {
    CAPTION "Min spacing (no touch) diff fill to diff or tap: 0.5 um";
    EXTE diff_fill diff_in -lt 0.5 -output region;
    SELECT -touch diff_fill diff_in;
}

RULE diff.fill.11 {
    CAPTION "Min spacing (no touch) diff fill to diff fill_block: 0.5 um";
    EXTE diff_fill diff_fillblock -lt 0.5 -output region;
    SELECT -touch diff_fill diff_fillblock;
    SELECT -interact -single_point only diff_fill diff_fillblock;
}

RULE diff.fill.12 {
    CAPTION "Min spacing (no touch) diff fill to nsdm / psdm: 0.13 um";
    OR nsdm psdm _EPTMPL263162;
    EXTE diff_fill diff.fill.12:_EPTMPL263162 -lt 0.13 -output region;
    OR nsdm psdm _EPTMPL263164;
    SELECT -touch diff_fill diff.fill.12:_EPTMPL263164;
}

RULE diff.fill.13 {
    CAPTION "Min spacing (no touch) diff fill to poly: 0.5 um";
    EXTE diff_fill poly_dg -lt 0.5 -output region;
    SELECT -touch diff_fill poly_dg;
}

RULE diff.fill.14 {
    CAPTION "Min spacing diff fill to nwell: 0.34 um";
    EXTE diff_fill nwell -lt 0.34 -output region;
    SELECT -touch diff_fill nwell;
}

RULE diff.fill.15 {
    CAPTION "Min spacing (no touch) diff fill to HV nwell: 0.33 um";
    AND nwell all_hvi _EPTMPL263170;
    EXTE diff_fill diff.fill.15:_EPTMPL263170 -lt 0.33 -output region;
    AND nwell all_hvi _EPTMPL263172;
    SELECT -touch diff_fill diff.fill.15:_EPTMPL263172;
}

RULE diff.fill.16 {
    CAPTION "Min spacing (no touch) diff fill to areaid.seal (SEALID): 1. um";
    EXTE diff_fill SEALID -lt 1 -output region;
    SELECT -touch diff_fill SEALID;
    SELECT -interact -single_point only diff_fill SEALID;
}
AND nwell hvi -outputlayer nwell_5v;
NOT nwell hvi -outputlayer nwell_not_5v;

RULE diff.fill.17 {
    CAPTION "Min enclosure of diff fill by nwell: 0.18 um";
    CAPTION " diff fill straddling nwell not allowed ";
    ENC diff_fill nwell_not_5v -lt 0.18 -output region;
    EDGE_SELECT -inside diff_fill nwell_not_5v;
    SELECT -cut diff_fill nwell_not_5v;
}

RULE diff.fill.18 {
    CAPTION "Min enclosure of diff fill by 5 volt nwell: 0.43 um";
    CAPTION " diff fill straddling 5 volt nwell not allowed ";
    ENC diff_fill nwell_5v -lt 0.43 -output region;
    EDGE_SELECT -inside diff_fill nwell_5v;
    SELECT -cut diff_fill nwell_5v;
}

RULE diff.fill.19 {
    CAPTION "Min enclosure, with no overlap, of diff fill by FRAME (areaid.fe): 0.5 um";
    CAPTION " diff fill straddling FRAME not allowed ";
    ENC diff_fill areaid.fe -lt 0.5 -output region;
    EDGE_SELECT -inside diff_fill areaid.fe;
    SELECT -cut diff_fill areaid.fe;
}

RULE poly.fill.1 {
    CAPTION "poly fill must be rectangles";
    VERTEX poly_fill -gt 4;
}

RULE poly.fill.2 {
    CAPTION "Min width of poly fill:  0.48 um";
    RECT_CHK poly_fill -lt 0.48;
}

RULE poly.fill.3 {
    CAPTION "Max length of poly fill:  0.72 um";
    RECT_CHK poly_fill -gt 0.72;
}

RULE poly.fill.4 {
    CAPTION "poly fill must not overlap diff or tap";
    SELECT -outside -not poly_fill diff_in;
}

RULE poly.fill.5 {
    CAPTION "poly fill must not overlap poly";
    SELECT -outside -not poly_fill poly_dg;
}

RULE poly.fill.6 {
    CAPTION "poly fill must not overlap areaid:seal";
    SELECT -outside -not poly_fill SEALID;
}

RULE poly.fill.7 {
    CAPTION "poly fill must not overlap poly fill block";
    SELECT -outside -not poly_fill poly_fillblock;
}

RULE poly.fill.8 {
    CAPTION "Min spacing poly fill to poly fill: 0.36 um";
    EXTE poly_fill -lt 0.36 -single_point -output region;
}

RULE poly.fill.9 {
    CAPTION "Min spacing (no touch) poly fill to poly: 1. um";
    EXTE poly_fill poly_dg -lt 1 -output region;
    SELECT -touch poly_fill poly_dg;
}

RULE poly.fill.10 {
    CAPTION "Min spacing (no touch) poly fill to poly fill_block: 1. um";
    EXTE poly_fill poly_fillblock -lt 1 -output region;
    SELECT -touch poly_fill poly_fillblock;
}

RULE poly.fill.11 {
    CAPTION "Min spacing (no touch) poly fill to diff fill: 0.3 um";
    EXTE poly_fill diff_fill -lt 0.3 -output region;
    SELECT -touch poly_fill diff_fill;
}

RULE poly.fill.12 {
    CAPTION "Min spacing (no touch) poly fill to diff or tap: 1. um";
    EXTE poly_fill diff_in -lt 1 -output region;
    SELECT -touch poly_fill diff_in;
    SELECT -interact -single_point only poly_fill diff_in;
}

RULE poly.fill.13 {
    CAPTION "Min spacing (no touch) poly fill to areaid.seal (SEALID): 1. um";
    EXTE poly_fill SEALID -lt 1 -output region;
    SELECT -touch poly_fill SEALID;
    SELECT -interact -single_point only poly_fill SEALID;
}

RULE poly.fill.14 {
    CAPTION "Min enclosure of poly fill by FRAME (areaid.fe): 0.5 um";
    CAPTION " poly fill straddling FRAME not allowed ";
    ENC poly_fill areaid.fe -lt 0.5 -output region;
    EDGE_SELECT -inside poly_fill areaid.fe;
    SELECT -cut poly_fill areaid.fe;
}

RULE li.fill.1 {
    CAPTION "li fill must be rectangles";
    VERTEX li_fill -gt 4;
}

RULE li.fill.2 {
    CAPTION "Min width of li fill:  0.5 um";
    RECT_CHK li_fill -lt 0.5;
}

RULE li.fill.3 {
    CAPTION "Max length of li fill:  5.0 um";
    RECT_CHK li_fill -gt 5;
}

RULE li.fill.4 {
    CAPTION "li fill must not overlap li";
    SELECT -outside -not li_fill li_dg;
}

RULE li.fill.5 {
    CAPTION "li fill must not overlap poly";
    SELECT -outside -not li_fill poly_dg;
}

RULE li.fill.6 {
    CAPTION "li fill must not overlap or touch licon";
    SELECT -interact li_fill licon;
}

RULE li.fill.7 {
    CAPTION "li fill must not overlap or touch mcon";
    SELECT -interact li_fill mcon;
}

RULE li.fill.8 {
    CAPTION "li fill must not overlap areaid:seal";
    SELECT -outside -not li_fill SEALID;
}

RULE li.fill.9 {
    CAPTION "li fill must not overlap li fill block";
    SELECT -outside -not li_fill li_fillblock;
}

RULE li.fill.10 {
    CAPTION "Min spacing li fill to li fill: 0.5 um";
    EXTE li_fill -lt 0.5 -single_point -output region;
}

RULE li.fill.11 {
    CAPTION "Min spacing (no touch) li fill to li: 0.5 um";
    EXTE li_fill li_dg -lt 0.5 -output region;
    SELECT -touch li_fill li_dg;
    SELECT -interact -single_point only li_fill li_dg;
}

RULE li.fill.12 {
    CAPTION "Min spacing (no touch) li fill to li fill_block: 0.5 um";
    EXTE li_fill li_fillblock -lt 0.5 -output region;
    SELECT -touch li_fill li_fillblock;
    SELECT -interact -single_point only li_fill li_fillblock;
}

RULE li.fill.13 {
    CAPTION "Min spacing (no touch) li fill to licon: 0.5 um";
    EXTE li_fill licon -lt 0.5 -output region;
    SELECT -touch li_fill licon;
}

RULE li.fill.14 {
    CAPTION "Min spacing (no touch) li fill to mcon: 0.5 um";
    EXTE li_fill mcon -lt 0.5 -output region;
    SELECT -touch li_fill mcon;
}

RULE li.fill.15 {
    CAPTION "Min spacing (no touch) li fill to areaid.seal (SEALID): 1. um";
    EXTE li_fill SEALID -lt 1 -output region;
    SELECT -touch li_fill SEALID;
    SELECT -interact -single_point only li_fill SEALID;
}

RULE li.fill.16 {
    CAPTION "Min enclosure of LI fill by FRAME (areaid.fe): 0.5 um";
    CAPTION " LI fill straddling FRAME not allowed ";
    ENC li_fill areaid.fe -lt 0.5 -output region;
    EDGE_SELECT -inside li_fill areaid.fe;
    SELECT -cut li_fill areaid.fe;
}

RULE m1.fill.1 {
    CAPTION "met1 fill must be rectangles";
    VERTEX m1_fill -gt 4;
}

RULE m1.fill.2 {
    CAPTION "Min width of met1 fill:  0.3 um";
    RECT_CHK m1_fill -lt 0.3;
}

RULE m1.fill.3 {
    CAPTION "Max length of met1 fill:  2. um";
    RECT_CHK m1_fill -gt 2;
}

RULE m1.fill.4 {
    CAPTION "met1 fill must not overlap met1";
    SELECT -outside -not m1_fill m1_dg;
}

RULE m1.fill.5 {
    CAPTION "met1 fill must not overlap areaid:seal";
    SELECT -outside -not m1_fill SEALID;
}

RULE m1.fill.6 {
    CAPTION "met1 fill must not overlap mcon";
    SELECT -outside -not m1_fill mcon;
}

RULE m1.fill.7 {
    CAPTION "met1 fill must not overlap via1";
    SELECT -outside -not m1_fill via1;
}

RULE m1.fill.8 {
    CAPTION "met1 fill must not overlap met1 fill block";
    SELECT -outside -not m1_fill m1_fillblock;
}

RULE m1.fill.9 {
    CAPTION "Min spacing met1 fill to met1 fill: 0.3 um";
    EXTE m1_fill -lt 0.3 -single_point -output region;
}

RULE m1.fill.10 {
    CAPTION "Min spacing (no touch) met1 fill to areaid.seal (SEALID): 1. um";
    EXTE m1_fill SEALID -lt 1 -output region;
    SELECT -touch m1_fill SEALID;
    SELECT -interact -single_point only m1_fill SEALID;
}

RULE m1.fill.11 {
    CAPTION "Min spacing (no touch) met1 fill to mcon: 0.3 um";
    EXTE m1_fill mcon -lt 0.3 -output region;
    SELECT -touch m1_fill mcon;
}

RULE m1.fill.12 {
    CAPTION "Min spacing (no touch) met1 fill to met1 dg: 0.3 um";
    EXTE m1_fill m1_dg -lt 0.3 -output region;
    SELECT -touch m1_fill m1_dg;
    SELECT -interact -single_point only m1_fill m1_dg;
}

RULE m1.fill.13 {
    CAPTION "Min spacing (no touch) met1 fill to via1: 0.3 um";
    EXTE m1_fill via1 -lt 0.3 -output region;
    SELECT -touch m1_fill via1;
}

RULE m1.fill.14 {
    CAPTION "Min spacing (no touch) met1 fill to met1 fill_block: 0.3 um";
    EXTE m1_fill m1_fillblock -lt 0.3 -output region;
    SELECT -touch m1_fill m1_fillblock;
    SELECT -interact -single_point only m1_fill m1_fillblock;
}

RULE m1.fill.15 {
    CAPTION "Min enclosure of met1 fill by FRAME (areaid.fe): 0.5 um";
    CAPTION " met1 fill straddling FRAME not allowed ";
    ENC m1_fill areaid.fe -lt 0.5 -output region;
    EDGE_SELECT -inside m1_fill areaid.fe;
    SELECT -cut m1_fill areaid.fe;
}

RULE m2.fill.1 {
    CAPTION "met2 fill must be rectangles";
    VERTEX m2_fill -gt 4;
}

RULE m2.fill.2 {
    CAPTION "Min width of met2 fill:  0.3 um";
    RECT_CHK m2_fill -lt 0.3;
}

RULE m2.fill.3 {
    CAPTION "Max length of met2 fill:  2. um";
    RECT_CHK m2_fill -gt 2;
}

RULE m2.fill.4 {
    CAPTION "met2 fill must not overlap met2";
    SELECT -outside -not m2_fill m2_dg;
}

RULE m2.fill.5 {
    CAPTION "met2 fill must not overlap areaid:seal";
    SELECT -outside -not m2_fill SEALID;
}

RULE m2.fill.6 {
    CAPTION "met2 fill must not overlap via1";
    SELECT -outside -not m2_fill via1;
}

RULE m2.fill.7 {
    CAPTION "met2 fill must not overlap via2";
    SELECT -outside -not m2_fill via2;
}

RULE m2.fill.8 {
    CAPTION "met2 fill must not overlap met2 fill block";
    SELECT -outside -not m2_fill m2_fillblock;
}

RULE m2.fill.9 {
    CAPTION "Min spacing met2 fill to met2 fill: 0.3 um";
    EXTE m2_fill -lt 0.3 -single_point -output region;
}

RULE m2.fill.10 {
    CAPTION "Min spacing (no touch) met2 fill to areaid.seal (SEALID): 1. um";
    EXTE m2_fill SEALID -lt 1 -output region;
    SELECT -touch m2_fill SEALID;
    SELECT -interact -single_point only m2_fill SEALID;
}

RULE m2.fill.11 {
    CAPTION "Min spacing (no touch) met2 fill to via1: 0.3 um";
    EXTE m2_fill via1 -lt 0.3 -output region;
    SELECT -touch m2_fill via1;
}

RULE m2.fill.12 {
    CAPTION "Min spacing (no touch) met2 fill to met2 dg: 0.3 um";
    EXTE m2_fill m2_dg -lt 0.3 -output region;
    SELECT -touch m2_fill m2_dg;
    SELECT -interact -single_point only m2_fill m2_dg;
}

RULE m2.fill.13 {
    CAPTION "Min spacing (no touch) met2 fill to via2: 0.3 um";
    EXTE m2_fill via2 -lt 0.3 -output region;
    SELECT -touch m2_fill via2;
}

RULE m2.fill.14 {
    CAPTION "Min spacing (no touch) met2 fill to met2 fill_block: 0.3 um";
    EXTE m2_fill m2_fillblock -lt 0.3 -output region;
    SELECT -touch m2_fill m2_fillblock;
    SELECT -interact -single_point only m2_fill m2_fillblock;
}

RULE m2.fill.15 {
    CAPTION "Min enclosure of met2 fill by FRAME (areaid.fe): 0.5 um";
    CAPTION " met2 fill straddling FRAME not allowed ";
    ENC m2_fill areaid.fe -lt 0.5 -output region;
    EDGE_SELECT -inside m2_fill areaid.fe;
    SELECT -cut m2_fill areaid.fe;
}

RULE m3.fill.1 {
    CAPTION "met3 fill must be rectangles";
    VERTEX m3_fill -gt 4;
}

RULE m3.fill.2 {
    CAPTION "Min width of met3 fill:  0.5 um";
    RECT_CHK m3_fill -lt 0.5;
}

RULE m3.fill.3 {
    CAPTION "Max length of met3 fill:  2. um";
    RECT_CHK m3_fill -gt 2;
}

RULE m3.fill.4 {
    CAPTION "met3 fill must not overlap met3";
    SELECT -outside -not m3_fill m3_dg;
}

RULE m3.fill.5 {
    CAPTION "met3 fill must not overlap areaid:seal";
    SELECT -outside -not m3_fill SEALID;
}

RULE m3.fill.6 {
    CAPTION "met3 fill must not overlap via2";
    SELECT -outside -not m3_fill via2;
}

RULE m3.fill.7 {
    CAPTION "met3 fill must not overlap via3";
    SELECT -outside -not m3_fill via3;
}

RULE m3.fill.8 {
    CAPTION "met3 fill must not overlap met3 fill block";
    SELECT -outside -not m3_fill m3_fillblock;
}

RULE m3.fill.9 {
    CAPTION "Min spacing met3 fill to met3 fill: 0.3 um";
    EXTE m3_fill -lt 0.3 -single_point -output region;
}

RULE m3.fill.10 {
    CAPTION "Min spacing (no touch) met3 fill to areaid.seal (SEALID): 1. um";
    EXTE m3_fill SEALID -lt 1 -output region;
    SELECT -touch m3_fill SEALID;
    SELECT -interact -single_point only m3_fill SEALID;
}

RULE m3.fill.11 {
    CAPTION "Min spacing (no touch) met3 fill to via2: 0.5 um";
    EXTE m3_fill via2 -lt 0.5 -output region;
    SELECT -touch m3_fill via2;
}

RULE m3.fill.12 {
    CAPTION "Min spacing (no touch) met3 fill to met3 dg: 0.5 um";
    EXTE m3_fill m3_dg -lt 0.5 -output region;
    SELECT -touch m3_fill m3_dg;
    SELECT -interact -single_point only m3_fill m3_dg;
}

RULE m3.fill.13 {
    CAPTION "Min spacing (no touch) met3 fill to via3: 0.5 um";
    EXTE m3_fill via3 -lt 0.5 -output region;
    SELECT -touch m3_fill via3;
}

RULE m3.fill.14 {
    CAPTION "Min spacing (no touch) met3 fill to met3 fill_block: 0.5 um";
    EXTE m3_fill m3_fillblock -lt 0.5 -output region;
    SELECT -touch m3_fill m3_fillblock;
    SELECT -interact -single_point only m3_fill m3_fillblock;
}

RULE m3.fill.15 {
    CAPTION "Min enclosure of met3 fill by FRAME (areaid.fe): 0.5 um";
    CAPTION " met3 fill straddling FRAME not allowed ";
    ENC m3_fill areaid.fe -lt 0.5 -output region;
    EDGE_SELECT -inside m3_fill areaid.fe;
    SELECT -cut m3_fill areaid.fe;
}

RULE m4.fill.1 {
    CAPTION "met4 fill must be rectangles";
    VERTEX m4_fill -gt 4;
}

RULE m4.fill.2 {
    CAPTION "Min width of met4 fill:  0.5 um";
    RECT_CHK m4_fill -lt 0.5;
}

RULE m4.fill.3 {
    CAPTION "Max length of met4 fill:  2. um";
    RECT_CHK m4_fill -gt 2;
}

RULE m4.fill.4 {
    CAPTION "met4 fill must not overlap met4";
    SELECT -outside -not m4_fill m4_dg;
}

RULE m4.fill.5 {
    CAPTION "met4 fill must not overlap areaid:seal";
    SELECT -outside -not m4_fill SEALID;
}

RULE m4.fill.6 {
    CAPTION "met4 fill must not overlap via3";
    SELECT -outside -not m4_fill via3;
}

RULE m4.fill.7 {
    CAPTION "met4 fill must not overlap via4";
    SELECT -outside -not m4_fill via4;
}

RULE m4.fill.8 {
    CAPTION "met4 fill must not overlap met4 fill block";
    SELECT -outside -not m4_fill m4_fillblock;
}

RULE m4.fill.9 {
    CAPTION "Min spacing met4 fill to met4 fill: 0.3 um";
    EXTE m4_fill -lt 0.3 -single_point -output region;
}

RULE m4.fill.10 {
    CAPTION "Min spacing (no touch) met4 fill to areaid.seal (SEALID): 1. um";
    EXTE m4_fill SEALID -lt 1 -output region;
    SELECT -touch m4_fill SEALID;
    SELECT -interact -single_point only m4_fill SEALID;
}

RULE m4.fill.11 {
    CAPTION "Min spacing (no touch) met4 fill to via3: 0.5 um";
    EXTE m4_fill via3 -lt 0.5 -output region;
    SELECT -touch m4_fill via3;
}

RULE m4.fill.12 {
    CAPTION "Min spacing (no touch) met4 fill to met4 dg: 0.5 um";
    EXTE m4_fill m4_dg -lt 0.5 -output region;
    SELECT -touch m4_fill m4_dg;
    SELECT -interact -single_point only m4_fill m4_dg;
}

RULE m4.fill.13 {
    CAPTION "Min spacing (no touch) met4 fill to via4: 0.5 um";
    EXTE m4_fill via4 -lt 0.5 -output region;
    SELECT -touch m4_fill via4;
}

RULE m4.fill.14 {
    CAPTION "Min spacing (no touch) met4 fill to met4 fill_block: 0.5 um";
    EXTE m4_fill m4_fillblock -lt 0.3 -output region;
    SELECT -touch m4_fill m4_fillblock;
    SELECT -interact -single_point only m4_fill m4_fillblock;
}

RULE m4.fill.15 {
    CAPTION "Min enclosure of met4 fill by FRAME (areaid.fe): 0.5 um";
    CAPTION " met4 fill straddling FRAME not allowed ";
    ENC m4_fill areaid.fe -lt 0.5 -output region;
    EDGE_SELECT -inside m4_fill areaid.fe;
    SELECT -cut m4_fill areaid.fe;
}

RULE m5.fill.1 {
    CAPTION "met5 fill must be rectangles";
    VERTEX m5_fill -gt 4;
}

RULE m5.fill.2 {
    CAPTION "Min width of met5 fill:  2. um";
    RECT_CHK m5_fill -lt 2;
}

RULE m5.fill.3 {
    CAPTION "Max length of met5 fill:  5. um";
    RECT_CHK m5_fill -gt 5;
}

RULE m5.fill.4 {
    CAPTION "met5 fill must not overlap met5";
    SELECT -outside -not m5_fill m5_dg;
}

RULE m5.fill.5 {
    CAPTION "met5 fill must not overlap areaid:seal";
    SELECT -outside -not m5_fill SEALID;
}

RULE m5.fill.6 {
    CAPTION "met5 fill must not overlap via4";
    SELECT -outside -not m5_fill via4;
}

RULE m5.fill.7 {
    CAPTION "met5 fill must not overlap met5 fill block";
    SELECT -outside -not m5_fill m5_fillblock;
}

RULE m5.fill.8 {
    CAPTION "Min spacing met5 fill to met5 fill: 1.6 um";
    EXTE m5_fill -lt 1.6 -single_point -output region;
}

RULE m5.fill.9 {
    CAPTION "Min spacing (no touch) met5 fill to areaid.seal (SEALID): 1. um";
    EXTE m5_fill SEALID -lt 1 -output region;
    SELECT -touch m5_fill SEALID;
    SELECT -interact -single_point only m5_fill SEALID;
}

RULE m5.fill.10 {
    CAPTION "Min spacing (no touch) met5 fill to met5 dg: 3. um";
    EXTE m5_fill m5_dg -lt 3 -output region;
    SELECT -touch m5_fill m5_dg;
    SELECT -interact -single_point only m5_fill m5_dg;
}

RULE m5.fill.11 {
    CAPTION "Min spacing (no touch) met5 fill to via4: 3. um";
    EXTE m5_fill via4 -lt 3 -output region;
    SELECT -touch m5_fill via4;
}

RULE m5.fill.12 {
    CAPTION "Min spacing (no touch) met5 fill to met5 fill_block: 3. um";
    EXTE m5_fill m5_fillblock -lt 3 -output region;
    SELECT -touch m5_fill m5_fillblock;
    SELECT -interact -single_point only m5_fill m5_fillblock;
}

RULE m5.fill.13 {
    CAPTION "Min enclosure of met5 fill by FRAME (areaid.fe): 0.5 um";
    CAPTION " met5 fill straddling FRAME not allowed ";
    ENC m5_fill areaid.fe -lt 0.5 -output region;
    EDGE_SELECT -inside m5_fill areaid.fe;
    SELECT -cut m5_fill areaid.fe;
}

RULE m3.fill.capm.1 {
    CAPTION "met3 fill should not overlap or touch capm";
    SELECT -interact -single_point also m3_fill capm;
}

RULE m3.fill.capm.2 {
    CAPTION "Min space met3 fill to capm: 1.2;
    EXTE capm m3_fill -lt 1.2 -abut -lt 90 -exclude_shielded -output region;
}

RULE m4.fill.cap2m.1 {
    CAPTION "met4 fill should not overlap or touch cap2m";
    SELECT -interact -single_point also m4_fill cap2m;
}

RULE m4.fill.cap2m.2 {
    CAPTION "Min space met4 fill to capm: 1.2;
    EXTE capm m3_fill -lt 1.2 -abut -lt 90 -exclude_shielded -output region;
}

RULE CDR.mcon.cover.1 {
    CAPTION "CDR: mcon must be inside li";
    NOT mcon li_dg;
}

RULE mcon.cover.2 {
    CAPTION "mcon must be inside met1";
    NOT mcon m1_dg;
}

RULE via1.cover.1 {
    CAPTION "via1 must be inside met1";
    NOT via1 m1_dg;
}

RULE via1.cover.2 {
    CAPTION "via1 must be inside met2";
    NOT via1 m2_dg;
}

RULE via2.cover.1 {
    CAPTION "via2 must be inside met2";
    NOT via2 m2_dg;
}

RULE via2.cover.2 {
    CAPTION "via2 must be inside met3";
    NOT via2 m3_dg;
}

RULE via3.cover.1 {
    CAPTION "via3 must be inside met3";
    NOT via3 m3_dg;
}

RULE via3.cover.2 {
    CAPTION "via3 must be inside met4";
    NOT via3 m3_dg;
}

RULE via4.cover.1 {
    CAPTION "via4 must be inside met4";
    NOT via4 m4_dg;
}

RULE via4.cover.2 {
    CAPTION "via4 must be inside met5";
    NOT via4 m4_dg;
}
SELECT -cut -not diff_res li1 -outputlayer diffres_maybe;
NOT diff_dg diffres_maybe diff_dg_not_res;

RULE difftap.res {
    CAPTION "WARNING: diff res must fit exactly inside diff drawing";
    SELECT -touch -not diffres_maybe diff_dg_not_res -eq 2;
    SELECT -cut diff_res diff;
}
SELECT -cut -not li1_res li_dg -outputlayer lires_maybe;
NOT li_dg lires_maybe li_dg_not_res;

RULE li.res {
    CAPTION "WARNING: li res must fit exactly inside li drawing";
    SELECT -touch -not lires_maybe li_dg_not_res -eq 2;
    SELECT -cut li1_res li_dg;
}
SELECT -cut -not met1_res m1_dg -outputlayer met1res_maybe;
NOT m1_dg met1res_maybe m1_dg_not_res;

RULE m1.res {
    CAPTION "WARNING: met1 res must fit exactly inside met1 drawing";
    SELECT -touch -not met1res_maybe m1_dg_not_res -eq 2;
    SELECT -cut met1_res m1_dg;
}
SELECT -cut -not met2_res m2_dg -outputlayer met2res_maybe;
NOT m2_dg met2res_maybe m2_dg_not_res;

RULE m2.res {
    CAPTION "WARNING: met2 res must fit exactly inside met2 drawing";
    SELECT -touch -not met2res_maybe m2_dg_not_res -eq 2;
    SELECT -cut met2_res m2_dg;
}
SELECT -cut -not met3_res m3_dg -outputlayer met3res_maybe;
NOT m3_dg met3res_maybe m3_dg_not_res;

RULE m3.res {
    CAPTION "WARNING: met3 res must fit exactly inside met3 drawing";
    SELECT -touch -not met3res_maybe m3_dg_not_res -eq 2;
    SELECT -cut met3_res m3_dg;
}
SELECT -cut -not met4_res m4_dg -outputlayer met4res_maybe;
NOT m4_dg met4res_maybe m4_dg_not_res;

RULE m4.res {
    CAPTION "WARNING: met4 res must fit exactly inside met4 drawing";
    SELECT -touch -not met4res_maybe m4_dg_not_res -eq 2;
    SELECT -cut met4_res m4_dg;
}
SELECT -cut -not met5_res m5_dg -outputlayer met5res_maybe;
NOT m5_dg met5res_maybe m5_dg_not_res;

RULE m5.res {
    CAPTION "WARNING: met5 res must fit exactly inside met5 drawing";
    SELECT -touch -not met5res_maybe m5_dg_not_res -eq 2;
    SELECT -cut met5_res m4_dg;
}

RULE li.block.1 {
    CAPTION "li cannot overlap li blockage";
    AND li1 li1_block;
}

RULE m1.block.1 {
    CAPTION "met1 cannot overlap met1 blockage";
    AND met1 met1_block;
}

RULE m2.block.1 {
    CAPTION "met2 cannot overlap met2 blockage";
    AND met2 met2_block;
}

RULE m3.block.1 {
    CAPTION "met3 cannot overlap met3 blockage";
    AND met3 met3_block;
}

RULE m4.block.1 {
    CAPTION "met4 cannot overlap met4 blockage";
    AND met4 met4_block;
}

RULE m5.block.1 {
    CAPTION "met5 cannot overlap met5 blockage";
    AND met5 met5_block;
}

RULE li.block.2 {
    CAPTION "Min spacing of li to li blockage: 0.17 um";
    EXTE li1 li1_block -lt 0.17 -single_point -output region;
}

RULE m1.block.2 {
    CAPTION "Min spacing of met1 to met1 blockage: 0.14 um";
    EXTE met1 met1_block -lt 0.14 -single_point -output region;
}

RULE m2.block.2 {
    CAPTION "Min spacing of met2 to met2 blockage: 0.14 um";
    EXTE met2 met2_block -lt 0.14 -single_point -output region;
}

RULE m3.block.2 {
    CAPTION "Min spacing of met3 to met3 blockage: 0.3 um";
    EXTE met3 met3_block -lt 0.3 -single_point -output region;
}

RULE m4.block.2 {
    CAPTION "Min spacing of met4 to met4 blockage: 0.3 um";
    EXTE met4 met4_block -lt 0.3 -single_point -output region;
}

RULE m5.block.2 {
    CAPTION "Min spacing of met5 to met5 blockage: 1.6 um";
    EXTE met5 met5_block -lt 1.6 -single_point -output region;
}
LAYER_DEF cfom_fill 9001;
LAYER_MAP 22 -datatype 99 9001;

RULE diff.oldfill.1 {
    CAPTION "WARNING: cfom/fill (GDS 22:99) is not supported. Use diff/fill (GDS 65:99)";
    COPY cfom_fill;
}

RULE diff.oldfill.2 {
    CAPTION "WARNING: cfom/waffleDrop (GDS 22:24) is not supported. Use diff/fill_block (GDS 65:98)";
    COPY cfom_waffle_drop;
}
LAYER_DEF cp1m_fill 9091;
LAYER_MAP 28 -datatype 28 9091;

RULE poly.oldfill.1 {
    CAPTION "WARNING: cp1m/fill (GDS 28:28) is not supported. Use poly/fill (GDS 66:99)";
    COPY cp1m_fill;
}

RULE poly.oldfill.2 {
    CAPTION "WARNING: cp1m/waffleDrop (GDS 33:24) is not supported. Use poly/fill_block (GDS 66:98)";
    COPY cp1m_waffle_drop;
}
LAYER_DEF cli1m_fill 9111;
LAYER_MAP 56 -datatype 28 9111;

RULE li.oldfill.1 {
    CAPTION "WARNING: cli1m/fill (GDS 56:28) is not supported. Use li/fill (GDS 67:99)";
    COPY cli1m_fill;
}
LAYER_DEF cmm1_fill 9002;
LAYER_MAP 36 -datatype 28 9002;

RULE m1.oldfill.1 {
    CAPTION "WARNING: cmm1/fill (GDS 36:28) is not supported. Use met1/fill (GDS 68:99)";
    COPY cmm1_fill;
}

RULE m1.oldfill.2 {
    CAPTION "WARNING: cmm1/waffleDrop (GDS 62:24) is not supported. Use met1/fill_block (GDS 68:98)";
    COPY cmm1_waffle_drop;
}
LAYER_DEF cmm2_fill 9003;
LAYER_MAP 41 -datatype 28 9003;

RULE m2.oldfill.1 {
    CAPTION "WARNING: cmm2/fill (GDS 41:28) is not supported. Use met2/fill (GDS 69:99)";
    COPY cmm2_fill;
}

RULE m2.oldfill.2 {
    CAPTION "WARNING: cmm2/waffleDrop (GDS 105:52) is not supported. Use met2/fill_block (GDS 69:98)";
    COPY cmm2_waffle_drop;
}
LAYER_DEF cmm3_fill 9004;
LAYER_MAP 34 -datatype 28 9004;

RULE m3.oldfill.1 {
    CAPTION "WARNING: cmm3/fill (GDS 34:28) is not supported. Use met3/fill (GDS 70:99)";
    COPY cmm3_fill;
}

RULE m3.oldfill.2 {
    CAPTION "WARNING: cmm3/waffleDrop (GDS 107:52) is not supported. Use met3/fill_block (GDS 70:98)";
    COPY cmm3_waffle_drop;
}
LAYER_DEF cmm4_fill 9005;
LAYER_MAP 51 -datatype 28 9005;

RULE m4.oldfill.1 {
    CAPTION "WARNING: cmm4/fill (GDS 51:28) is not supported. Use met4/fill (GDS 71:99)";
    COPY cmm4_fill;
}

RULE m4.oldfill.2 {
    CAPTION "WARNING: cmm4/waffleDrop (GDS 112:4) is not supported. Use met4/fill_block (GDS 71:98)";
    COPY cmm4_waffle_drop;
}
LAYER_DEF cmm5_fill 9006;
LAYER_MAP 59 -datatype 28 9006;

RULE m5.oldfill.1 {
    CAPTION "WARNING: cmm5/fill (GDS 59:28)) is not supported. Use met5/fill (GDS 72:99)";
    COPY cmm5_fill;
}

RULE m5.oldfill.2 {
    CAPTION "WARNING: cmm5/waffleDrop (GDS 117:4) is not supported. Use met5/fill_block (GDS 72:98)";
    COPY cmm5_waffle_drop;
}
GROUP_RULES X x.? CDR?x.?;
GROUP_RULES NWELL nwell.? CDR?nwell.?;
GROUP_RULES DNWELL dnwell.? CDR?dnwell.?;
GROUP_RULES HVTP hvtp.? CDR?hvtp.?;
GROUP_RULES HVTR hvtr.? CDR?hvtr.?;
GROUP_RULES LVTN lvtn.? CDR?lvtn.?;
GROUP_RULES NCM ncm.? CDR?ncm.?;
GROUP_RULES DIFFTAP difftap.? diff.? CDR?difftap.? CDR?diff.?;
GROUP_RULES TUNM tunm.? CDR?tunm.?;
GROUP_RULES POLY poly.? CDR?poly.?;
GROUP_RULES RPM rpm.? urpm.? CDR?rpm.? CDR?urpm.?;
GROUP_RULES VARAC varac.? CDR?varac.?;
GROUP_RULES PHOTO photo.? CDR?photo.?;
GROUP_RULES NPC npc.? CDR?npc.?;
GROUP_RULES N_PSD psd.? CDR?psd.?;
GROUP_RULES LICON licon.? CDR?licon.?;
GROUP_RULES LI li.? CDR?li.?;
GROUP_RULES MCON mcon.? CDR?mcon.?;
GROUP_RULES CAPM capm.? cap2m.? CDR?capm.? CDR?cap2m.?;
GROUP_RULES VPP vpp.? CDR?vpp.?;
GROUP_RULES M1 m1.? CDR?.m1.?;
GROUP_RULES VIA1 via1.? CDR?via1.?;
GROUP_RULES M2 m2.? CDR?m2.?;
GROUP_RULES VIA2 via2.? CDR?via2.?;
GROUP_RULES M3 m3.? CDR?m3.?;
GROUP_RULES VIA3 via3.? CDR?via3.?;
GROUP_RULES NSM nsm.? CDR?nsm.?;
GROUP_RULES M4 m4.? CDR?m4.?;
GROUP_RULES VIA4 via4.? CDR?via4.?;
GROUP_RULES M5 m5.? CDR?m5.?;
GROUP_RULES PAD pad.? CDR?pad.?;
GROUP_RULES HVI hvi.? CDR?hvi.?;
GROUP_RULES HVNWELL hvnwell.? CDR?hvnwell.?;
GROUP_RULES HVDIFFTAP hvdifftap.? CDR?hvdifftap.?;
GROUP_RULES HVPOLY hvpoly.? CDR?hvpoly.?;
GROUP_RULES HVNTM hvntm.? CDR?hvntm.?;
GROUP_RULES DENMOS denmos.? CDR?denmos.?;
GROUP_RULES DEPMOS depmos.? CDR?depmos.?;
GROUP_RULES VHVI vhvi.? CDR?vhvi.?;
GROUP_RULES UHVI uhvi.? CDR?uhvi.?;
GROUP_RULES PWRES pwres.? CDR?pwres.?;
GROUP_RULES all_CDR_CDRW CDR.? CDRW.?;
GROUP_RULES only_CDR CDR.?;
GROUP_RULES only_CDRW CDRW.?;
GROUP_RULES only_density ?.global.? ?.local.?;
GROUP_RULES only_fill ?.fill.?;
EXCEPTION_SEVERITY circle 4;
EXCEPTION_SEVERITY ctrapezoid_degenerate 2;
EXCEPTION_SEVERITY path_acute 6;
EXCEPTION_SEVERITY path_circular 6;
EXCEPTION_SEVERITY path_degenerate 2;
EXCEPTION_SEVERITY path_endsegment_short 1;
EXCEPTION_SEVERITY path_nonorientable 4;
EXCEPTION_SEVERITY path_nonsimple 1;
EXCEPTION_SEVERITY path_spike 2;
EXCEPTION_SEVERITY polygon_degenerate 2;
EXCEPTION_SEVERITY polygon_nonorientable 2;
EXCEPTION_SEVERITY precision_rule_file 1;
EXCEPTION_SEVERITY trapezoid_degenerate 2;
LAYOUT_PATH_WIDTH_MULTIPLE 1;
EXCEPTION_SEVERITY path_width_multiple 3;

########################################################################
checkout PVS license ...
########################################################################
This mode requires 1 primary license.
Checking out SoftShare license Phys_Ver_Sys_DRC_XL 16.1 ... succeeded (1s).



########################################################################
Optimizing Rules ...
########################################################################
Layer 'met1_res' and 'm1_fillblock' have the same mask number 1291.
Layer 'met2_res' and 'm2_fillblock' have the same mask number 1292.
Layer 'met3_res' and 'm3_fillblock' have the same mask number 1293.
Layer 'met4_res' and 'm4_fillblock' have the same mask number 1294.
Layer 'met5_res' and 'm5_fillblock' have the same mask number 1295.
Operation 'SELECT -outside' at line 6 in file /home/aed/libs/Sky130_cadance_pdk/sky130_release_0.1.0/Sky130_DRC/Include/derived_layers.drc.pvl is not selected for executing, remove it.
Operation 'SIZE' at line 9 in file /home/aed/libs/Sky130_cadance_pdk/sky130_release_0.1.0/Sky130_DRC/Include/derived_layers.drc.pvl is not selected for executing, remove it.
Operation 'SELECT -label' at line 14 in file /home/aed/libs/Sky130_cadance_pdk/sky130_release_0.1.0/Sky130_DRC/Include/derived_layers.drc.pvl is not selected for executing, remove it.
Operation 'OR' at line 19 in file /home/aed/libs/Sky130_cadance_pdk/sky130_release_0.1.0/Sky130_DRC/Include/derived_layers.drc.pvl is not selected for executing, remove it.
Operation 'NOT' at line 20 in file /home/aed/libs/Sky130_cadance_pdk/sky130_release_0.1.0/Sky130_DRC/Include/derived_layers.drc.pvl is not selected for executing, remove it.
Operation 'EXTENT_DRAWN' at line 33 in file /home/aed/libs/Sky130_cadance_pdk/sky130_release_0.1.0/Sky130_DRC/Include/derived_layers.drc.pvl is not selected for executing, remove it.
Operation 'NOT' at line 35 in file /home/aed/libs/Sky130_cadance_pdk/sky130_release_0.1.0/Sky130_DRC/Include/derived_layers.drc.pvl is not selected for executing, remove it.
Operation 'SELECT -cut' at line 39 in file /home/aed/libs/Sky130_cadance_pdk/sky130_release_0.1.0/Sky130_DRC/Include/derived_layers.drc.pvl is not selected for executing, remove it.
Operation 'HOLES' at line 41 in file /home/aed/libs/Sky130_cadance_pdk/sky130_release_0.1.0/Sky130_DRC/Include/derived_layers.drc.pvl is not selected for executing, remove it.
Operation 'OR' at line 43 in file /home/aed/libs/Sky130_cadance_pdk/sky130_release_0.1.0/Sky130_DRC/Include/derived_layers.drc.pvl is not selected for executing, remove it.
Operation 'NOT' at line 122 in file /home/aed/libs/Sky130_cadance_pdk/sky130_release_0.1.0/Sky130_DRC/Include/derived_layers.drc.pvl is not selected for executing, remove it.
Operation 'SELECT -inside' at line 123 in file /home/aed/libs/Sky130_cadance_pdk/sky130_release_0.1.0/Sky130_DRC/Include/derived_layers.drc.pvl is not selected for executing, remove it.
Operation 'SELECT -cut' at line 130 in file /home/aed/libs/Sky130_cadance_pdk/sky130_release_0.1.0/Sky130_DRC/Include/derived_layers.drc.pvl is not selected for executing, remove it.
Operation 'SELECT -enclose' at line 134 in file /home/aed/libs/Sky130_cadance_pdk/sky130_release_0.1.0/Sky130_DRC/Include/derived_layers.drc.pvl is not selected for executing, remove it.
Operation 'NOT' at line 135 in file /home/aed/libs/Sky130_cadance_pdk/sky130_release_0.1.0/Sky130_DRC/Include/derived_layers.drc.pvl is not selected for executing, remove it.
Operation 'SELECT -enclose' at line 137 in file /home/aed/libs/Sky130_cadance_pdk/sky130_release_0.1.0/Sky130_DRC/Include/derived_layers.drc.pvl is not selected for executing, remove it.
Operation 'RECT_CHK' at line 138 in file /home/aed/libs/Sky130_cadance_pdk/sky130_release_0.1.0/Sky130_DRC/Include/derived_layers.drc.pvl is not selected for executing, remove it.
Operation 'SELECT -enclose' at line 147 in file /home/aed/libs/Sky130_cadance_pdk/sky130_release_0.1.0/Sky130_DRC/Include/derived_layers.drc.pvl is not selected for executing, remove it.
Operation 'SELECT -donut' at line 172 in file /home/aed/libs/Sky130_cadance_pdk/sky130_release_0.1.0/Sky130_DRC/Include/derived_layers.drc.pvl is not selected for executing, remove it.
Operation 'SELECT -donut' at line 173 in file /home/aed/libs/Sky130_cadance_pdk/sky130_release_0.1.0/Sky130_DRC/Include/derived_layers.drc.pvl is not selected for executing, remove it.
Operation 'SELECT -donut' at line 174 in file /home/aed/libs/Sky130_cadance_pdk/sky130_release_0.1.0/Sky130_DRC/Include/derived_layers.drc.pvl is not selected for executing, remove it.
Operation 'SELECT -enclose' at line 175 in file /home/aed/libs/Sky130_cadance_pdk/sky130_release_0.1.0/Sky130_DRC/Include/derived_layers.drc.pvl is not selected for executing, remove it.
Operation 'SELECT -enclose' at line 175 in file /home/aed/libs/Sky130_cadance_pdk/sky130_release_0.1.0/Sky130_DRC/Include/derived_layers.drc.pvl is not selected for executing, remove it.
Operation 'SELECT -enclose' at line 175 in file /home/aed/libs/Sky130_cadance_pdk/sky130_release_0.1.0/Sky130_DRC/Include/derived_layers.drc.pvl is not selected for executing, remove it.
Operation 'OFFGRID' at line 34 in file /home/aed/libs/Sky130_cadance_pdk/sky130_release_0.1.0/Sky130_DRC/Include/x.drc.pvl does not drive any operation, remove it.
Operation 'RECT_CHK' at line 77 in file /home/aed/libs/Sky130_cadance_pdk/sky130_release_0.1.0/Sky130_DRC/Include/x.drc.pvl is not selected for executing, remove it.
Operation 'RECT_CHK' at line 79 in file /home/aed/libs/Sky130_cadance_pdk/sky130_release_0.1.0/Sky130_DRC/Include/x.drc.pvl is not selected for executing, remove it.
Operation 'RECT_CHK' at line 80 in file /home/aed/libs/Sky130_cadance_pdk/sky130_release_0.1.0/Sky130_DRC/Include/x.drc.pvl is not selected for executing, remove it.
Operation 'RECT_CHK' at line 81 in file /home/aed/libs/Sky130_cadance_pdk/sky130_release_0.1.0/Sky130_DRC/Include/x.drc.pvl is not selected for executing, remove it.
Operation 'RECT_CHK' at line 102 in file /home/aed/libs/Sky130_cadance_pdk/sky130_release_0.1.0/Sky130_DRC/Include/x.drc.pvl is not selected for executing, remove it.
Operation 'AND' at line 116 in file /home/aed/libs/Sky130_cadance_pdk/sky130_release_0.1.0/Sky130_DRC/Include/difftap.drc.pvl is not selected for executing, remove it.
Operation 'SELECT -touch' at line 89 in file /home/aed/libs/Sky130_cadance_pdk/sky130_release_0.1.0/Sky130_DRC/Include/poly.drc.pvl is not selected for executing, remove it.
Operation 'SELECT -touch' at line 90 in file /home/aed/libs/Sky130_cadance_pdk/sky130_release_0.1.0/Sky130_DRC/Include/poly.drc.pvl is not selected for executing, remove it.
Operation 'NOT' at line 14 in file /home/aed/libs/Sky130_cadance_pdk/sky130_release_0.1.0/Sky130_DRC/Include/li.drc.pvl is not selected for executing, remove it.
Operation 'AND' at line 15 in file /home/aed/libs/Sky130_cadance_pdk/sky130_release_0.1.0/Sky130_DRC/Include/li.drc.pvl is not selected for executing, remove it.
Operation 'SELECT -inside' at line 85 in file /home/aed/libs/Sky130_cadance_pdk/sky130_release_0.1.0/Sky130_DRC/Include/li.drc.pvl is not selected for executing, remove it.
Operation 'NOT' at line 86 in file /home/aed/libs/Sky130_cadance_pdk/sky130_release_0.1.0/Sky130_DRC/Include/li.drc.pvl is not selected for executing, remove it.
Operation 'NOT' at line 89 in file /home/aed/libs/Sky130_cadance_pdk/sky130_release_0.1.0/Sky130_DRC/Include/m1.drc.pvl is not selected for executing, remove it.
Operation 'NOT' at line 26 in file /home/aed/libs/Sky130_cadance_pdk/sky130_release_0.1.0/Sky130_DRC/Include/via1.drc.pvl is not selected for executing, remove it.
Operation 'NOT' at line 8 in file /home/aed/libs/Sky130_cadance_pdk/sky130_release_0.1.0/Sky130_DRC/Include/via2.drc.pvl is not selected for executing, remove it.
Operation 'NOT' at line 12 in file /home/aed/libs/Sky130_cadance_pdk/sky130_release_0.1.0/Sky130_DRC/Include/via3.drc.pvl is not selected for executing, remove it.
Operation 'SELECT -inside' at line 50 in file /home/aed/libs/Sky130_cadance_pdk/sky130_release_0.1.0/Sky130_DRC/Include/pwres.drc.pvl does not drive any operation, remove it.
Operation 'OR' at line 12 in file /home/aed/libs/Sky130_cadance_pdk/sky130_release_0.1.0/Sky130_DRC/Include/density.drc.pvl is not selected for executing, remove it.
Operation 'SELECT -interact' at line 14 in file /home/aed/libs/Sky130_cadance_pdk/sky130_release_0.1.0/Sky130_DRC/Include/density.drc.pvl is not selected for executing, remove it.
Operation 'OR' at line 14 in file /home/aed/libs/Sky130_cadance_pdk/sky130_release_0.1.0/Sky130_DRC/Include/density.drc.pvl is not selected for executing, remove it.
Operation 'NOT' at line 15 in file /home/aed/libs/Sky130_cadance_pdk/sky130_release_0.1.0/Sky130_DRC/Include/density.drc.pvl is not selected for executing, remove it.
Operation 'OR' at line 23 in file /home/aed/libs/Sky130_cadance_pdk/sky130_release_0.1.0/Sky130_DRC/Include/density.drc.pvl is not selected for executing, remove it.
Operation 'OR' at line 24 in file /home/aed/libs/Sky130_cadance_pdk/sky130_release_0.1.0/Sky130_DRC/Include/density.drc.pvl is not selected for executing, remove it.
Operation 'OR' at line 25 in file /home/aed/libs/Sky130_cadance_pdk/sky130_release_0.1.0/Sky130_DRC/Include/density.drc.pvl is not selected for executing, remove it.
Operation 'OR' at line 26 in file /home/aed/libs/Sky130_cadance_pdk/sky130_release_0.1.0/Sky130_DRC/Include/density.drc.pvl is not selected for executing, remove it.
Operation 'OR' at line 27 in file /home/aed/libs/Sky130_cadance_pdk/sky130_release_0.1.0/Sky130_DRC/Include/density.drc.pvl is not selected for executing, remove it.
Operation 'OR' at line 28 in file /home/aed/libs/Sky130_cadance_pdk/sky130_release_0.1.0/Sky130_DRC/Include/density.drc.pvl is not selected for executing, remove it.
Operation 'OR' at line 29 in file /home/aed/libs/Sky130_cadance_pdk/sky130_release_0.1.0/Sky130_DRC/Include/density.drc.pvl is not selected for executing, remove it.
Operation 'OR' at line 30 in file /home/aed/libs/Sky130_cadance_pdk/sky130_release_0.1.0/Sky130_DRC/Include/density.drc.pvl is not selected for executing, remove it.
Operation 'SELECT -enclose' at line 49 in file /home/aed/libs/Sky130_cadance_pdk/sky130_release_0.1.0/Sky130_DRC/Include/pwres.drc.pvl does not drive any operation, remove it.
Operation 'SELECT -enclose' at line 48 in file /home/aed/libs/Sky130_cadance_pdk/sky130_release_0.1.0/Sky130_DRC/Include/pwres.drc.pvl does not drive any operation, remove it.
Operation 'SELECT -inside' at line 47 in file /home/aed/libs/Sky130_cadance_pdk/sky130_release_0.1.0/Sky130_DRC/Include/pwres.drc.pvl does not drive any operation, remove it.
Operation 'AND' at line 8 in file /home/aed/libs/Sky130_cadance_pdk/sky130_release_0.1.0/Sky130_DRC/Include/derived_layers.drc.pvl is not selected for executing, remove it.
Operation 'SELECT -cut' at line 12 in file /home/aed/libs/Sky130_cadance_pdk/sky130_release_0.1.0/Sky130_DRC/Include/derived_layers.drc.pvl is not selected for executing, remove it.
Operation 'WITH_WIDTH' at line 26 in file /home/aed/libs/Sky130_cadance_pdk/sky130_release_0.1.0/Sky130_DRC/Include/derived_layers.drc.pvl is not selected for executing, remove it.
Operation 'AND' at line 52 in file /home/aed/libs/Sky130_cadance_pdk/sky130_release_0.1.0/Sky130_DRC/Include/derived_layers.drc.pvl is not selected for executing, remove it.
Operation 'SELECT -enclose' at line 136 in file /home/aed/libs/Sky130_cadance_pdk/sky130_release_0.1.0/Sky130_DRC/Include/derived_layers.drc.pvl is not selected for executing, remove it.
Operation 'NOT' at line 22 in file /home/aed/libs/Sky130_cadance_pdk/sky130_release_0.1.0/Sky130_DRC/Include/capm.drc.pvl is not selected for executing, remove it.
Operation 'INSIDE_CELL' at line 85 in file /home/aed/libs/Sky130_cadance_pdk/sky130_release_0.1.0/Sky130_DRC/Include/m1.drc.pvl is not selected for executing, remove it.

Time: cpu=0.06/0.06  real=0.06/0.06  Memory: 5.55/5.58/5.58

checking write lock of file /home/user23/NS_SAR_ADC/doc/comparator_latch_armstrong.drc_errors.ascii.running, waiting

########################################################################
Loading Layout Data ...
########################################################################
Parsing Layer Mapping File comparator_latch_armstrong.lmap ...

GDSII Input Summary

Date: Thu Aug 20 13:54:18 2026
GDSII file: /home/user23/NS_SAR_ADC/doc/comparator_latch_armstrong.gds
GDSII size: 36864
GDSII version: 5.0
GDSII library name: NS_SAR_Analog
Last Modified: 13:54:18 8/20/2026
Last Accessed: 13:54:18 8/20/2026
data base unit in user units    : 0.001
physical size of data base unit : 1e-09
magnification: 1

loading cell M1M2_C$$1 ...
loading cell nwellTap$$2 ...
loading cell polyConn$$3 ...
loading cell nfet_01v8$$4 ...
loading cell nfet_01v8$$5 ...
loading cell nfet_01v8$$6 ...
loading cell nfet_01v8$$7 ...
loading cell pfet_01v8$$8 ...
loading cell pfet_01v8$$9 ...
loading cell pfet_01v8$$10 ...
loading cell comparator_latch_armstrong ...

Cell Summary:
----------------------------------------------------------------------------
    CELL                          INSTANCE    GEOMETRY      LABELS        HREF        FREF
----------------------------------------------------------------------------
M1M2_C$$1                                0           3           0           7           7
nwellTap$$2                              0          13           0           2           2
polyConn$$3                              0           6           0           1           1
nfet_01v8$$4                             0          21           0           1           1
nfet_01v8$$5                             0          33           0           1           1
nfet_01v8$$6                             0          33           0          16          16
nfet_01v8$$7                             0          21           0          16          16
pfet_01v8$$8                             0          34           0           8           8
pfet_01v8$$9                             0          18           0           4           4
pfet_01v8$$10                            0          22           0           8           8
comparator_latch_armstrong              64         345           0           1           1
----------------------------------------------------------------------------
TOTAL CELL = 11;  INSTANCE = 64;  GEOMETRY = 549;  LABEL = 0

Layer Summary:
----------------------------------------------------------------------------
    LAYER                              ID       HPN      HTC        FPN       FTC
----------------------------------------------------------------------------
cfom_fill                            9001         0         0         0         0
cmm1_fill                            9002         0         0         0         0
cmm2_fill                            9003         0         0         0         0
cmm3_fill                            9004         0         0         0         0
cmm4_fill                            9005         0         0         0         0
cmm5_fill                            9006         0         0         0         0
cp1m_fill                            9091         0         0         0         0
cli1m_fill                           9111         0         0         0         0
diff_dg                              1001        21         0       162         0
tap_dg                               1003         1         0         2         0
nwell                                1004         4         0        22         0
dnwell                               1005         0         0         0         0
pwbm                                 1006         0         0         0         0
pwde                                 1007         0         0         0         0
hvtr                                 1008         0         0         0         0
hvtp                                 1009         0         0         0         0
hvi                                  1011         0         0         0         0
tunm                                 1012         0         0         0         0
lvtn                                 1013         0         0         0         0
poly_dg                              1014       101         0       336         0
hvntm                                1016         0         0         0         0
nsdm                                 1017         5         0        36         0
psdm                                 1018         3         0        20         0
rpm                                  1019         0         0         0         0
urpm                                 1020         0         0         0         0
npc                                  1021         1         0         1         0
licon                                1022        50         0       368         0
li_dg                                1023        17         0       112         0
mcon                                 1025       220         0       538         0
m1_dg                                1026       120         0       221         0
via1                                 1028         1         0         7         0
m2_dg                                1029         1         0         7         0
via2                                 1031         0         0         0         0
m3_dg                                1032         0         0         0         0
via3                                 1034         0         0         0         0
m4_dg                                1035         0         0         0         0
via4                                 1037         0         0         0         0
m5_dg                                1038         0         0         0         0
pad                                  1040         0         0         0         0
nsm                                  1042         0         0         0         0
capm                                 1043         0         0         0         0
cap2m                                1044         0         0         0         0
vhvi                                 1045         0         0         0         0
uhvi                                 1046         0         0         0         0
npn                                  1047         0         0         0         0
inductor                             1048         0         0         0         0
capacitor_in                         1049         0         0         0         0
pnp                                  1050         0         0         0         0
ncm                                  1052         0         0         0         0
target                               1054         0         0         0         0
SEALID                               1055         0         0         0         0
areaid.ce                            1056         0         0         0         0
areaid.fe                            1057         0         0         0         0
areaid.sc                            1058         0         0         0         0
areaid.mt                            1062         0         0         0         0
areaid.zr                            1069         0         0         0         0
areaid.ed                            1070         0         0         0         0
areaid.de                            1071         0         0         0         0
localSub                             1076         0         0         0         0
areaid.en                            1078         0         0         0         0
areaid.hl                            1081         0         0         0         0
areaid.po                            1083         0         0         0         0
poly_res                             1091         0         0         0         0
diff_res                             1092         0         0         0         0
pwell_res                            1093         0         0         0         0
li1_res                              1094         0         0         0         0
met4_fuse                            1096         0         0         0         0
li1_block                            1100         0         0         0         0
met1_block                           1101         0         0         0         0
met2_block                           1102         0         0         0         0
met3_block                           1103         0         0         0         0
met4_block                           1104         0         0         0         0
met5_block                           1105         0         0         0         0
prBndry                              1106         0         0         0         0
li1_pin                              1139         0         0         0         0
met1_pin                             1141         0         0         0         0
met2_pin                             1143         0         0         0         0
met3_pin                             1145         0         0         0         0
met4_pin                             1147         0         0         0         0
met5_pin                             1149         0         0         0         0
poly_pin                             1152         0         0         0         0
diff_pin                             1153         0         0         0         0
nwell_pin                            1154         0         0         0         0
pad_pin                              1155         0         0         0         0
cfom_waffle_drop                     1258         0         0         0         0
cp1m_waffle_drop                     1259         0         0         0         0
cmm1_waffle_drop                     1260         0         0         0         0
cmm2_waffle_drop                     1261         0         0         0         0
cmm3_waffle_drop                     1262         0         0         0         0
cmm4_waffle_drop                     1263         0         0         0         0
cmm5_waffle_drop                     1264         0         0         0         0
m1_fill                              1281         0         0         0         0
m2_fill                              1282         0         0         0         0
m3_fill                              1283         0         0         0         0
m4_fill                              1284         0         0         0         0
m5_fill                              1285         0         0         0         0
diff_fill                            1286         0         0         0         0
poly_fill                            1287         0         0         0         0
li_fill                              1288         0         0         0         0
met1_res                             1291         0         0         0         0
met2_res                             1292         0         0         0         0
met3_res                             1293         0         0         0         0
met4_res                             1294         0         0         0         0
met5_res                             1295         0         0         0         0
diff_fillblock                       1296         0         0         0         0
poly_fillblock                       1297         0         0         0         0
li_fillblock                         1298         0         0         0         0
lv_net                               1299         0         0         0         0
quadrant1                            9991         1         0         1         0
quadrant2                            9992         1         0         1         0
quadrant3                            9993         1         0         1         0
quadrant4                            9994         1         0         1         0
----------------------------------------------------------------------------

CHIP EXTENT: -11760 -14865 11255 5

[WARN] Cell name parameter "*_tech_CD_top" for inside_cell [-not] operation not located.

Time: cpu=0.01/0.07  real=0.01/0.07  Memory: 11.68/11.79/11.79


########################################################################
Preparing Hierarchical Database ...
########################################################################

Constructing Hierarchical Database ...
========================================================================

    polyConn$$3 is expanded.
    nfet_01v8$$4 is expanded.
    nfet_01v8$$5 is expanded.

Time: cpu=0.00/0.07  real=0.00/0.07  Memory: 11.68/11.79/11.79


  REORGANIZE HIERARCHIES (1)...


Time: cpu=0.00/0.07  real=0.00/0.07  Memory: 11.68/11.79/11.79

    M1M2_C$$1 is expanded.
  REORGANIZE HIERARCHIES (2)...


Time: cpu=0.00/0.07  real=0.00/0.07  Memory: 13.69/13.80/13.80


Cell Summary:
----------------------------------------------------------------------------
    CELL                          INSTANCE    GEOMETRY      LABELS        HREF        FREF
----------------------------------------------------------------------------
nwellTap$$2                              0          13           0           2           2
nfet_01v8$$6                             0          33           0          16          16
nfet_01v8$$7                             0          21           0          16          16
pfet_01v8$$8                             0          34           0           8           8
pfet_01v8$$9                             0          18           0           4           4
pfet_01v8$$10                            0          22           0           8           8
comparator_latch_armstrong              54         426           0           1           1
----------------------------------------------------------------------------
TOTAL CELL = 7;  INSTANCE = 54;  GEOMETRY = 567;  LABEL = 0

Layer Summary:
----------------------------------------------------------------------------
    LAYER                              ID       HPN      HTC        FPN       FTC
----------------------------------------------------------------------------
cfom_fill                            9001         0         0         0         0
cmm1_fill                            9002         0         0         0         0
cmm2_fill                            9003         0         0         0         0
cmm3_fill                            9004         0         0         0         0
cmm4_fill                            9005         0         0         0         0
cmm5_fill                            9006         0         0         0         0
cp1m_fill                            9091         0         0         0         0
cli1m_fill                           9111         0         0         0         0
diff_dg                              1001        21         0       162         0
tap_dg                               1003         1         0         2         0
nwell                                1004         4         0        22         0
dnwell                               1005         0         0         0         0
pwbm                                 1006         0         0         0         0
pwde                                 1007         0         0         0         0
hvtr                                 1008         0         0         0         0
hvtp                                 1009         0         0         0         0
hvi                                  1011         0         0         0         0
tunm                                 1012         0         0         0         0
lvtn                                 1013         0         0         0         0
poly_dg                              1014       101         0       336         0
hvntm                                1016         0         0         0         0
nsdm                                 1017         5         0        36         0
psdm                                 1018         3         0        20         0
rpm                                  1019         0         0         0         0
urpm                                 1020         0         0         0         0
npc                                  1021         1         0         1         0
licon                                1022        50         0       368         0
li_dg                                1023        17         0       112         0
mcon                                 1025       220         0       538         0
m1_dg                                1026       126         0       221         0
via1                                 1028         7         0         7         0
m2_dg                                1029         7         0         7         0
via2                                 1031         0         0         0         0
m3_dg                                1032         0         0         0         0
via3                                 1034         0         0         0         0
m4_dg                                1035         0         0         0         0
via4                                 1037         0         0         0         0
m5_dg                                1038         0         0         0         0
pad                                  1040         0         0         0         0
nsm                                  1042         0         0         0         0
capm                                 1043         0         0         0         0
cap2m                                1044         0         0         0         0
vhvi                                 1045         0         0         0         0
uhvi                                 1046         0         0         0         0
npn                                  1047         0         0         0         0
inductor                             1048         0         0         0         0
capacitor_in                         1049         0         0         0         0
pnp                                  1050         0         0         0         0
ncm                                  1052         0         0         0         0
target                               1054         0         0         0         0
SEALID                               1055         0         0         0         0
areaid.ce                            1056         0         0         0         0
areaid.fe                            1057         0         0         0         0
areaid.sc                            1058         0         0         0         0
areaid.mt                            1062         0         0         0         0
areaid.zr                            1069         0         0         0         0
areaid.ed                            1070         0         0         0         0
areaid.de                            1071         0         0         0         0
localSub                             1076         0         0         0         0
areaid.en                            1078         0         0         0         0
areaid.hl                            1081         0         0         0         0
areaid.po                            1083         0         0         0         0
poly_res                             1091         0         0         0         0
diff_res                             1092         0         0         0         0
pwell_res                            1093         0         0         0         0
li1_res                              1094         0         0         0         0
met4_fuse                            1096         0         0         0         0
li1_block                            1100         0         0         0         0
met1_block                           1101         0         0         0         0
met2_block                           1102         0         0         0         0
met3_block                           1103         0         0         0         0
met4_block                           1104         0         0         0         0
met5_block                           1105         0         0         0         0
prBndry                              1106         0         0         0         0
li1_pin                              1139         0         0         0         0
met1_pin                             1141         0         0         0         0
met2_pin                             1143         0         0         0         0
met3_pin                             1145         0         0         0         0
met4_pin                             1147         0         0         0         0
met5_pin                             1149         0         0         0         0
poly_pin                             1152         0         0         0         0
diff_pin                             1153         0         0         0         0
nwell_pin                            1154         0         0         0         0
pad_pin                              1155         0         0         0         0
cfom_waffle_drop                     1258         0         0         0         0
cp1m_waffle_drop                     1259         0         0         0         0
cmm1_waffle_drop                     1260         0         0         0         0
cmm2_waffle_drop                     1261         0         0         0         0
cmm3_waffle_drop                     1262         0         0         0         0
cmm4_waffle_drop                     1263         0         0         0         0
cmm5_waffle_drop                     1264         0         0         0         0
m1_fill                              1281         0         0         0         0
m2_fill                              1282         0         0         0         0
m3_fill                              1283         0         0         0         0
m4_fill                              1284         0         0         0         0
m5_fill                              1285         0         0         0         0
diff_fill                            1286         0         0         0         0
poly_fill                            1287         0         0         0         0
li_fill                              1288         0         0         0         0
met1_res                             1291         0         0         0         0
met2_res                             1292         0         0         0         0
met3_res                             1293         0         0         0         0
met4_res                             1294         0         0         0         0
met5_res                             1295         0         0         0         0
diff_fillblock                       1296         0         0         0         0
poly_fillblock                       1297         0         0         0         0
li_fillblock                         1298         0         0         0         0
lv_net                               1299         0         0         0         0
quadrant1                            9991         1         0         1         0
quadrant2                            9992         1         0         1         0
quadrant3                            9993         1         0         1         0
quadrant4                            9994         1         0         1         0
----------------------------------------------------------------------------

Layer Summary(Texts For Connectivity):
----------------------------------------------------------------------------
    LAYER                              ID       TEXTS
----------------------------------------------------------------------------
----------------------------------------------------------------------------

Layer Summary(Texts For With Text):
----------------------------------------------------------------------------
    LAYER                              ID       TEXTS
----------------------------------------------------------------------------
----------------------------------------------------------------------------

Layer Summary(Texts For Expand Text):
----------------------------------------------------------------------------
    LAYER                              ID       TEXTS
----------------------------------------------------------------------------
----------------------------------------------------------------------------

Layer Summary(Texts For DFM Text):
----------------------------------------------------------------------------
    LAYER                              ID       TEXTS
----------------------------------------------------------------------------
----------------------------------------------------------------------------

Time: cpu=0.00/0.07  real=0.00/0.07  Memory: 13.69/13.80/13.80


Compacting Hierarchy Library ...
========================================================================

Time: cpu=0.00/0.07  real=0.00/0.07  Memory: 7.63/7.76/13.80


Analyzing Cell Overlapings ...
========================================================================

Time: cpu=0.00/0.07  real=0.00/0.07  Memory: 7.63/7.76/13.80


Merge Layers ...
========================================================================
    diff_dg = OR diff_dg
    generate layer diff_dg, TYP = P, HPN = 6, FPN = 53, HEN = 24, FEN = 212

    tap_dg = OR tap_dg
    generate layer tap_dg, TYP = P, HPN = 1, FPN = 2, HEN = 4, FEN = 8

    nwell = OR nwell
    generate layer nwell, TYP = P, HPN = 4, FPN = 22, HEN = 16, FEN = 88

    poly_dg = OR poly_dg
    generate layer poly_dg, TYP = P, HPN = 34, FPN = 81, HEN = 216, FEN = 404

    nsdm = OR nsdm
    generate layer nsdm, TYP = P, HPN = 4, FPN = 35, HEN = 16, FEN = 140

    psdm = OR psdm
    generate layer psdm, TYP = P, HPN = 3, FPN = 20, HEN = 12, FEN = 80

    npc = OR npc
    generate layer npc, TYP = P, HPN = 1, FPN = 1, HEN = 4, FEN = 4

    licon = OR licon
    generate layer licon, TYP = P, HPN = 50, FPN = 368, HEN = 200, FEN = 1472

    li_dg = OR li_dg
    generate layer li_dg, TYP = P, HPN = 17, FPN = 112, HEN = 76, FEN = 456

    mcon = OR mcon
    generate layer mcon, TYP = P, HPN = 220, FPN = 538, HEN = 880, FEN = 2152

    m1_dg = OR m1_dg
    generate layer m1_dg, TYP = P, HPN = 59, FPN = 154, HEN = 448, FEN = 828

    via1 = OR via1
    generate layer via1, TYP = P, HPN = 7, FPN = 7, HEN = 28, FEN = 28

    m2_dg = OR m2_dg
    generate layer m2_dg, TYP = P, HPN = 7, FPN = 7, HEN = 28, FEN = 28

    quadrant1 = OR quadrant1
    generate layer quadrant1, TYP = P, HPN = 1, FPN = 1, HEN = 4, FEN = 4

    quadrant2 = OR quadrant2
    generate layer quadrant2, TYP = P, HPN = 1, FPN = 1, HEN = 4, FEN = 4

    quadrant3 = OR quadrant3
    generate layer quadrant3, TYP = P, HPN = 1, FPN = 1, HEN = 4, FEN = 4

    quadrant4 = OR quadrant4
    generate layer quadrant4, TYP = P, HPN = 1, FPN = 1, HEN = 4, FEN = 4


Time: cpu=0.00/0.07  real=0.01/0.08  Memory: 7.63/7.76/13.80


Ports ...
========================================================================

Texts For Connectivity ...
========================================================================

Texts For With Text ...
========================================================================

Texts For Expand Text ...
========================================================================

Texts For DFM Text ...
========================================================================

Time: cpu=0.00/0.07  real=0.00/0.08  Memory: 7.63/7.76/13.80


########################################################################
Execute Operations ...
########################################################################


operation group: 1/1146
    x.1b:L262248 = OFFGRID nwell 5
========================================================================
    generate layer x.1b:L262248, TYP = R, HPN = 0, FPN = 0, HEN = 0, FEN = 0

Time: cpu=0.00/0.07  real=0.00/0.08  Memory: 7.64/7.76/13.80



operation group: 2/1146
    diff_in = OR diff_dg tap_dg
========================================================================
    generate layer diff_in, TYP = P, HPN = 7, FPN = 55, HEN = 28, FEN = 220

Time: cpu=0.00/0.07  real=0.00/0.08  Memory: 7.64/7.76/13.80



operation group: 3/1146
    diff_and_nsdm = AND diff_in nsdm
========================================================================
    generate layer diff_and_nsdm, TYP = P, HPN = 4, FPN = 35, HEN = 16, FEN = 140

Time: cpu=0.01/0.08  real=0.01/0.08  Memory: 7.64/7.76/13.80



operation group: 4/1146
    _EPTMPL262187 = AND diff_and_nsdm nwell
========================================================================
    generate layer _EPTMPL262187, TYP = P, HPN = 1, FPN = 2, HEN = 4, FEN = 8

Time: cpu=0.00/0.08  real=0.00/0.08  Memory: 7.64/7.76/13.80



operation group: 5/1146
    poly = OR poly_dg poly_fill
========================================================================
    generate layer poly, TYP = P, HPN = 34, FPN = 81, HEN = 216, FEN = 404

Time: cpu=0.00/0.08  real=0.00/0.08  Memory: 7.64/7.76/13.80



operation group: 6/1146
    ntap = NOT _EPTMPL262187 poly
========================================================================
    generate layer ntap, TYP = P, HPN = 1, FPN = 2, HEN = 4, FEN = 8

Time: cpu=0.00/0.08  real=0.00/0.08  Memory: 7.64/7.76/13.80

    delete layer _EPTMPL262187


operation group: 7/1146
    diff_and_psdm = AND diff_in psdm
========================================================================
    generate layer diff_and_psdm, TYP = P, HPN = 3, FPN = 20, HEN = 12, FEN = 80

Time: cpu=0.00/0.08  real=0.00/0.08  Memory: 7.64/7.76/13.80



operation group: 8/1146
    _EPTMPL262189 = NOT diff_and_psdm nwell
========================================================================
    generate layer _EPTMPL262189, TYP = P, HPN = 0, FPN = 0, HEN = 0, FEN = 0

Time: cpu=0.00/0.08  real=0.00/0.08  Memory: 7.64/7.76/13.80



operation group: 9/1146
    _EPTMPL262190 = NOT poly npn
========================================================================
    layer _EPTMPL262190 not generated, operation is dynamically optimized out.

Time: cpu=0.00/0.08  real=0.00/0.08  Memory: 7.64/7.76/13.80



operation group: 10/1146
    ptap = NOT _EPTMPL262189 _EPTMPL262190
========================================================================
    generate layer ptap, TYP = P, HPN = 0, FPN = 0, HEN = 0, FEN = 0

Time: cpu=0.00/0.08  real=0.00/0.08  Memory: 7.64/7.76/13.80

    delete layer _EPTMPL262189
    delete layer _EPTMPL262190


operation group: 11/1146
    tap = OR ntap ptap
========================================================================
    generate layer tap, TYP = P, HPN = 1, FPN = 2, HEN = 4, FEN = 8

Time: cpu=0.00/0.08  real=0.00/0.08  Memory: 7.64/7.76/13.80



operation group: 12/1146
    diff = NOT diff_in tap
========================================================================
    generate layer diff, TYP = P, HPN = 6, FPN = 53, HEN = 24, FEN = 212

Time: cpu=0.00/0.08  real=0.01/0.09  Memory: 7.64/7.76/13.80



operation group: 13/1146
    x.1b:L262249 = OFFGRID diff 5
========================================================================
    generate layer x.1b:L262249, TYP = R, HPN = 0, FPN = 0, HEN = 0, FEN = 0

Time: cpu=0.00/0.08  real=0.00/0.09  Memory: 7.64/7.76/13.80



operation group: 14/1146
    x.1b:L262250 = OFFGRID dnwell 5
========================================================================
    generate layer x.1b:L262250, TYP = E, HPN = 0, FPN = 0, HEN = 0, FEN = 0

Time: cpu=0.00/0.08  real=0.00/0.09  Memory: 7.64/7.76/13.80



operation group: 15/1146
    x.1b:L262251 = OFFGRID lvtn 5
========================================================================
    generate layer x.1b:L262251, TYP = E, HPN = 0, FPN = 0, HEN = 0, FEN = 0

Time: cpu=0.00/0.08  real=0.00/0.09  Memory: 7.64/7.76/13.80



operation group: 16/1146
    x.1b:L262252 = OFFGRID hvtp 5
========================================================================
    generate layer x.1b:L262252, TYP = E, HPN = 0, FPN = 0, HEN = 0, FEN = 0

Time: cpu=0.00/0.08  real=0.00/0.09  Memory: 7.64/7.76/13.80



operation group: 17/1146
    x.1b:L262253 = OFFGRID hvi 5
========================================================================
    generate layer x.1b:L262253, TYP = E, HPN = 0, FPN = 0, HEN = 0, FEN = 0

Time: cpu=0.00/0.08  real=0.00/0.09  Memory: 7.64/7.76/13.80



operation group: 18/1146
    x.1b:L262254 = OFFGRID vhvi 5
========================================================================
    generate layer x.1b:L262254, TYP = E, HPN = 0, FPN = 0, HEN = 0, FEN = 0

Time: cpu=0.00/0.08  real=0.00/0.09  Memory: 7.64/7.76/13.80



operation group: 19/1146
    x.1b:L262255 = OFFGRID uhvi 5
========================================================================
    generate layer x.1b:L262255, TYP = E, HPN = 0, FPN = 0, HEN = 0, FEN = 0

Time: cpu=0.00/0.08  real=0.00/0.09  Memory: 7.64/7.76/13.80



operation group: 20/1146
    x.1b:L262256 = OFFGRID tunm 5
========================================================================
    generate layer x.1b:L262256, TYP = E, HPN = 0, FPN = 0, HEN = 0, FEN = 0

Time: cpu=0.00/0.08  real=0.00/0.09  Memory: 7.64/7.76/13.80



operation group: 21/1146
    x.1b:L262257 = OFFGRID poly 5
========================================================================
    generate layer x.1b:L262257, TYP = R, HPN = 0, FPN = 0, HEN = 0, FEN = 0

Time: cpu=0.00/0.08  real=0.00/0.09  Memory: 7.64/7.76/13.80



operation group: 22/1146
    x.1b:L262259 = OFFGRID nsdm 5
========================================================================
    generate layer x.1b:L262259, TYP = R, HPN = 0, FPN = 0, HEN = 0, FEN = 0

Time: cpu=0.00/0.08  real=0.00/0.09  Memory: 7.64/7.76/13.80



operation group: 23/1146
    x.1b:L262260 = OFFGRID psdm 5
========================================================================
    generate layer x.1b:L262260, TYP = R, HPN = 0, FPN = 0, HEN = 0, FEN = 0

Time: cpu=0.00/0.08  real=0.00/0.09  Memory: 7.64/7.76/13.80



operation group: 24/1146
    x.1b:L262261 = OFFGRID licon 5
========================================================================
    generate layer x.1b:L262261, TYP = R, HPN = 0, FPN = 0, HEN = 0, FEN = 0

Time: cpu=0.00/0.08  real=0.00/0.09  Memory: 7.64/7.76/13.80



operation group: 25/1146
    li1 = OR li_dg li_fill
========================================================================
    generate layer li1, TYP = P, HPN = 17, FPN = 112, HEN = 76, FEN = 456

Time: cpu=0.00/0.08  real=0.00/0.09  Memory: 7.64/7.76/13.80



operation group: 26/1146
    x.1b:L262262 = OFFGRID li1 5
========================================================================
    generate layer x.1b:L262262, TYP = R, HPN = 0, FPN = 0, HEN = 0, FEN = 0

Time: cpu=0.00/0.08  real=0.00/0.09  Memory: 7.64/7.76/13.80



operation group: 27/1146
    x.1b:L262263 = OFFGRID mcon 5
========================================================================
    generate layer x.1b:L262263, TYP = R, HPN = 0, FPN = 0, HEN = 0, FEN = 0

Time: cpu=0.00/0.08  real=0.00/0.09  Memory: 7.64/7.76/13.80



operation group: 28/1146
    met1 = OR m1_dg m1_fill
========================================================================
    generate layer met1, TYP = P, HPN = 59, FPN = 154, HEN = 448, FEN = 828

Time: cpu=0.00/0.08  real=0.00/0.09  Memory: 7.64/7.76/13.80



operation group: 29/1146
    x.1b:L262264 = OFFGRID met1 5
========================================================================
    generate layer x.1b:L262264, TYP = R, HPN = 0, FPN = 0, HEN = 0, FEN = 0

Time: cpu=0.00/0.08  real=0.00/0.09  Memory: 7.64/7.76/13.80



operation group: 30/1146
    x.1b:L262265 = OFFGRID via1 5
========================================================================
    generate layer x.1b:L262265, TYP = R, HPN = 0, FPN = 0, HEN = 0, FEN = 0

Time: cpu=0.00/0.08  real=0.00/0.09  Memory: 7.64/7.76/13.80



operation group: 31/1146
    met2 = OR m2_dg m2_fill
========================================================================
    generate layer met2, TYP = P, HPN = 7, FPN = 7, HEN = 28, FEN = 28

Time: cpu=0.00/0.08  real=0.00/0.09  Memory: 7.64/7.76/13.80



operation group: 32/1146
    x.1b:L262266 = OFFGRID met2 5
========================================================================
    generate layer x.1b:L262266, TYP = R, HPN = 0, FPN = 0, HEN = 0, FEN = 0

Time: cpu=0.00/0.08  real=0.00/0.09  Memory: 7.64/7.76/13.80



operation group: 33/1146
    x.1b:L262267 = OFFGRID via2 5
========================================================================
    generate layer x.1b:L262267, TYP = E, HPN = 0, FPN = 0, HEN = 0, FEN = 0

Time: cpu=0.00/0.08  real=0.00/0.09  Memory: 7.64/7.76/13.80



operation group: 34/1146
    met3 = OR m3_dg m3_fill
========================================================================
    generate layer met3, TYP = P, HPN = 0, FPN = 0, HEN = 0, FEN = 0

Time: cpu=0.00/0.08  real=0.00/0.09  Memory: 7.64/7.76/13.80



operation group: 35/1146
    x.1b:L262268 = OFFGRID met3 5
========================================================================
    generate layer x.1b:L262268, TYP = E, HPN = 0, FPN = 0, HEN = 0, FEN = 0

Time: cpu=0.00/0.08  real=0.00/0.09  Memory: 7.64/7.76/13.80



operation group: 36/1146
    x.1b:L262269 = OFFGRID via3 5
========================================================================
    generate layer x.1b:L262269, TYP = E, HPN = 0, FPN = 0, HEN = 0, FEN = 0

Time: cpu=0.00/0.08  real=0.00/0.09  Memory: 7.64/7.76/13.80



operation group: 37/1146
    met4 = OR m4_dg m4_fill
========================================================================
    generate layer met4, TYP = P, HPN = 0, FPN = 0, HEN = 0, FEN = 0

Time: cpu=0.00/0.08  real=0.00/0.09  Memory: 7.64/7.76/13.80



operation group: 38/1146
    x.1b:L262270 = OFFGRID met4 5
========================================================================
    generate layer x.1b:L262270, TYP = E, HPN = 0, FPN = 0, HEN = 0, FEN = 0

Time: cpu=0.00/0.08  real=0.00/0.09  Memory: 7.64/7.76/13.80



operation group: 39/1146
    x.1b:L262271 = OFFGRID via4 5
========================================================================
    generate layer x.1b:L262271, TYP = E, HPN = 0, FPN = 0, HEN = 0, FEN = 0

Time: cpu=0.00/0.08  real=0.00/0.09  Memory: 7.64/7.76/13.80



operation group: 40/1146
    met5 = OR m5_dg m5_fill
========================================================================
    generate layer met5, TYP = P, HPN = 0, FPN = 0, HEN = 0, FEN = 0

Time: cpu=0.00/0.08  real=0.00/0.09  Memory: 7.64/7.76/13.80



operation group: 41/1146
    x.1b:L262272 = OFFGRID met5 5
========================================================================
    generate layer x.1b:L262272, TYP = E, HPN = 0, FPN = 0, HEN = 0, FEN = 0

Time: cpu=0.00/0.08  real=0.00/0.09  Memory: 7.64/7.76/13.80



operation group: 42/1146
    x.1b:L262273 = OFFGRID nsm 5
========================================================================
    generate layer x.1b:L262273, TYP = E, HPN = 0, FPN = 0, HEN = 0, FEN = 0

Time: cpu=0.00/0.08  real=0.00/0.09  Memory: 7.64/7.76/13.80



operation group: 43/1146
    x.1b:L262274 = OFFGRID pad 5
========================================================================
    generate layer x.1b:L262274, TYP = E, HPN = 0, FPN = 0, HEN = 0, FEN = 0

Time: cpu=0.00/0.08  real=0.00/0.09  Memory: 7.64/7.76/13.80



operation group: 44/1146
    x.1b:L262275 = OFFGRID hvntm 5
========================================================================
    generate layer x.1b:L262275, TYP = E, HPN = 0, FPN = 0, HEN = 0, FEN = 0

Time: cpu=0.00/0.08  real=0.00/0.09  Memory: 7.64/7.76/13.80



operation group: 45/1146
    x.1b:L262276 = OFFGRID pnp 5
========================================================================
    generate layer x.1b:L262276, TYP = E, HPN = 0, FPN = 0, HEN = 0, FEN = 0

Time: cpu=0.00/0.08  real=0.00/0.09  Memory: 7.64/7.76/13.80



operation group: 46/1146
    capacitor = SELECT -enclose capm via2 -gt 1
========================================================================
    generate layer capacitor, TYP = P, HPN = 0, FPN = 0, HEN = 0, FEN = 0

Time: cpu=0.00/0.08  real=0.00/0.09  Memory: 7.64/7.76/13.80



operation group: 47/1146
    x.1b:L262277 = OFFGRID capacitor 5
========================================================================
    generate layer x.1b:L262277, TYP = E, HPN = 0, FPN = 0, HEN = 0, FEN = 0

Time: cpu=0.00/0.08  real=0.00/0.09  Memory: 7.64/7.76/13.80



operation group: 48/1146
    x.1b:L262278 = OFFGRID ncm 5
========================================================================
    generate layer x.1b:L262278, TYP = E, HPN = 0, FPN = 0, HEN = 0, FEN = 0

Time: cpu=0.00/0.08  real=0.00/0.09  Memory: 7.64/7.76/13.80



operation group: 49/1146
    x.1b:L262279 = OFFGRID inductor 5
========================================================================
    generate layer x.1b:L262279, TYP = E, HPN = 0, FPN = 0, HEN = 0, FEN = 0

Time: cpu=0.00/0.08  real=0.00/0.09  Memory: 7.64/7.76/13.80



operation group: 50/1146
    x.1b:L262280 = OFFGRID rpm 5
========================================================================
    generate layer x.1b:L262280, TYP = E, HPN = 0, FPN = 0, HEN = 0, FEN = 0

Time: cpu=0.00/0.08  real=0.00/0.09  Memory: 7.64/7.76/13.80



operation group: 51/1146
    x.1b:L262281 = OFFGRID hvtr 5
========================================================================
    generate layer x.1b:L262281, TYP = E, HPN = 0, FPN = 0, HEN = 0, FEN = 0

Time: cpu=0.00/0.08  real=0.00/0.09  Memory: 7.64/7.76/13.80


    Rule Check x.1b finished, 0 error(s) reported.

Time: cpu=0.00/0.08  real=0.00/0.09  Memory: 7.63/7.76/13.80



operation group: 52/1146
    licon_not_rect = RECT_CHK licon -not -orthogonal_only
========================================================================
    generate layer licon_not_rect, TYP = P, HPN = 0, FPN = 0, HEN = 0, FEN = 0

Time: cpu=0.00/0.08  real=0.00/0.09  Memory: 7.63/7.76/13.80



operation group: 53/1146
    CDR.x.2.licon:L262315 = COPY licon_not_rect
========================================================================
    generate layer CDR.x.2.licon:L262315, TYP = P, HPN = 0, FPN = 0, HEN = 0, FEN = 0

Time: cpu=0.00/0.08  real=0.00/0.09  Memory: 7.63/7.76/13.80

    delete layer licon_not_rect

    Rule Check CDR.x.2.licon finished, 0 error(s) reported.

Time: cpu=0.00/0.08  real=0.00/0.09  Memory: 7.63/7.76/13.80



operation group: 54/1146
    mcon_not_rect = RECT_CHK mcon -not -orthogonal_only
========================================================================
    generate layer mcon_not_rect, TYP = P, HPN = 0, FPN = 0, HEN = 0, FEN = 0

Time: cpu=0.00/0.08  real=0.00/0.09  Memory: 7.63/7.76/13.80



operation group: 55/1146
    CDR.x.2.mcon:L262316 = COPY mcon_not_rect
========================================================================
    generate layer CDR.x.2.mcon:L262316, TYP = P, HPN = 0, FPN = 0, HEN = 0, FEN = 0

Time: cpu=0.00/0.08  real=0.00/0.09  Memory: 7.63/7.76/13.80

    delete layer mcon_not_rect

    Rule Check CDR.x.2.mcon finished, 0 error(s) reported.

Time: cpu=0.00/0.08  real=0.00/0.09  Memory: 7.63/7.76/13.80



operation group: 56/1146
    via1_not_rect = RECT_CHK via1 -not -orthogonal_only
========================================================================
    generate layer via1_not_rect, TYP = P, HPN = 0, FPN = 0, HEN = 0, FEN = 0

Time: cpu=0.01/0.09  real=0.01/0.09  Memory: 7.63/7.76/13.80



operation group: 57/1146
    CDR.x.2.via1:L262317 = COPY via1_not_rect
========================================================================
    generate layer CDR.x.2.via1:L262317, TYP = P, HPN = 0, FPN = 0, HEN = 0, FEN = 0

Time: cpu=0.00/0.09  real=0.00/0.09  Memory: 7.63/7.76/13.80

    delete layer via1_not_rect

    Rule Check CDR.x.2.via1 finished, 0 error(s) reported.

Time: cpu=0.00/0.09  real=0.00/0.09  Memory: 7.63/7.76/13.80



operation group: 58/1146
    via2_not_rect = RECT_CHK via2 -not -orthogonal_only
========================================================================
    generate layer via2_not_rect, TYP = P, HPN = 0, FPN = 0, HEN = 0, FEN = 0

Time: cpu=0.00/0.09  real=0.00/0.09  Memory: 7.63/7.76/13.80



operation group: 59/1146
    CDR.x.2.via2:L262318 = COPY via2_not_rect
========================================================================
    generate layer CDR.x.2.via2:L262318, TYP = P, HPN = 0, FPN = 0, HEN = 0, FEN = 0

Time: cpu=0.00/0.09  real=0.00/0.09  Memory: 7.63/7.76/13.80

    delete layer via2_not_rect

    Rule Check CDR.x.2.via2 finished, 0 error(s) reported.

Time: cpu=0.00/0.09  real=0.00/0.09  Memory: 7.63/7.76/13.80



operation group: 60/1146
    via3_not_rect = RECT_CHK via3 -not -orthogonal_only
========================================================================
    generate layer via3_not_rect, TYP = P, HPN = 0, FPN = 0, HEN = 0, FEN = 0

Time: cpu=0.00/0.09  real=0.00/0.09  Memory: 7.63/7.76/13.80



operation group: 61/1146
    CDR.x.2.via3:L262319 = COPY via3_not_rect
========================================================================
    generate layer CDR.x.2.via3:L262319, TYP = P, HPN = 0, FPN = 0, HEN = 0, FEN = 0

Time: cpu=0.00/0.09  real=0.00/0.09  Memory: 7.63/7.76/13.80

    delete layer via3_not_rect

    Rule Check CDR.x.2.via3 finished, 0 error(s) reported.

Time: cpu=0.00/0.09  real=0.00/0.09  Memory: 7.63/7.76/13.80



operation group: 62/1146
    via4_not_rect = RECT_CHK via4 -not -orthogonal_only
========================================================================
    generate layer via4_not_rect, TYP = P, HPN = 0, FPN = 0, HEN = 0, FEN = 0

Time: cpu=0.00/0.09  real=0.00/0.09  Memory: 7.63/7.76/13.80



operation group: 63/1146
    CDR.x.2.via4:L262320 = COPY via4_not_rect
========================================================================
    generate layer CDR.x.2.via4:L262320, TYP = P, HPN = 0, FPN = 0, HEN = 0, FEN = 0

Time: cpu=0.00/0.09  real=0.00/0.09  Memory: 7.63/7.76/13.80

    delete layer via4_not_rect

    Rule Check CDR.x.2.via4 finished, 0 error(s) reported.

Time: cpu=0.00/0.09  real=0.00/0.09  Memory: 7.63/7.76/13.80



operation group: 64/1146
    nwell_not_rect = RECT_CHK nwell -not -orthogonal_only
========================================================================
    generate layer nwell_not_rect, TYP = P, HPN = 0, FPN = 0, HEN = 0, FEN = 0

Time: cpu=0.00/0.09  real=0.00/0.09  Memory: 7.63/7.76/13.80



operation group: 65/1146
    x.3.nwell:_EPTMPL262321 = ANGLE nwell_not_rect -ne 45
    x.3.nwell:L262322 = ANGLE x.3.nwell:_EPTMPL262321 -ltgt 0 90
========================================================================
    generate layer x.3.nwell:_EPTMPL262321, TYP = E, HPN = 0, FPN = 0, HEN = 0, FEN = 0
    generate layer x.3.nwell:L262322, TYP = E, HPN = 0, FPN = 0, HEN = 0, FEN = 0

Time: cpu=0.00/0.09  real=0.00/0.09  Memory: 7.63/7.76/13.80

    delete layer nwell_not_rect
    delete layer x.3.nwell:_EPTMPL262321

    Rule Check x.3.nwell finished, 0 error(s) reported.

Time: cpu=0.00/0.09  real=0.00/0.09  Memory: 7.63/7.76/13.80



operation group: 66/1146
    dnwell_not_rect = RECT_CHK dnwell -not -orthogonal_only
========================================================================
    generate layer dnwell_not_rect, TYP = P, HPN = 0, FPN = 0, HEN = 0, FEN = 0

Time: cpu=0.00/0.09  real=0.00/0.09  Memory: 7.63/7.76/13.80



operation group: 67/1146
    x.3.dnwell:_EPTMPL262323 = ANGLE dnwell_not_rect -ne 45
    x.3.dnwell:L262324 = ANGLE x.3.dnwell:_EPTMPL262323 -ltgt 0 90
========================================================================
    generate layer x.3.dnwell:_EPTMPL262323, TYP = E, HPN = 0, FPN = 0, HEN = 0, FEN = 0
    generate layer x.3.dnwell:L262324, TYP = E, HPN = 0, FPN = 0, HEN = 0, FEN = 0

Time: cpu=0.00/0.09  real=0.00/0.09  Memory: 7.63/7.76/13.80

    delete layer dnwell_not_rect
    delete layer x.3.dnwell:_EPTMPL262323

    Rule Check x.3.dnwell finished, 0 error(s) reported.

Time: cpu=0.00/0.09  real=0.00/0.09  Memory: 7.63/7.76/13.80



operation group: 68/1146
    hvtp_not_rect = RECT_CHK hvtp -not -orthogonal_only
========================================================================
    generate layer hvtp_not_rect, TYP = P, HPN = 0, FPN = 0, HEN = 0, FEN = 0

Time: cpu=0.00/0.09  real=0.00/0.09  Memory: 7.63/7.76/13.80



operation group: 69/1146
    x.3.hvtp:_EPTMPL262325 = ANGLE hvtp_not_rect -ne 45
    x.3.hvtp:L262326 = ANGLE x.3.hvtp:_EPTMPL262325 -ltgt 0 90
========================================================================
    generate layer x.3.hvtp:_EPTMPL262325, TYP = E, HPN = 0, FPN = 0, HEN = 0, FEN = 0
    generate layer x.3.hvtp:L262326, TYP = E, HPN = 0, FPN = 0, HEN = 0, FEN = 0

Time: cpu=0.00/0.09  real=0.00/0.09  Memory: 7.63/7.76/13.80

    delete layer hvtp_not_rect
    delete layer x.3.hvtp:_EPTMPL262325

    Rule Check x.3.hvtp finished, 0 error(s) reported.

Time: cpu=0.00/0.09  real=0.00/0.09  Memory: 7.63/7.76/13.80



operation group: 70/1146
    diff_not_rect = RECT_CHK diff -not -orthogonal_only
========================================================================
    generate layer diff_not_rect, TYP = P, HPN = 0, FPN = 0, HEN = 0, FEN = 0

Time: cpu=0.00/0.09  real=0.00/0.09  Memory: 7.63/7.76/13.80



operation group: 71/1146
    x.3.diff:_EPTMPL262327 = ANGLE diff_not_rect -ne 45
    x.3.diff:L262328 = ANGLE x.3.diff:_EPTMPL262327 -ltgt 0 90
========================================================================
    generate layer x.3.diff:_EPTMPL262327, TYP = E, HPN = 0, FPN = 0, HEN = 0, FEN = 0
    generate layer x.3.diff:L262328, TYP = E, HPN = 0, FPN = 0, HEN = 0, FEN = 0

Time: cpu=0.00/0.09  real=0.00/0.09  Memory: 7.63/7.76/13.80

    delete layer diff_not_rect
    delete layer x.3.diff:_EPTMPL262327

    Rule Check x.3.diff finished, 0 error(s) reported.

Time: cpu=0.00/0.09  real=0.01/0.10  Memory: 7.63/7.76/13.80



operation group: 72/1146
    tunm_not_rect = RECT_CHK tunm -not -orthogonal_only
========================================================================
    generate layer tunm_not_rect, TYP = P, HPN = 0, FPN = 0, HEN = 0, FEN = 0

Time: cpu=0.00/0.09  real=0.00/0.10  Memory: 7.63/7.76/13.80



operation group: 73/1146
    x.3.tunm:_EPTMPL262329 = ANGLE tunm_not_rect -ne 45
    x.3.tunm:L262330 = ANGLE x.3.tunm:_EPTMPL262329 -ltgt 0 90
========================================================================
    generate layer x.3.tunm:_EPTMPL262329, TYP = E, HPN = 0, FPN = 0, HEN = 0, FEN = 0
    generate layer x.3.tunm:L262330, TYP = E, HPN = 0, FPN = 0, HEN = 0, FEN = 0

Time: cpu=0.00/0.09  real=0.00/0.10  Memory: 7.63/7.76/13.80

    delete layer tunm_not_rect
    delete layer x.3.tunm:_EPTMPL262329

    Rule Check x.3.tunm finished, 0 error(s) reported.

Time: cpu=0.00/0.09  real=0.00/0.10  Memory: 7.63/7.76/13.80



operation group: 74/1146
    poly_not_rect = RECT_CHK poly -not -orthogonal_only
========================================================================
    generate layer poly_not_rect, TYP = P, HPN = 4, FPN = 4, HEN = 84, FEN = 84

Time: cpu=0.00/0.09  real=0.00/0.10  Memory: 7.63/7.76/13.80



operation group: 75/1146
    x.3.poly:_EPTMPL262331 = ANGLE poly_not_rect -ne 45
    x.3.poly:L262332 = ANGLE x.3.poly:_EPTMPL262331 -ltgt 0 90
========================================================================
    layer x.3.poly:_EPTMPL262331 not generated, operation is dynamically optimized out.
    generate layer x.3.poly:L262332, TYP = E, HPN = 0, FPN = 0, HEN = 0, FEN = 0

Time: cpu=0.00/0.09  real=0.00/0.10  Memory: 7.63/7.76/13.80

    delete layer poly_not_rect
    delete layer x.3.poly:_EPTMPL262331

    Rule Check x.3.poly finished, 0 error(s) reported.

Time: cpu=0.00/0.09  real=0.00/0.10  Memory: 7.63/7.76/13.80



operation group: 76/1146
    npc_not_rect = RECT_CHK npc -not -orthogonal_only
========================================================================
    generate layer npc_not_rect, TYP = P, HPN = 0, FPN = 0, HEN = 0, FEN = 0

Time: cpu=0.01/0.10  real=0.01/0.10  Memory: 7.63/7.76/13.80



operation group: 77/1146
    x.3.npc:_EPTMPL262333 = ANGLE npc_not_rect -ne 45
    x.3.npc:L262334 = ANGLE x.3.npc:_EPTMPL262333 -ltgt 0 90
========================================================================
    generate layer x.3.npc:_EPTMPL262333, TYP = E, HPN = 0, FPN = 0, HEN = 0, FEN = 0
    generate layer x.3.npc:L262334, TYP = E, HPN = 0, FPN = 0, HEN = 0, FEN = 0

Time: cpu=0.00/0.10  real=0.00/0.10  Memory: 7.63/7.76/13.80

    delete layer npc_not_rect
    delete layer x.3.npc:_EPTMPL262333

    Rule Check x.3.npc finished, 0 error(s) reported.

Time: cpu=0.00/0.10  real=0.00/0.10  Memory: 7.63/7.76/13.80



operation group: 78/1146
    nsdm_not_rect = RECT_CHK nsdm -not -orthogonal_only
========================================================================
    generate layer nsdm_not_rect, TYP = P, HPN = 0, FPN = 0, HEN = 0, FEN = 0

Time: cpu=0.00/0.10  real=0.00/0.10  Memory: 7.63/7.76/13.80



operation group: 79/1146
    x.3.nsdm:_EPTMPL262335 = ANGLE nsdm_not_rect -ne 45
    x.3.nsdm:L262336 = ANGLE x.3.nsdm:_EPTMPL262335 -ltgt 0 90
========================================================================
    generate layer x.3.nsdm:_EPTMPL262335, TYP = E, HPN = 0, FPN = 0, HEN = 0, FEN = 0
    generate layer x.3.nsdm:L262336, TYP = E, HPN = 0, FPN = 0, HEN = 0, FEN = 0

Time: cpu=0.00/0.10  real=0.00/0.10  Memory: 7.63/7.76/13.80

    delete layer nsdm_not_rect
    delete layer x.3.nsdm:_EPTMPL262335

    Rule Check x.3.nsdm finished, 0 error(s) reported.

Time: cpu=0.00/0.10  real=0.00/0.10  Memory: 7.63/7.76/13.80



operation group: 80/1146
    psdm_not_rect = RECT_CHK psdm -not -orthogonal_only
========================================================================
    generate layer psdm_not_rect, TYP = P, HPN = 0, FPN = 0, HEN = 0, FEN = 0

Time: cpu=0.00/0.10  real=0.00/0.10  Memory: 7.63/7.76/13.80



operation group: 81/1146
    x.3.psdm:_EPTMPL262337 = ANGLE psdm_not_rect -ne 45
    x.3.psdm:L262338 = ANGLE x.3.psdm:_EPTMPL262337 -ltgt 0 90
========================================================================
    generate layer x.3.psdm:_EPTMPL262337, TYP = E, HPN = 0, FPN = 0, HEN = 0, FEN = 0
    generate layer x.3.psdm:L262338, TYP = E, HPN = 0, FPN = 0, HEN = 0, FEN = 0

Time: cpu=0.00/0.10  real=0.00/0.10  Memory: 7.63/7.76/13.80

    delete layer psdm_not_rect
    delete layer x.3.psdm:_EPTMPL262337

    Rule Check x.3.psdm finished, 0 error(s) reported.

Time: cpu=0.00/0.10  real=0.00/0.10  Memory: 7.63/7.76/13.80



operation group: 82/1146
    li1_not_rect = RECT_CHK li1 -not -orthogonal_only
========================================================================
    generate layer li1_not_rect, TYP = P, HPN = 2, FPN = 2, HEN = 16, FEN = 16

Time: cpu=0.00/0.10  real=0.00/0.10  Memory: 7.63/7.76/13.80



operation group: 83/1146
    x.3.li1:_EPTMPL262339 = ANGLE li1_not_rect -ne 45
    x.3.li1:L262340 = ANGLE x.3.li1:_EPTMPL262339 -ltgt 0 90
========================================================================
    layer x.3.li1:_EPTMPL262339 not generated, operation is dynamically optimized out.
    generate layer x.3.li1:L262340, TYP = E, HPN = 0, FPN = 0, HEN = 0, FEN = 0

Time: cpu=0.00/0.10  real=0.00/0.10  Memory: 7.63/7.76/13.80

    delete layer li1_not_rect
    delete layer x.3.li1:_EPTMPL262339

    Rule Check x.3.li1 finished, 0 error(s) reported.

Time: cpu=0.00/0.10  real=0.00/0.10  Memory: 7.63/7.76/13.80



operation group: 84/1146
    met1_not_rect = RECT_CHK met1 -not -orthogonal_only
========================================================================
    generate layer met1_not_rect, TYP = P, HPN = 8, FPN = 8, HEN = 210, FEN = 210

Time: cpu=0.00/0.10  real=0.00/0.10  Memory: 7.63/7.76/13.80



operation group: 85/1146
    x.3.m1:_EPTMPL262341 = ANGLE met1_not_rect -ne 45
    x.3.m1:L262342 = ANGLE x.3.m1:_EPTMPL262341 -ltgt 0 90
========================================================================
    layer x.3.m1:_EPTMPL262341 not generated, operation is dynamically optimized out.
    generate layer x.3.m1:L262342, TYP = E, HPN = 0, FPN = 0, HEN = 0, FEN = 0

Time: cpu=0.00/0.10  real=0.00/0.10  Memory: 7.63/7.76/13.80

    delete layer met1_not_rect
    delete layer x.3.m1:_EPTMPL262341

    Rule Check x.3.m1 finished, 0 error(s) reported.

Time: cpu=0.00/0.10  real=0.00/0.10  Memory: 7.63/7.76/13.80



operation group: 86/1146
    met2_not_rect = RECT_CHK met2 -not -orthogonal_only
========================================================================
    generate layer met2_not_rect, TYP = P, HPN = 0, FPN = 0, HEN = 0, FEN = 0

Time: cpu=0.00/0.10  real=0.00/0.10  Memory: 7.63/7.76/13.80



operation group: 87/1146
    x.3.m2:_EPTMPL262343 = ANGLE met2_not_rect -ne 45
    x.3.m2:L262344 = ANGLE x.3.m2:_EPTMPL262343 -ltgt 0 90
========================================================================
    generate layer x.3.m2:_EPTMPL262343, TYP = E, HPN = 0, FPN = 0, HEN = 0, FEN = 0
    generate layer x.3.m2:L262344, TYP = E, HPN = 0, FPN = 0, HEN = 0, FEN = 0

Time: cpu=0.00/0.10  real=0.00/0.10  Memory: 7.63/7.76/13.80

    delete layer met2_not_rect
    delete layer x.3.m2:_EPTMPL262343

    Rule Check x.3.m2 finished, 0 error(s) reported.

Time: cpu=0.00/0.10  real=0.00/0.10  Memory: 7.63/7.76/13.80



operation group: 88/1146
    met3_not_rect = RECT_CHK met3 -not -orthogonal_only
========================================================================
    generate layer met3_not_rect, TYP = P, HPN = 0, FPN = 0, HEN = 0, FEN = 0

Time: cpu=0.00/0.10  real=0.00/0.10  Memory: 7.63/7.76/13.80



operation group: 89/1146
    x.3.m3:_EPTMPL262345 = ANGLE met3_not_rect -ne 45
    x.3.m3:L262346 = ANGLE x.3.m3:_EPTMPL262345 -ltgt 0 90
========================================================================
    generate layer x.3.m3:_EPTMPL262345, TYP = E, HPN = 0, FPN = 0, HEN = 0, FEN = 0
    generate layer x.3.m3:L262346, TYP = E, HPN = 0, FPN = 0, HEN = 0, FEN = 0

Time: cpu=0.00/0.10  real=0.00/0.10  Memory: 7.63/7.76/13.80

    delete layer met3_not_rect
    delete layer x.3.m3:_EPTMPL262345

    Rule Check x.3.m3 finished, 0 error(s) reported.

Time: cpu=0.00/0.10  real=0.00/0.10  Memory: 7.63/7.76/13.80



operation group: 90/1146
    met4_not_rect = RECT_CHK met4 -not -orthogonal_only
========================================================================
    generate layer met4_not_rect, TYP = P, HPN = 0, FPN = 0, HEN = 0, FEN = 0

Time: cpu=0.00/0.10  real=0.00/0.10  Memory: 7.63/7.76/13.80



operation group: 91/1146
    x.3.m4:_EPTMPL262347 = ANGLE met4_not_rect -ne 45
    x.3.m4:L262348 = ANGLE x.3.m4:_EPTMPL262347 -ltgt 0 90
========================================================================
    generate layer x.3.m4:_EPTMPL262347, TYP = E, HPN = 0, FPN = 0, HEN = 0, FEN = 0
    generate layer x.3.m4:L262348, TYP = E, HPN = 0, FPN = 0, HEN = 0, FEN = 0

Time: cpu=0.00/0.10  real=0.00/0.10  Memory: 7.63/7.76/13.80

    delete layer met4_not_rect
    delete layer x.3.m4:_EPTMPL262347

    Rule Check x.3.m4 finished, 0 error(s) reported.

Time: cpu=0.00/0.10  real=0.00/0.10  Memory: 7.63/7.76/13.80



operation group: 92/1146
    met5_not_rect = RECT_CHK met5 -not -orthogonal_only
========================================================================
    generate layer met5_not_rect, TYP = P, HPN = 0, FPN = 0, HEN = 0, FEN = 0

Time: cpu=0.00/0.10  real=0.00/0.10  Memory: 7.63/7.76/13.80



operation group: 93/1146
    x.3.m5:_EPTMPL262349 = ANGLE met5_not_rect -ne 45
    x.3.m5:L262350 = ANGLE x.3.m5:_EPTMPL262349 -ltgt 0 90
========================================================================
    generate layer x.3.m5:_EPTMPL262349, TYP = E, HPN = 0, FPN = 0, HEN = 0, FEN = 0
    generate layer x.3.m5:L262350, TYP = E, HPN = 0, FPN = 0, HEN = 0, FEN = 0

Time: cpu=0.00/0.10  real=0.00/0.10  Memory: 7.63/7.76/13.80

    delete layer met5_not_rect
    delete layer x.3.m5:_EPTMPL262349

    Rule Check x.3.m5 finished, 0 error(s) reported.

Time: cpu=0.00/0.10  real=0.00/0.10  Memory: 7.63/7.76/13.80



operation group: 94/1146
    nsm_not_rect = RECT_CHK nsm -not -orthogonal_only
========================================================================
    generate layer nsm_not_rect, TYP = P, HPN = 0, FPN = 0, HEN = 0, FEN = 0

Time: cpu=0.00/0.10  real=0.00/0.10  Memory: 7.63/7.76/13.80



operation group: 95/1146
    x.3.nsm:_EPTMPL262351 = ANGLE nsm_not_rect -ne 45
    x.3.nsm:L262352 = ANGLE x.3.nsm:_EPTMPL262351 -ltgt 0 90
========================================================================
    generate layer x.3.nsm:_EPTMPL262351, TYP = E, HPN = 0, FPN = 0, HEN = 0, FEN = 0
    generate layer x.3.nsm:L262352, TYP = E, HPN = 0, FPN = 0, HEN = 0, FEN = 0

Time: cpu=0.00/0.10  real=0.00/0.10  Memory: 7.63/7.76/13.80

    delete layer nsm_not_rect
    delete layer x.3.nsm:_EPTMPL262351

    Rule Check x.3.nsm finished, 0 error(s) reported.

Time: cpu=0.00/0.10  real=0.00/0.10  Memory: 7.63/7.76/13.80



operation group: 96/1146
    pad_not_rect = RECT_CHK pad -not -orthogonal_only
========================================================================
    generate layer pad_not_rect, TYP = P, HPN = 0, FPN = 0, HEN = 0, FEN = 0

Time: cpu=0.00/0.10  real=0.00/0.10  Memory: 7.63/7.76/13.80



operation group: 97/1146
    x.3.pad:_EPTMPL262353 = ANGLE pad_not_rect -ne 45
    x.3.pad:L262354 = ANGLE x.3.pad:_EPTMPL262353 -ltgt 0 90
========================================================================
    generate layer x.3.pad:_EPTMPL262353, TYP = E, HPN = 0, FPN = 0, HEN = 0, FEN = 0
    generate layer x.3.pad:L262354, TYP = E, HPN = 0, FPN = 0, HEN = 0, FEN = 0

Time: cpu=0.00/0.10  real=0.00/0.10  Memory: 7.63/7.76/13.80

    delete layer pad_not_rect
    delete layer x.3.pad:_EPTMPL262353

    Rule Check x.3.pad finished, 0 error(s) reported.

Time: cpu=0.00/0.10  real=0.00/0.10  Memory: 7.63/7.76/13.80



operation group: 98/1146
    hvntm_not_rect = RECT_CHK hvntm -not -orthogonal_only
========================================================================
    generate layer hvntm_not_rect, TYP = P, HPN = 0, FPN = 0, HEN = 0, FEN = 0

Time: cpu=0.00/0.10  real=0.00/0.10  Memory: 7.63/7.76/13.80



operation group: 99/1146
    x.3.hvntm:_EPTMPL262355 = ANGLE hvntm_not_rect -ne 45
    x.3.hvntm:L262356 = ANGLE x.3.hvntm:_EPTMPL262355 -ltgt 0 90
========================================================================
    generate layer x.3.hvntm:_EPTMPL262355, TYP = E, HPN = 0, FPN = 0, HEN = 0, FEN = 0
    generate layer x.3.hvntm:L262356, TYP = E, HPN = 0, FPN = 0, HEN = 0, FEN = 0

Time: cpu=0.00/0.10  real=0.00/0.10  Memory: 7.63/7.76/13.80

    delete layer hvntm_not_rect
    delete layer x.3.hvntm:_EPTMPL262355

    Rule Check x.3.hvntm finished, 0 error(s) reported.

Time: cpu=0.00/0.10  real=0.00/0.10  Memory: 7.63/7.76/13.80



operation group: 100/1146
    capacitor_not_rect = RECT_CHK capacitor -not -orthogonal_only
========================================================================
    generate layer capacitor_not_rect, TYP = P, HPN = 0, FPN = 0, HEN = 0, FEN = 0

Time: cpu=0.00/0.10  real=0.00/0.10  Memory: 7.63/7.76/13.80

    delete layer capacitor


operation group: 101/1146
    x.3.capacitor:_EPTMPL262357 = ANGLE capacitor_not_rect -ne 45
    x.3.capacitor:L262358 = ANGLE x.3.capacitor:_EPTMPL262357 -ltgt 0 90
========================================================================
    generate layer x.3.capacitor:_EPTMPL262357, TYP = E, HPN = 0, FPN = 0, HEN = 0, FEN = 0
    generate layer x.3.capacitor:L262358, TYP = E, HPN = 0, FPN = 0, HEN = 0, FEN = 0

Time: cpu=0.00/0.10  real=0.00/0.10  Memory: 7.63/7.76/13.80

    delete layer capacitor_not_rect
    delete layer x.3.capacitor:_EPTMPL262357

    Rule Check x.3.capacitor finished, 0 error(s) reported.

Time: cpu=0.00/0.10  real=0.00/0.10  Memory: 7.63/7.76/13.80



operation group: 102/1146
    ncm_not_rect = RECT_CHK ncm -not -orthogonal_only
========================================================================
    generate layer ncm_not_rect, TYP = P, HPN = 0, FPN = 0, HEN = 0, FEN = 0

Time: cpu=0.00/0.10  real=0.00/0.10  Memory: 7.63/7.76/13.80



operation group: 103/1146
    x.3.ncm:_EPTMPL262359 = ANGLE ncm_not_rect -ne 45
    x.3.ncm:L262360 = ANGLE x.3.ncm:_EPTMPL262359 -ltgt 0 90
========================================================================
    generate layer x.3.ncm:_EPTMPL262359, TYP = E, HPN = 0, FPN = 0, HEN = 0, FEN = 0
    generate layer x.3.ncm:L262360, TYP = E, HPN = 0, FPN = 0, HEN = 0, FEN = 0

Time: cpu=0.00/0.10  real=0.00/0.10  Memory: 7.63/7.76/13.80

    delete layer ncm_not_rect
    delete layer x.3.ncm:_EPTMPL262359

    Rule Check x.3.ncm finished, 0 error(s) reported.

Time: cpu=0.00/0.10  real=0.00/0.10  Memory: 7.63/7.76/13.80



operation group: 104/1146
    inductor_not_rect = RECT_CHK inductor -not -orthogonal_only
========================================================================
    generate layer inductor_not_rect, TYP = P, HPN = 0, FPN = 0, HEN = 0, FEN = 0

Time: cpu=0.00/0.10  real=0.00/0.10  Memory: 7.63/7.76/13.80

    delete layer inductor


operation group: 105/1146
    x.3.inductor:_EPTMPL262361 = ANGLE inductor_not_rect -ne 45
    x.3.inductor:L262362 = ANGLE x.3.inductor:_EPTMPL262361 -ltgt 0 90
========================================================================
    generate layer x.3.inductor:_EPTMPL262361, TYP = E, HPN = 0, FPN = 0, HEN = 0, FEN = 0
    generate layer x.3.inductor:L262362, TYP = E, HPN = 0, FPN = 0, HEN = 0, FEN = 0

Time: cpu=0.00/0.10  real=0.00/0.10  Memory: 7.63/7.76/13.80

    delete layer inductor_not_rect
    delete layer x.3.inductor:_EPTMPL262361

    Rule Check x.3.inductor finished, 0 error(s) reported.

Time: cpu=0.00/0.10  real=0.00/0.10  Memory: 7.63/7.76/13.80



operation group: 106/1146
    hvtr_not_rect = RECT_CHK hvtr -not -orthogonal_only
========================================================================
    generate layer hvtr_not_rect, TYP = P, HPN = 0, FPN = 0, HEN = 0, FEN = 0

Time: cpu=0.00/0.10  real=0.00/0.10  Memory: 7.63/7.76/13.80



operation group: 107/1146
    x.3.hvtr:_EPTMPL262363 = ANGLE hvtr_not_rect -ne 45
    x.3.hvtr:L262364 = ANGLE x.3.hvtr:_EPTMPL262363 -ltgt 0 90
========================================================================
    generate layer x.3.hvtr:_EPTMPL262363, TYP = E, HPN = 0, FPN = 0, HEN = 0, FEN = 0
    generate layer x.3.hvtr:L262364, TYP = E, HPN = 0, FPN = 0, HEN = 0, FEN = 0

Time: cpu=0.00/0.10  real=0.00/0.10  Memory: 7.63/7.76/13.80

    delete layer hvtr_not_rect
    delete layer x.3.hvtr:_EPTMPL262363

    Rule Check x.3.hvtr finished, 0 error(s) reported.

Time: cpu=0.00/0.10  real=0.00/0.10  Memory: 7.63/7.76/13.80



operation group: 108/1146
    x.5.nwell:L262365 = NOT nwell_pin nwell
========================================================================
    generate layer x.5.nwell:L262365, TYP = P, HPN = 0, FPN = 0, HEN = 0, FEN = 0

Time: cpu=0.00/0.10  real=0.00/0.10  Memory: 7.63/7.76/13.80

    delete layer nwell_pin

    Rule Check x.5.nwell finished, 0 error(s) reported.

Time: cpu=0.00/0.10  real=0.00/0.10  Memory: 7.63/7.76/13.80



operation group: 109/1146
    x.5.diff:L262366 = NOT diff_pin diff_dg
========================================================================
    generate layer x.5.diff:L262366, TYP = P, HPN = 0, FPN = 0, HEN = 0, FEN = 0

Time: cpu=0.00/0.10  real=0.00/0.10  Memory: 7.63/7.76/13.80

    delete layer diff_pin

    Rule Check x.5.diff finished, 0 error(s) reported.

Time: cpu=0.00/0.10  real=0.00/0.10  Memory: 7.63/7.76/13.80



operation group: 110/1146
    x.5.poly:L262367 = NOT poly_pin poly_dg
========================================================================
    generate layer x.5.poly:L262367, TYP = P, HPN = 0, FPN = 0, HEN = 0, FEN = 0

Time: cpu=0.00/0.10  real=0.00/0.10  Memory: 7.63/7.76/13.80

    delete layer poly_pin

    Rule Check x.5.poly finished, 0 error(s) reported.

Time: cpu=0.00/0.10  real=0.00/0.10  Memory: 7.63/7.76/13.80



operation group: 111/1146
    x.5.li:L262368 = NOT li1_pin li_dg
========================================================================
    generate layer x.5.li:L262368, TYP = P, HPN = 0, FPN = 0, HEN = 0, FEN = 0

Time: cpu=0.00/0.10  real=0.00/0.10  Memory: 7.63/7.76/13.80

    delete layer li1_pin

    Rule Check x.5.li finished, 0 error(s) reported.

Time: cpu=0.00/0.10  real=0.00/0.10  Memory: 7.63/7.76/13.80



operation group: 112/1146
    x.5.m1:L262369 = NOT met1_pin m1_dg
========================================================================
    generate layer x.5.m1:L262369, TYP = P, HPN = 0, FPN = 0, HEN = 0, FEN = 0

Time: cpu=0.00/0.10  real=0.00/0.10  Memory: 7.63/7.76/13.80

    delete layer met1_pin

    Rule Check x.5.m1 finished, 0 error(s) reported.

Time: cpu=0.00/0.10  real=0.00/0.10  Memory: 7.63/7.76/13.80



operation group: 113/1146
    x.5.m2:L262370 = NOT met2_pin m2_dg
========================================================================
    generate layer x.5.m2:L262370, TYP = P, HPN = 0, FPN = 0, HEN = 0, FEN = 0

Time: cpu=0.00/0.10  real=0.00/0.10  Memory: 7.63/7.76/13.80

    delete layer met2_pin

    Rule Check x.5.m2 finished, 0 error(s) reported.

Time: cpu=0.00/0.10  real=0.00/0.10  Memory: 7.63/7.76/13.80



operation group: 114/1146
    x.5.m3:L262371 = NOT met3_pin m3_dg
========================================================================
    generate layer x.5.m3:L262371, TYP = P, HPN = 0, FPN = 0, HEN = 0, FEN = 0

Time: cpu=0.00/0.10  real=0.00/0.10  Memory: 7.63/7.76/13.80

    delete layer met3_pin

    Rule Check x.5.m3 finished, 0 error(s) reported.

Time: cpu=0.00/0.10  real=0.00/0.10  Memory: 7.63/7.76/13.80



operation group: 115/1146
    x.5.m4:L262372 = NOT met4_pin m4_dg
========================================================================
    generate layer x.5.m4:L262372, TYP = P, HPN = 0, FPN = 0, HEN = 0, FEN = 0

Time: cpu=0.00/0.10  real=0.00/0.10  Memory: 7.63/7.76/13.80

    delete layer met4_pin

    Rule Check x.5.m4 finished, 0 error(s) reported.

Time: cpu=0.00/0.10  real=0.00/0.10  Memory: 7.63/7.76/13.80



operation group: 116/1146
    x.5.m5:L262373 = NOT met5_pin m5_dg
========================================================================
    generate layer x.5.m5:L262373, TYP = P, HPN = 0, FPN = 0, HEN = 0, FEN = 0

Time: cpu=0.00/0.10  real=0.00/0.10  Memory: 7.63/7.76/13.80

    delete layer met5_pin

    Rule Check x.5.m5 finished, 0 error(s) reported.

Time: cpu=0.00/0.10  real=0.00/0.10  Memory: 7.63/7.76/13.80



operation group: 117/1146
    x.5.pad:L262374 = NOT pad_pin pad
========================================================================
    generate layer x.5.pad:L262374, TYP = P, HPN = 0, FPN = 0, HEN = 0, FEN = 0

Time: cpu=0.00/0.10  real=0.00/0.10  Memory: 7.63/7.76/13.80

    delete layer pad_pin

    Rule Check x.5.pad finished, 0 error(s) reported.

Time: cpu=0.00/0.10  real=0.00/0.10  Memory: 7.63/7.76/13.80



operation group: 118/1146
    x.10.diff:L262375 = AND diff_res licon
========================================================================
    generate layer x.10.diff:L262375, TYP = P, HPN = 0, FPN = 0, HEN = 0, FEN = 0

Time: cpu=0.00/0.10  real=0.00/0.10  Memory: 7.63/7.76/13.80


    Rule Check x.10.diff finished, 0 error(s) reported.

Time: cpu=0.00/0.10  real=0.00/0.10  Memory: 7.63/7.76/13.80



operation group: 119/1146
    x.10.poly:L262376 = AND poly_res licon
========================================================================
    generate layer x.10.poly:L262376, TYP = P, HPN = 0, FPN = 0, HEN = 0, FEN = 0

Time: cpu=0.00/0.10  real=0.00/0.10  Memory: 7.63/7.76/13.80


    Rule Check x.10.poly finished, 0 error(s) reported.

Time: cpu=0.00/0.10  real=0.00/0.10  Memory: 7.63/7.76/13.80



operation group: 120/1146
    SEALID_extent = EXTENT SEALID
========================================================================
    generate layer SEALID_extent, TYP = P, HPN = 0, FPN = 0, HEN = 0, FEN = 0

Time: cpu=0.00/0.10  real=0.00/0.10  Memory: 7.63/7.76/13.80



operation group: 121/1146
    SEALID_quadrant1 = SELECT -enclose SEALID_extent quadrant1
========================================================================
    generate layer SEALID_quadrant1, TYP = P, HPN = 0, FPN = 0, HEN = 0, FEN = 0

Time: cpu=0.00/0.10  real=0.00/0.10  Memory: 7.63/7.76/13.80

    delete layer quadrant1


operation group: 122/1146
    SEALID_quadrant12 = SELECT -touch SEALID_quadrant1 quadrant2
========================================================================
    generate layer SEALID_quadrant12, TYP = P, HPN = 0, FPN = 0, HEN = 0, FEN = 0

Time: cpu=0.00/0.10  real=0.00/0.10  Memory: 7.63/7.76/13.80

    delete layer SEALID_quadrant1
    delete layer quadrant2


operation group: 123/1146
    SEALID_quadrant123 = SELECT -outside SEALID_quadrant12 quadrant3
========================================================================
    generate layer SEALID_quadrant123, TYP = P, HPN = 0, FPN = 0, HEN = 0, FEN = 0

Time: cpu=0.00/0.10  real=0.00/0.10  Memory: 7.63/7.76/13.80

    delete layer SEALID_quadrant12
    delete layer quadrant3


operation group: 124/1146
    SEALID_quadrant1234 = SELECT -touch SEALID_quadrant123 quadrant4
========================================================================
    generate layer SEALID_quadrant1234, TYP = P, HPN = 0, FPN = 0, HEN = 0, FEN = 0

Time: cpu=0.00/0.10  real=0.00/0.10  Memory: 7.63/7.76/13.80

    delete layer SEALID_quadrant123
    delete layer quadrant4


operation group: 125/1146
    x.19:L262382 = NOT SEALID_extent SEALID_quadrant1234
========================================================================
    generate layer x.19:L262382, TYP = P, HPN = 0, FPN = 0, HEN = 0, FEN = 0

Time: cpu=0.00/0.10  real=0.00/0.10  Memory: 7.63/7.76/13.80

    delete layer SEALID_extent
    delete layer SEALID_quadrant1234

    Rule Check x.19 finished, 0 error(s) reported.

Time: cpu=0.00/0.10  real=0.00/0.10  Memory: 7.63/7.76/13.80



operation group: 126/1146
    x.23c.poly:L262383 = AND SEALID poly
========================================================================
    generate layer x.23c.poly:L262383, TYP = P, HPN = 0, FPN = 0, HEN = 0, FEN = 0

Time: cpu=0.00/0.10  real=0.00/0.10  Memory: 7.63/7.76/13.80


    Rule Check x.23c.poly finished, 0 error(s) reported.

Time: cpu=0.00/0.10  real=0.00/0.10  Memory: 7.63/7.76/13.80



operation group: 127/1146
    x.23c.li1:L262384 = AND SEALID li1
========================================================================
    generate layer x.23c.li1:L262384, TYP = P, HPN = 0, FPN = 0, HEN = 0, FEN = 0

Time: cpu=0.00/0.10  real=0.00/0.10  Memory: 7.63/7.76/13.80


    Rule Check x.23c.li1 finished, 0 error(s) reported.

Time: cpu=0.00/0.10  real=0.00/0.10  Memory: 7.63/7.76/13.80



operation group: 128/1146
    x.23c.m1:L262385 = AND SEALID met1
========================================================================
    generate layer x.23c.m1:L262385, TYP = P, HPN = 0, FPN = 0, HEN = 0, FEN = 0

Time: cpu=0.00/0.10  real=0.00/0.10  Memory: 7.63/7.76/13.80


    Rule Check x.23c.m1 finished, 0 error(s) reported.

Time: cpu=0.00/0.10  real=0.00/0.10  Memory: 7.63/7.76/13.80



operation group: 129/1146
    x.23c.m2:L262386 = AND SEALID met2
========================================================================
    generate layer x.23c.m2:L262386, TYP = P, HPN = 0, FPN = 0, HEN = 0, FEN = 0

Time: cpu=0.00/0.10  real=0.00/0.10  Memory: 7.63/7.76/13.80


    Rule Check x.23c.m2 finished, 0 error(s) reported.

Time: cpu=0.00/0.10  real=0.00/0.10  Memory: 7.63/7.76/13.80



operation group: 130/1146
    x.23c.m3:L262387 = AND SEALID met3
========================================================================
    generate layer x.23c.m3:L262387, TYP = P, HPN = 0, FPN = 0, HEN = 0, FEN = 0

Time: cpu=0.00/0.10  real=0.00/0.10  Memory: 7.63/7.76/13.80


    Rule Check x.23c.m3 finished, 0 error(s) reported.

Time: cpu=0.00/0.10  real=0.00/0.10  Memory: 7.63/7.76/13.80



operation group: 131/1146
    x.23c.m4:L262388 = AND SEALID met4
========================================================================
    generate layer x.23c.m4:L262388, TYP = P, HPN = 0, FPN = 0, HEN = 0, FEN = 0

Time: cpu=0.00/0.10  real=0.00/0.10  Memory: 7.63/7.76/13.80


    Rule Check x.23c.m4 finished, 0 error(s) reported.

Time: cpu=0.00/0.10  real=0.00/0.10  Memory: 7.63/7.76/13.80



operation group: 132/1146
    x.23c.m5:L262389 = AND SEALID met5
========================================================================
    generate layer x.23c.m5:L262389, TYP = P, HPN = 0, FPN = 0, HEN = 0, FEN = 0

Time: cpu=0.00/0.10  real=0.00/0.10  Memory: 7.63/7.76/13.80


    Rule Check x.23c.m5 finished, 0 error(s) reported.

Time: cpu=0.00/0.10  real=0.00/0.10  Memory: 7.63/7.76/13.80



operation group: 133/1146
    CDRW.x.8:L262390 = EXTENT_DRAWN areaid.ce
========================================================================
    generate layer CDRW.x.8:L262390, TYP = P, HPN = 0, FPN = 0, HEN = 0, FEN = 0

Time: cpu=0.00/0.10  real=0.00/0.10  Memory: 7.63/7.76/13.80


    Rule Check CDRW.x.8 finished, 0 error(s) reported.

Time: cpu=0.00/0.10  real=0.00/0.10  Memory: 7.63/7.76/13.80



operation group: 134/1146
    CDRW.x.fuse:L262391 = COPY met4_fuse
========================================================================
    generate layer CDRW.x.fuse:L262391, TYP = P, HPN = 0, FPN = 0, HEN = 0, FEN = 0

Time: cpu=0.00/0.10  real=0.00/0.10  Memory: 7.63/7.76/13.80

    delete layer met4_fuse

    Rule Check CDRW.x.fuse finished, 0 error(s) reported.

Time: cpu=0.00/0.10  real=0.00/0.10  Memory: 7.63/7.76/13.80



operation group: 135/1146
    x.moduleCut:L262392 = EXTENT_DRAWN areaid.mt
========================================================================
    generate layer x.moduleCut:L262392, TYP = P, HPN = 0, FPN = 0, HEN = 0, FEN = 0

Time: cpu=0.00/0.10  real=0.00/0.10  Memory: 7.63/7.76/13.80


    Rule Check x.moduleCut finished, 0 error(s) reported.

Time: cpu=0.00/0.10  real=0.00/0.10  Memory: 7.63/7.76/13.80



operation group: 136/1146
    CDRW.x.photo:L262393 = COPY areaid.po
========================================================================
    generate layer CDRW.x.photo:L262393, TYP = P, HPN = 0, FPN = 0, HEN = 0, FEN = 0

Time: cpu=0.00/0.10  real=0.00/0.10  Memory: 7.63/7.76/13.80


    Rule Check CDRW.x.photo finished, 0 error(s) reported.

Time: cpu=0.00/0.10  real=0.00/0.10  Memory: 7.63/7.76/13.80



operation group: 137/1146
    x.prBndry:L262394 = COPY prBndry
========================================================================
    generate layer x.prBndry:L262394, TYP = P, HPN = 0, FPN = 0, HEN = 0, FEN = 0

Time: cpu=0.00/0.10  real=0.00/0.10  Memory: 7.63/7.76/13.80

    delete layer prBndry

    Rule Check x.prBndry finished, 0 error(s) reported.

Time: cpu=0.00/0.10  real=0.00/0.10  Memory: 7.63/7.76/13.80



operation group: 138/1146
    Chip_extent_pvsTmp1 = HOLES SEALID
========================================================================
    generate layer Chip_extent_pvsTmp1, TYP = P, HPN = 0, FPN = 0, HEN = 0, FEN = 0

Time: cpu=0.00/0.10  real=0.00/0.10  Memory: 7.63/7.76/13.80



operation group: 139/1146
    Chip_extent = OR Chip_extent_pvsTmp1 SEALID
========================================================================
    generate layer Chip_extent, TYP = P, HPN = 0, FPN = 0, HEN = 0, FEN = 0

Time: cpu=0.00/0.10  real=0.00/0.10  Memory: 7.63/7.76/13.80

    delete layer Chip_extent_pvsTmp1


operation group: 140/1146
    _EPTMPL262173 = OR nwell localSub
========================================================================
    layer _EPTMPL262173 not generated, operation is dynamically optimized out.

Time: cpu=0.00/0.10  real=0.00/0.10  Memory: 7.63/7.76/13.80



operation group: 141/1146
    pwell = NOT Chip_extent _EPTMPL262173
========================================================================
    generate layer pwell, TYP = P, HPN = 0, FPN = 0, HEN = 0, FEN = 0

Time: cpu=0.00/0.10  real=0.00/0.10  Memory: 7.63/7.76/13.80

    delete layer Chip_extent
    delete layer _EPTMPL262173


operation group: 142/1146
    x.pwell:L262395 = SELECT -enclose pwell ptap -not
========================================================================
    generate layer x.pwell:L262395, TYP = P, HPN = 0, FPN = 0, HEN = 0, FEN = 0

Time: cpu=0.00/0.10  real=0.00/0.10  Memory: 7.63/7.76/13.80



operation group: 143/1146
    x.pwell:L262396 = SELECT -enclose localSub ptap -not
========================================================================
    generate layer x.pwell:L262396, TYP = P, HPN = 0, FPN = 0, HEN = 0, FEN = 0

Time: cpu=0.00/0.10  real=0.00/0.10  Memory: 7.63/7.76/13.80


    Rule Check x.pwell finished, 0 error(s) reported.

Time: cpu=0.00/0.10  real=0.00/0.10  Memory: 7.63/7.76/13.80



operation group: 144/1146
    CDRW.x.RDL:L262397 = COPY target
========================================================================
    generate layer CDRW.x.RDL:L262397, TYP = P, HPN = 0, FPN = 0, HEN = 0, FEN = 0

Time: cpu=0.00/0.10  real=0.00/0.10  Memory: 7.63/7.76/13.80


    Rule Check CDRW.x.RDL finished, 0 error(s) reported.

Time: cpu=0.00/0.10  real=0.00/0.10  Memory: 7.63/7.76/13.80



operation group: 145/1146
    CDRW.x.target:L262398 = COPY target
========================================================================
    generate layer CDRW.x.target:L262398, TYP = P, HPN = 0, FPN = 0, HEN = 0, FEN = 0

Time: cpu=0.00/0.10  real=0.00/0.10  Memory: 7.63/7.76/13.80

    delete layer target

    Rule Check CDRW.x.target finished, 0 error(s) reported.

Time: cpu=0.00/0.10  real=0.00/0.10  Memory: 7.63/7.76/13.80



operation group: 146/1146
    CDRW.x.tunm:L262399 = COPY tunm
========================================================================
    generate layer CDRW.x.tunm:L262399, TYP = P, HPN = 0, FPN = 0, HEN = 0, FEN = 0

Time: cpu=0.00/0.10  real=0.00/0.10  Memory: 7.63/7.76/13.80


    Rule Check CDRW.x.tunm finished, 0 error(s) reported.

Time: cpu=0.00/0.10  real=0.00/0.10  Memory: 7.64/7.77/13.80



operation group: 147/1146
    CDRW.dnwell.2:L262400 = INTE dnwell -lt 3 -output region
========================================================================
    generate layer CDRW.dnwell.2:L262400, TYP = P, HPN = 0, FPN = 0, HEN = 0, FEN = 0

Time: cpu=0.00/0.10  real=0.00/0.10  Memory: 7.64/7.77/13.80


    Rule Check CDRW.dnwell.2 finished, 0 error(s) reported.

Time: cpu=0.00/0.10  real=0.00/0.10  Memory: 7.64/7.77/13.80



operation group: 148/1146
    dnwell.4:L262409 = AND dnwell pnp
========================================================================
    generate layer dnwell.4:L262409, TYP = P, HPN = 0, FPN = 0, HEN = 0, FEN = 0

Time: cpu=0.00/0.10  real=0.00/0.10  Memory: 7.64/7.77/13.80

    delete layer pnp

    Rule Check dnwell.4 finished, 0 error(s) reported.

Time: cpu=0.00/0.10  real=0.00/0.10  Memory: 7.64/7.77/13.80



operation group: 149/1146
    pdiff = AND diff_and_psdm nwell
========================================================================
    generate layer pdiff, TYP = P, HPN = 3, FPN = 20, HEN = 12, FEN = 80

Time: cpu=0.00/0.10  real=0.00/0.10  Memory: 7.64/7.77/13.80



operation group: 150/1146
    dnwell.5:L262410 = SELECT -cut pdiff dnwell
========================================================================
    generate layer dnwell.5:L262410, TYP = P, HPN = 0, FPN = 0, HEN = 0, FEN = 0

Time: cpu=0.00/0.10  real=0.00/0.10  Memory: 7.64/7.77/13.80


    Rule Check dnwell.5 finished, 0 error(s) reported.

Time: cpu=0.00/0.10  real=0.00/0.10  Memory: 7.64/7.77/13.80



operation group: 151/1146
    dnwell.7:L262411 = SELECT -cut dnwell localSub
========================================================================
    generate layer dnwell.7:L262411, TYP = P, HPN = 0, FPN = 0, HEN = 0, FEN = 0

Time: cpu=0.00/0.10  real=0.00/0.10  Memory: 7.64/7.77/13.80

    delete layer localSub

    Rule Check dnwell.7 finished, 0 error(s) reported.

Time: cpu=0.00/0.10  real=0.00/0.10  Memory: 7.64/7.77/13.80



operation group: 152/1146
    nwell.1:L262412 = INTE nwell -lt 0.84 -output region
========================================================================
    generate layer nwell.1:L262412, TYP = P, HPN = 0, FPN = 0, HEN = 0, FEN = 0

Time: cpu=0.00/0.10  real=0.00/0.10  Memory: 7.64/7.77/13.80


    Rule Check nwell.1 finished, 0 error(s) reported.

Time: cpu=0.00/0.10  real=0.00/0.10  Memory: 7.64/7.77/13.80



operation group: 153/1146
    tap_licon = AND tap licon
========================================================================
    generate layer tap_licon, TYP = P, HPN = 4, FPN = 8, HEN = 16, FEN = 32

Time: cpu=0.00/0.10  real=0.01/0.11  Memory: 7.64/7.77/13.80



operation group: 154/1146
    nwell.4:L262417 = SELECT -enclose nwell tap_licon -not
========================================================================
    generate layer nwell.4:L262417, TYP = P, HPN = 3, FPN = 20, HEN = 12, FEN = 80

Time: cpu=0.00/0.10  real=0.00/0.11  Memory: 7.64/7.77/13.80

    delete layer tap_licon

    Rule Check nwell.4 finished, 3 error(s) reported.

Time: cpu=0.00/0.10  real=0.00/0.11  Memory: 7.64/7.77/13.80



operation group: 155/1146
    nwell.5:dnwell.5 = NOT dnwell uhvi
========================================================================
    generate layer nwell.5:dnwell.5, TYP = P, HPN = 0, FPN = 0, HEN = 0, FEN = 0

Time: cpu=0.00/0.10  real=0.00/0.11  Memory: 7.64/7.77/13.80



operation group: 156/1146
    nwell.5:nwell.5_notCD = inside_cell -not nwell "*_tech_CD_top"
========================================================================
    layer nwell.5:nwell.5_notCD not generated, operation is dynamically optimized out.

Time: cpu=0.00/0.10  real=0.00/0.11  Memory: 7.64/7.77/13.80



operation group: 157/1146
    nwell.5:L262420 = ENC nwell.5:dnwell.5 nwell.5:nwell.5_notCD -lt 0.4 -output region
========================================================================
    generate layer nwell.5:L262420, TYP = P, HPN = 0, FPN = 0, HEN = 0, FEN = 0

Time: cpu=0.00/0.10  real=0.00/0.11  Memory: 7.64/7.77/13.80

    delete layer nwell.5:dnwell.5

    Rule Check nwell.5 finished, 0 error(s) reported.

Time: cpu=0.00/0.10  real=0.00/0.11  Memory: 7.64/7.77/13.80



operation group: 158/1146
    nwell.6:nwell.6_b = SELECT -outside nwell.5:nwell.5_notCD uhvi
========================================================================
    layer nwell.6:nwell.6_b not generated, operation is dynamically optimized out.

Time: cpu=0.00/0.10  real=0.00/0.11  Memory: 7.64/7.77/13.80

    delete layer nwell.5:nwell.5_notCD


operation group: 159/1146
    nwell.6:nwell.6_c = HOLES nwell.6:nwell.6_b
========================================================================
    layer nwell.6:nwell.6_c not generated, operation is dynamically optimized out.

Time: cpu=0.00/0.10  real=0.00/0.11  Memory: 7.64/7.77/13.80

    delete layer nwell.6:nwell.6_b


operation group: 160/1146
    nwell.6:L262424 = ENC nwell.6:nwell.6_c dnwell -lt 1.03 -output region
========================================================================
    generate layer nwell.6:L262424, TYP = P, HPN = 0, FPN = 0, HEN = 0, FEN = 0

Time: cpu=0.00/0.10  real=0.00/0.11  Memory: 7.64/7.77/13.80

    delete layer nwell.6:nwell.6_c

    Rule Check nwell.6 finished, 0 error(s) reported.

Time: cpu=0.00/0.10  real=0.00/0.11  Memory: 7.64/7.77/13.80



operation group: 161/1146
    nwell.ntap:L262425 = SELECT -enclose nwell ntap -not
========================================================================
    generate layer nwell.ntap:L262425, TYP = P, HPN = 3, FPN = 20, HEN = 12, FEN = 80

Time: cpu=0.00/0.10  real=0.00/0.11  Memory: 7.64/7.77/13.80


    Rule Check nwell.ntap finished, 3 error(s) reported.

Time: cpu=0.00/0.10  real=0.00/0.11  Memory: 7.64/7.77/13.80



operation group: 162/1146
    hvtp.1:L262426 = INTE hvtp -lt 0.38 -single_point -output region
========================================================================
    generate layer hvtp.1:L262426, TYP = P, HPN = 0, FPN = 0, HEN = 0, FEN = 0

Time: cpu=0.00/0.10  real=0.00/0.11  Memory: 7.64/7.77/13.80


    Rule Check hvtp.1 finished, 0 error(s) reported.

Time: cpu=0.00/0.10  real=0.00/0.11  Memory: 7.64/7.77/13.80



operation group: 163/1146
    hvtp.2:L262427 = EXTE hvtp -lt 0.38 -single_point -output region
========================================================================
    generate layer hvtp.2:L262427, TYP = P, HPN = 0, FPN = 0, HEN = 0, FEN = 0

Time: cpu=0.00/0.10  real=0.00/0.11  Memory: 7.64/7.77/13.80


    Rule Check hvtp.2 finished, 0 error(s) reported.

Time: cpu=0.00/0.10  real=0.00/0.11  Memory: 7.64/7.77/13.80



operation group: 164/1146
    gate_a = AND poly diff
========================================================================
    generate layer gate_a, TYP = P, HPN = 7, FPN = 54, HEN = 28, FEN = 216

Time: cpu=0.00/0.10  real=0.00/0.11  Memory: 7.64/7.77/13.80



operation group: 165/1146
    gate = SELECT -donut gate_a -not
========================================================================
    generate layer gate, TYP = P, HPN = 7, FPN = 54, HEN = 28, FEN = 216

Time: cpu=0.00/0.10  real=0.00/0.11  Memory: 7.64/7.77/13.80



operation group: 166/1146
    pfet = AND gate nwell
========================================================================
    layer pfet not generated, operation is dynamically optimized out.

Time: cpu=0.00/0.10  real=0.00/0.11  Memory: 7.64/7.77/13.80



operation group: 167/1146
    hvtp.3:_EPTMPL262428 = SELECT -outside pfet areaid.ce
========================================================================
    layer hvtp.3:_EPTMPL262428 not generated, operation is dynamically optimized out.

Time: cpu=0.00/0.10  real=0.00/0.11  Memory: 7.64/7.77/13.80



operation group: 168/1146
    hvtp.3:L262429 = ENC hvtp.3:_EPTMPL262428 hvtp -lt 0.18 -output region
========================================================================
    generate layer hvtp.3:L262429, TYP = P, HPN = 0, FPN = 0, HEN = 0, FEN = 0

Time: cpu=0.00/0.10  real=0.00/0.11  Memory: 7.64/7.77/13.80

    delete layer hvtp.3:_EPTMPL262428

    Rule Check hvtp.3 finished, 0 error(s) reported.

Time: cpu=0.00/0.10  real=0.00/0.11  Memory: 7.64/7.77/13.80



operation group: 169/1146
    hvtp.4:L262430 = EXTE pfet hvtp -lt 0.18 -single_point -output region
========================================================================
    generate layer hvtp.4:L262430, TYP = P, HPN = 0, FPN = 0, HEN = 0, FEN = 0

Time: cpu=0.00/0.10  real=0.00/0.11  Memory: 7.64/7.77/13.80


    Rule Check hvtp.4 finished, 0 error(s) reported.

Time: cpu=0.00/0.10  real=0.00/0.11  Memory: 7.64/7.77/13.80



operation group: 170/1146
    hvtp.5:L262431 = AREA hvtp -lt 0.265
========================================================================
    generate layer hvtp.5:L262431, TYP = P, HPN = 0, FPN = 0, HEN = 0, FEN = 0

Time: cpu=0.00/0.10  real=0.00/0.11  Memory: 7.64/7.77/13.80


    Rule Check hvtp.5 finished, 0 error(s) reported.

Time: cpu=0.00/0.10  real=0.00/0.11  Memory: 7.64/7.77/13.80



operation group: 171/1146
    hvtp.6:hvtp.6_a = HOLES hvtp
========================================================================
    generate layer hvtp.6:hvtp.6_a, TYP = P, HPN = 0, FPN = 0, HEN = 0, FEN = 0

Time: cpu=0.00/0.10  real=0.00/0.11  Memory: 7.64/7.77/13.80



operation group: 172/1146
    hvtp.6:L262433 = AREA hvtp.6:hvtp.6_a -lt 0.265
========================================================================
    generate layer hvtp.6:L262433, TYP = P, HPN = 0, FPN = 0, HEN = 0, FEN = 0

Time: cpu=0.00/0.10  real=0.00/0.11  Memory: 7.64/7.77/13.80

    delete layer hvtp.6:hvtp.6_a

    Rule Check hvtp.6 finished, 0 error(s) reported.

Time: cpu=0.00/0.10  real=0.00/0.11  Memory: 7.64/7.77/13.80



operation group: 173/1146
    hvtr.1:L262434 = INTE hvtr -lt 0.38 -single_point -output region
========================================================================
    generate layer hvtr.1:L262434, TYP = P, HPN = 0, FPN = 0, HEN = 0, FEN = 0

Time: cpu=0.00/0.10  real=0.00/0.11  Memory: 7.64/7.77/13.80


    Rule Check hvtr.1 finished, 0 error(s) reported.

Time: cpu=0.00/0.10  real=0.00/0.11  Memory: 7.63/7.77/13.80



operation group: 174/1146
    hvtr.2:L262435 = EXTE hvtp hvtr -lt 0.38 -single_point -output region
========================================================================
    generate layer hvtr.2:L262435, TYP = P, HPN = 0, FPN = 0, HEN = 0, FEN = 0

Time: cpu=0.00/0.10  real=0.00/0.11  Memory: 7.63/7.77/13.80


    Rule Check hvtr.2 finished, 0 error(s) reported.

Time: cpu=0.00/0.10  real=0.00/0.11  Memory: 7.63/7.77/13.80



operation group: 175/1146
    hvtr.3:L262436 = ENC pfet hvtr -lt 0.18 -output region
========================================================================
    generate layer hvtr.3:L262436, TYP = P, HPN = 0, FPN = 0, HEN = 0, FEN = 0

Time: cpu=0.00/0.10  real=0.00/0.11  Memory: 7.63/7.77/13.80

    delete layer hvtr

    Rule Check hvtr.3 finished, 0 error(s) reported.

Time: cpu=0.00/0.10  real=0.00/0.11  Memory: 7.63/7.77/13.80



operation group: 176/1146
    CDR.lvtn.1a:L262437 = INTE lvtn -lt 0.38 -single_point -output region
========================================================================
    generate layer CDR.lvtn.1a:L262437, TYP = P, HPN = 0, FPN = 0, HEN = 0, FEN = 0

Time: cpu=0.00/0.10  real=0.00/0.11  Memory: 7.63/7.77/13.80


    Rule Check CDR.lvtn.1a finished, 0 error(s) reported.

Time: cpu=0.00/0.10  real=0.00/0.11  Memory: 7.63/7.77/13.80



operation group: 177/1146
    CDR.lvtn.2:L262438 = EXTE lvtn -lt 0.38 -single_point -output region
========================================================================
    generate layer CDR.lvtn.2:L262438, TYP = P, HPN = 0, FPN = 0, HEN = 0, FEN = 0

Time: cpu=0.00/0.10  real=0.00/0.11  Memory: 7.63/7.77/13.80


    Rule Check CDR.lvtn.2 finished, 0 error(s) reported.

Time: cpu=0.00/0.10  real=0.00/0.11  Memory: 7.63/7.77/13.80



operation group: 178/1146
    lvtn.3a:lvtn.3a_exempt = NOT lvtn uhvi
========================================================================
    generate layer lvtn.3a:lvtn.3a_exempt, TYP = P, HPN = 0, FPN = 0, HEN = 0, FEN = 0

Time: cpu=0.00/0.10  real=0.00/0.11  Memory: 7.63/7.77/13.80



operation group: 179/1146
    lvtn.3a:L262440 = EXTE lvtn.3a:lvtn.3a_exempt -lt 0.18 -single_point -output region
========================================================================
    generate layer lvtn.3a:L262440, TYP = P, HPN = 0, FPN = 0, HEN = 0, FEN = 0

Time: cpu=0.00/0.10  real=0.00/0.11  Memory: 7.63/7.77/13.80

    delete layer lvtn.3a:lvtn.3a_exempt

    Rule Check lvtn.3a finished, 0 error(s) reported.

Time: cpu=0.00/0.10  real=0.00/0.11  Memory: 7.63/7.77/13.80



operation group: 180/1146
    lvtn.3b:lvtn.3b_a = EDGE_BOOLEAN gate pdiff -coincident_only -outside
========================================================================
    layer lvtn.3b:lvtn.3b_a not generated, operation is dynamically optimized out.

Time: cpu=0.00/0.10  real=0.00/0.11  Memory: 7.63/7.77/13.80



operation group: 181/1146
    lvtn.3b:L262442 = EXTE lvtn lvtn.3b:lvtn.3b_a -lt 0.19 -single_point -output region
========================================================================
    generate layer lvtn.3b:L262442, TYP = P, HPN = 0, FPN = 0, HEN = 0, FEN = 0

Time: cpu=0.00/0.10  real=0.00/0.11  Memory: 7.63/7.77/13.80

    delete layer lvtn.3b:lvtn.3b_a

    Rule Check lvtn.3b finished, 0 error(s) reported.

Time: cpu=0.00/0.10  real=0.00/0.11  Memory: 7.63/7.77/13.80



operation group: 182/1146
    lvtn.4b:L262444 = ENC gate lvtn -lt 0.18 -abut lt 90 -output region
========================================================================
    generate layer lvtn.4b:L262444, TYP = P, HPN = 0, FPN = 0, HEN = 0, FEN = 0

Time: cpu=0.00/0.10  real=0.00/0.11  Memory: 7.63/7.77/13.80


    Rule Check lvtn.4b finished, 0 error(s) reported.

Time: cpu=0.00/0.10  real=0.00/0.11  Memory: 7.63/7.77/13.80



operation group: 183/1146
    lvtn.9:L262445 = EXTE lvtn hvtp -lt 0.38 -overlap -single_point -output region
========================================================================
    generate layer lvtn.9:L262445, TYP = P, HPN = 0, FPN = 0, HEN = 0, FEN = 0

Time: cpu=0.00/0.10  real=0.00/0.11  Memory: 7.63/7.77/13.80


    Rule Check lvtn.9 finished, 0 error(s) reported.

Time: cpu=0.00/0.10  real=0.00/0.11  Memory: 7.63/7.77/13.80



operation group: 184/1146
    Var_channel_pvsTmp2 = AND poly tap
========================================================================
    generate layer Var_channel_pvsTmp2, TYP = P, HPN = 0, FPN = 0, HEN = 0, FEN = 0

Time: cpu=0.00/0.10  real=0.00/0.11  Memory: 7.63/7.77/13.80



operation group: 185/1146
    Var_channel_pvsTmp1 = NOT nwell hvi
========================================================================
    generate layer Var_channel_pvsTmp1, TYP = P, HPN = 4, FPN = 22, HEN = 16, FEN = 88

Time: cpu=0.00/0.10  real=0.00/0.11  Memory: 7.63/7.77/13.80



operation group: 186/1146
    Var_channel_pvsTmp3 = AND Var_channel_pvsTmp2 Var_channel_pvsTmp1
========================================================================
    generate layer Var_channel_pvsTmp3, TYP = P, HPN = 0, FPN = 0, HEN = 0, FEN = 0

Time: cpu=0.00/0.10  real=0.00/0.11  Memory: 7.63/7.77/13.80

    delete layer Var_channel_pvsTmp2


operation group: 187/1146
    Var_channel = NOT Var_channel_pvsTmp3 areaid.ce
========================================================================
    generate layer Var_channel, TYP = P, HPN = 0, FPN = 0, HEN = 0, FEN = 0

Time: cpu=0.00/0.10  real=0.00/0.11  Memory: 7.63/7.77/13.80

    delete layer Var_channel_pvsTmp3


operation group: 188/1146
    lvtn.10:lvtn.10_a = SELECT -cut nwell Var_channel -not
    varac.7:varac.7_a = SELECT -cut nwell Var_channel
========================================================================
    layer lvtn.10:lvtn.10_a not generated, operation is dynamically optimized out.
    generate layer varac.7:varac.7_a, TYP = P, HPN = 0, FPN = 0, HEN = 0, FEN = 0

Time: cpu=0.00/0.10  real=0.00/0.11  Memory: 7.63/7.77/13.80



operation group: 189/1146
    lvtn.10:L262447 = ENC lvtn lvtn.10:lvtn.10_a -lt 0.38 -output region
========================================================================
    generate layer lvtn.10:L262447, TYP = P, HPN = 0, FPN = 0, HEN = 0, FEN = 0

Time: cpu=0.00/0.10  real=0.00/0.11  Memory: 7.63/7.77/13.80

    delete layer lvtn.10:lvtn.10_a

    Rule Check lvtn.10 finished, 0 error(s) reported.

Time: cpu=0.00/0.10  real=0.00/0.11  Memory: 7.63/7.77/13.80



operation group: 190/1146
    lvtn.12:lvtn.12_a = SELECT -inside nwell areaid.ce
========================================================================
    generate layer lvtn.12:lvtn.12_a, TYP = P, HPN = 0, FPN = 0, HEN = 0, FEN = 0

Time: cpu=0.00/0.10  real=0.00/0.11  Memory: 7.63/7.77/13.80



operation group: 191/1146
    lvtn.12:L262449 = EXTE lvtn lvtn.12:lvtn.12_a -lt 0.38 -single_point -output region
========================================================================
    generate layer lvtn.12:L262449, TYP = P, HPN = 0, FPN = 0, HEN = 0, FEN = 0

Time: cpu=0.00/0.10  real=0.00/0.11  Memory: 7.63/7.77/13.80

    delete layer lvtn.12:lvtn.12_a

    Rule Check lvtn.12 finished, 0 error(s) reported.

Time: cpu=0.00/0.10  real=0.00/0.11  Memory: 7.63/7.77/13.80



operation group: 192/1146
    lvtn.13:L262450 = AREA lvtn -lt 0.265
========================================================================
    generate layer lvtn.13:L262450, TYP = P, HPN = 0, FPN = 0, HEN = 0, FEN = 0

Time: cpu=0.00/0.10  real=0.00/0.11  Memory: 7.63/7.77/13.80


    Rule Check lvtn.13 finished, 0 error(s) reported.

Time: cpu=0.00/0.10  real=0.00/0.11  Memory: 7.63/7.77/13.80



operation group: 193/1146
    lvtn.14:lvtn.14_a = HOLES lvtn
========================================================================
    generate layer lvtn.14:lvtn.14_a, TYP = P, HPN = 0, FPN = 0, HEN = 0, FEN = 0

Time: cpu=0.00/0.10  real=0.00/0.11  Memory: 7.63/7.77/13.80



operation group: 194/1146
    lvtn.14:L262452 = AREA lvtn.14:lvtn.14_a -lt 0.265
========================================================================
    generate layer lvtn.14:L262452, TYP = P, HPN = 0, FPN = 0, HEN = 0, FEN = 0

Time: cpu=0.00/0.10  real=0.00/0.11  Memory: 7.63/7.77/13.80

    delete layer lvtn.14:lvtn.14_a

    Rule Check lvtn.14 finished, 0 error(s) reported.

Time: cpu=0.00/0.10  real=0.00/0.11  Memory: 7.63/7.77/13.80



operation group: 195/1146
    CDR.lvtn.15:L262453 = SELECT -cut lvtn nwell
========================================================================
    generate layer CDR.lvtn.15:L262453, TYP = P, HPN = 0, FPN = 0, HEN = 0, FEN = 0

Time: cpu=0.00/0.10  real=0.00/0.11  Memory: 7.63/7.77/13.80


    Rule Check CDR.lvtn.15 finished, 0 error(s) reported.

Time: cpu=0.00/0.10  real=0.00/0.11  Memory: 7.63/7.77/13.80



operation group: 196/1146
    CDR.ncm.1:L262454 = INTE ncm -lt 0.38 -single_point -output region
========================================================================
    generate layer CDR.ncm.1:L262454, TYP = P, HPN = 0, FPN = 0, HEN = 0, FEN = 0

Time: cpu=0.00/0.10  real=0.00/0.11  Memory: 7.63/7.77/13.80


    Rule Check CDR.ncm.1 finished, 0 error(s) reported.

Time: cpu=0.00/0.10  real=0.00/0.11  Memory: 7.63/7.77/13.80



operation group: 197/1146
    CDR.ncm.2:L262455 = EXTE ncm -lt 0.38 -single_point -output region
========================================================================
    generate layer CDR.ncm.2:L262455, TYP = P, HPN = 0, FPN = 0, HEN = 0, FEN = 0

Time: cpu=0.00/0.10  real=0.00/0.11  Memory: 7.63/7.77/13.80


    Rule Check CDR.ncm.2 finished, 0 error(s) reported.

Time: cpu=0.00/0.10  real=0.00/0.11  Memory: 7.63/7.77/13.80



operation group: 198/1146
    ncm.3:L262456 = ENC pdiff ncm -lt 0.18 -output region
========================================================================
    generate layer ncm.3:L262456, TYP = P, HPN = 0, FPN = 0, HEN = 0, FEN = 0

Time: cpu=0.00/0.10  real=0.00/0.11  Memory: 7.63/7.77/13.80


    Rule Check ncm.3 finished, 0 error(s) reported.

Time: cpu=0.00/0.10  real=0.00/0.11  Memory: 7.63/7.77/13.80



operation group: 199/1146
    _EPTMPL262457 = NOT areaid.ed areaid.de
========================================================================
    generate layer _EPTMPL262457, TYP = P, HPN = 0, FPN = 0, HEN = 0, FEN = 0

Time: cpu=0.00/0.10  real=0.00/0.11  Memory: 7.63/7.77/13.80

    delete layer areaid.de


operation group: 200/1146
    pdiff_edde = AND pdiff _EPTMPL262457
========================================================================
    generate layer pdiff_edde, TYP = P, HPN = 0, FPN = 0, HEN = 0, FEN = 0

Time: cpu=0.00/0.10  real=0.00/0.11  Memory: 7.63/7.77/13.80

    delete layer _EPTMPL262457


operation group: 201/1146
    ncm.4:L262459 = ENC pdiff_edde ncm -lt 0.18 -output region
========================================================================
    generate layer ncm.4:L262459, TYP = P, HPN = 0, FPN = 0, HEN = 0, FEN = 0

Time: cpu=0.00/0.10  real=0.00/0.11  Memory: 7.63/7.77/13.80

    delete layer pdiff_edde

    Rule Check ncm.4 finished, 0 error(s) reported.

Time: cpu=0.00/0.10  real=0.00/0.11  Memory: 7.63/7.77/13.80



operation group: 202/1146
    LVTN_Gate = SELECT -inside gate lvtn
========================================================================
    generate layer LVTN_Gate, TYP = P, HPN = 0, FPN = 0, HEN = 0, FEN = 0

Time: cpu=0.00/0.10  real=0.00/0.11  Memory: 7.63/7.77/13.80



operation group: 203/1146
    ncm.5:ncm.5_a = SELECT -enclose diff lvtn
========================================================================
    generate layer ncm.5:ncm.5_a, TYP = P, HPN = 0, FPN = 0, HEN = 0, FEN = 0

Time: cpu=0.00/0.10  real=0.00/0.11  Memory: 7.63/7.77/13.80



operation group: 204/1146
    ncm.5:ncm.5_b = OR LVTN_Gate ncm.5:ncm.5_a
========================================================================
    generate layer ncm.5:ncm.5_b, TYP = P, HPN = 0, FPN = 0, HEN = 0, FEN = 0

Time: cpu=0.00/0.10  real=0.00/0.11  Memory: 7.63/7.77/13.80

    delete layer LVTN_Gate
    delete layer ncm.5:ncm.5_a


operation group: 205/1146
    ncm.5:ncm.5_c = EXTE ncm ncm.5:ncm.5_b -lt 0.23 -overlap -single_point -output region
========================================================================
    generate layer ncm.5:ncm.5_c, TYP = P, HPN = 0, FPN = 0, HEN = 0, FEN = 0

Time: cpu=0.00/0.10  real=0.00/0.11  Memory: 7.63/7.77/13.80



operation group: 206/1146
    ncm.5:ncm.5_touch = SELECT -touch ncm ncm.5:ncm.5_b
========================================================================
    generate layer ncm.5:ncm.5_touch, TYP = P, HPN = 0, FPN = 0, HEN = 0, FEN = 0

Time: cpu=0.00/0.10  real=0.00/0.11  Memory: 7.63/7.77/13.80

    delete layer ncm.5:ncm.5_b


operation group: 207/1146
    ncm.5:L262464 = OR ncm.5:ncm.5_c ncm.5:ncm.5_touch
========================================================================
    generate layer ncm.5:L262464, TYP = P, HPN = 0, FPN = 0, HEN = 0, FEN = 0

Time: cpu=0.00/0.10  real=0.00/0.11  Memory: 7.63/7.77/13.80

    delete layer ncm.5:ncm.5_c
    delete layer ncm.5:ncm.5_touch

    Rule Check ncm.5 finished, 0 error(s) reported.

Time: cpu=0.00/0.10  real=0.00/0.11  Memory: 7.63/7.77/13.80



operation group: 208/1146
    nfet = NOT gate nwell
========================================================================
    layer nfet not generated, operation is dynamically optimized out.

Time: cpu=0.00/0.10  real=0.00/0.11  Memory: 7.63/7.77/13.80



operation group: 209/1146
    ncm.6:ncm.6_a = EXTE ncm nfet -lt 0.2 -overlap -single_point -output region
========================================================================
    generate layer ncm.6:ncm.6_a, TYP = P, HPN = 0, FPN = 0, HEN = 0, FEN = 0

Time: cpu=0.00/0.10  real=0.00/0.11  Memory: 7.63/7.77/13.80



operation group: 210/1146
    ncm.6:ncm.6_touch = SELECT -touch ncm nfet
========================================================================
    generate layer ncm.6:ncm.6_touch, TYP = P, HPN = 0, FPN = 0, HEN = 0, FEN = 0

Time: cpu=0.00/0.10  real=0.00/0.11  Memory: 7.63/7.77/13.80

    delete layer nfet


operation group: 211/1146
    ncm.6:L262467 = OR ncm.6:ncm.6_a ncm.6:ncm.6_touch
========================================================================
    generate layer ncm.6:L262467, TYP = P, HPN = 0, FPN = 0, HEN = 0, FEN = 0

Time: cpu=0.00/0.10  real=0.00/0.11  Memory: 7.63/7.77/13.80

    delete layer ncm.6:ncm.6_a
    delete layer ncm.6:ncm.6_touch

    Rule Check ncm.6 finished, 0 error(s) reported.

Time: cpu=0.00/0.10  real=0.00/0.11  Memory: 7.63/7.77/13.80



operation group: 212/1146
    ncm.7:L262468 = AREA ncm -lt 0.265
========================================================================
    generate layer ncm.7:L262468, TYP = P, HPN = 0, FPN = 0, HEN = 0, FEN = 0

Time: cpu=0.00/0.10  real=0.00/0.11  Memory: 7.63/7.77/13.80


    Rule Check ncm.7 finished, 0 error(s) reported.

Time: cpu=0.00/0.10  real=0.00/0.11  Memory: 7.63/7.77/13.80



operation group: 213/1146
    ncm.8:ncm.8_a = HOLES ncm
========================================================================
    generate layer ncm.8:ncm.8_a, TYP = P, HPN = 0, FPN = 0, HEN = 0, FEN = 0

Time: cpu=0.00/0.10  real=0.00/0.11  Memory: 7.63/7.77/13.80

    delete layer ncm


operation group: 214/1146
    ncm.8:L262470 = AREA ncm.8:ncm.8_a -lt 0.265
========================================================================
    generate layer ncm.8:L262470, TYP = P, HPN = 0, FPN = 0, HEN = 0, FEN = 0

Time: cpu=0.00/0.10  real=0.00/0.11  Memory: 7.63/7.77/13.80

    delete layer ncm.8:ncm.8_a

    Rule Check ncm.8 finished, 0 error(s) reported.

Time: cpu=0.00/0.10  real=0.00/0.11  Memory: 7.63/7.77/13.80



operation group: 215/1146
    diff_notcore = SELECT -outside diff_in areaid.ce
========================================================================
    generate layer diff_notcore, TYP = P, HPN = 7, FPN = 55, HEN = 28, FEN = 220

Time: cpu=0.00/0.10  real=0.00/0.11  Memory: 7.63/7.77/13.80



operation group: 216/1146
    tap_notcore = SELECT -outside tap areaid.ce
========================================================================
    generate layer tap_notcore, TYP = P, HPN = 1, FPN = 2, HEN = 4, FEN = 8

Time: cpu=0.00/0.10  real=0.00/0.11  Memory: 7.63/7.77/13.80



operation group: 217/1146
    CDR.difftap.1:_EPTMPL262480 = OR diff_notcore tap_notcore
========================================================================
    generate layer CDR.difftap.1:_EPTMPL262480, TYP = P, HPN = 7, FPN = 55, HEN = 28, FEN = 220

Time: cpu=0.00/0.10  real=0.00/0.11  Memory: 7.63/7.77/13.80

    delete layer tap_notcore


operation group: 218/1146
    CDR.difftap.1:L262481 = INTE CDR.difftap.1:_EPTMPL262480 -lt 0.15 -output region
========================================================================
    generate layer CDR.difftap.1:L262481, TYP = P, HPN = 0, FPN = 0, HEN = 0, FEN = 0

Time: cpu=0.01/0.11  real=0.01/0.11  Memory: 7.63/7.77/13.80

    delete layer CDR.difftap.1:_EPTMPL262480

    Rule Check CDR.difftap.1 finished, 0 error(s) reported.

Time: cpu=0.00/0.11  real=0.00/0.11  Memory: 7.63/7.77/13.80



operation group: 219/1146
    diff_core = SELECT -inside diff_in areaid.ce
========================================================================
    generate layer diff_core, TYP = P, HPN = 0, FPN = 0, HEN = 0, FEN = 0

Time: cpu=0.00/0.11  real=0.00/0.11  Memory: 7.63/7.77/13.80



operation group: 220/1146
    tap_core = SELECT -inside tap areaid.ce
========================================================================
    generate layer tap_core, TYP = P, HPN = 0, FPN = 0, HEN = 0, FEN = 0

Time: cpu=0.00/0.11  real=0.00/0.11  Memory: 7.63/7.77/13.80



operation group: 221/1146
    CDR.difftap.1a:_EPTMPL262482 = OR diff_core tap_core
========================================================================
    generate layer CDR.difftap.1a:_EPTMPL262482, TYP = P, HPN = 0, FPN = 0, HEN = 0, FEN = 0

Time: cpu=0.00/0.11  real=0.00/0.11  Memory: 7.63/7.77/13.80

    delete layer diff_core
    delete layer tap_core


operation group: 222/1146
    CDR.difftap.1a:L262483 = INTE CDR.difftap.1a:_EPTMPL262482 -lt 0.14 -output region
========================================================================
    generate layer CDR.difftap.1a:L262483, TYP = P, HPN = 0, FPN = 0, HEN = 0, FEN = 0

Time: cpu=0.00/0.11  real=0.00/0.11  Memory: 7.63/7.77/13.80

    delete layer CDR.difftap.1a:_EPTMPL262482

    Rule Check CDR.difftap.1a finished, 0 error(s) reported.

Time: cpu=0.00/0.11  real=0.00/0.11  Memory: 7.63/7.77/13.80



operation group: 223/1146
    diff_cut_core = SELECT -cut diff_in areaid.ce
========================================================================
    generate layer diff_cut_core, TYP = P, HPN = 0, FPN = 0, HEN = 0, FEN = 0

Time: cpu=0.00/0.11  real=0.00/0.11  Memory: 7.63/7.77/13.80



operation group: 224/1146
    CDR.difftap.1b:L262484 = INTE diff_cut_core -lt 0.15 -abut lt 90 -single_point -output region
========================================================================
    generate layer CDR.difftap.1b:L262484, TYP = P, HPN = 0, FPN = 0, HEN = 0, FEN = 0

Time: cpu=0.00/0.11  real=0.00/0.11  Memory: 7.63/7.77/13.80

    delete layer diff_cut_core

    Rule Check CDR.difftap.1b finished, 0 error(s) reported.

Time: cpu=0.00/0.11  real=0.00/0.11  Memory: 7.63/7.77/13.80



operation group: 225/1146
    gate_core = SELECT -inside gate areaid.ce
========================================================================
    generate layer gate_core, TYP = P, HPN = 0, FPN = 0, HEN = 0, FEN = 0

Time: cpu=0.00/0.11  real=0.00/0.11  Memory: 7.63/7.77/13.80



operation group: 226/1146
    gate_notcore = NOT gate gate_core
========================================================================
    generate layer gate_notcore, TYP = P, HPN = 7, FPN = 54, HEN = 28, FEN = 216

Time: cpu=0.00/0.11  real=0.00/0.11  Memory: 7.63/7.77/13.80

    delete layer gate_core


operation group: 227/1146
    gate_SC = SELECT -inside gate_notcore areaid.sc
========================================================================
    generate layer gate_SC, TYP = P, HPN = 0, FPN = 0, HEN = 0, FEN = 0

Time: cpu=0.00/0.11  real=0.00/0.11  Memory: 7.63/7.77/13.80



operation group: 228/1146
    gate_not_SC = NOT gate_notcore gate_SC
========================================================================
    generate layer gate_not_SC, TYP = P, HPN = 7, FPN = 54, HEN = 28, FEN = 216

Time: cpu=0.00/0.11  real=0.00/0.11  Memory: 7.63/7.77/13.80



operation group: 229/1146
    difftap.2:difftap.2_b = NOT diff_notcore gate_not_SC
========================================================================
    generate layer difftap.2:difftap.2_b, TYP = P, HPN = 14, FPN = 109, HEN = 56, FEN = 436

Time: cpu=0.00/0.11  real=0.01/0.12  Memory: 7.63/7.77/13.80



operation group: 230/1146
    difftap.2:difftap.2_c = EDGE_BOOLEAN gate_not_SC difftap.2:difftap.2_b -coincident_only -not
========================================================================
    generate layer difftap.2:difftap.2_c, TYP = E, HPN = 14, FPN = 108, HEN = 14, FEN = 108

Time: cpu=0.00/0.11  real=0.00/0.12  Memory: 7.63/7.70/13.80

    delete layer difftap.2:difftap.2_b


operation group: 231/1146
    difftap.2:L262487 = INTE difftap.2:difftap.2_c -lt 0.42 -output region
========================================================================
    generate layer difftap.2:L262487, TYP = P, HPN = 0, FPN = 0, HEN = 0, FEN = 0

Time: cpu=0.01/0.12  real=0.01/0.12  Memory: 7.63/7.70/13.80

    delete layer difftap.2:difftap.2_c
    delete layer gate_not_SC

    Rule Check difftap.2 finished, 0 error(s) reported.

Time: cpu=0.00/0.12  real=0.00/0.12  Memory: 7.63/7.77/13.80



operation group: 232/1146
    difftap.2b:difftap.2b_b = NOT diff_notcore gate_SC
========================================================================
    layer difftap.2b:difftap.2b_b not generated, operation is dynamically optimized out.

Time: cpu=0.00/0.12  real=0.00/0.12  Memory: 7.63/7.77/13.80

    delete layer diff_notcore


operation group: 233/1146
    difftap.2b:difftap.2b_c = EDGE_BOOLEAN gate_SC difftap.2b:difftap.2b_b -coincident_only -not
========================================================================
    generate layer difftap.2b:difftap.2b_c, TYP = E, HPN = 0, FPN = 0, HEN = 0, FEN = 0

Time: cpu=0.00/0.12  real=0.00/0.12  Memory: 7.63/7.77/13.80

    delete layer gate_SC
    delete layer difftap.2b:difftap.2b_b


operation group: 234/1146
    difftap.2b:L262490 = INTE difftap.2b:difftap.2b_c -lt 0.36 -output region
========================================================================
    generate layer difftap.2b:L262490, TYP = P, HPN = 0, FPN = 0, HEN = 0, FEN = 0

Time: cpu=0.00/0.12  real=0.00/0.12  Memory: 7.63/7.77/13.80

    delete layer difftap.2b:difftap.2b_c
    delete layer gate_notcore

    Rule Check difftap.2b finished, 0 error(s) reported.

Time: cpu=0.00/0.12  real=0.00/0.12  Memory: 7.63/7.77/13.80



operation group: 235/1146
    difftap.2c:_EPTMPL262491 = AND gate areaid.ce
========================================================================
    generate layer difftap.2c:_EPTMPL262491, TYP = P, HPN = 0, FPN = 0, HEN = 0, FEN = 0

Time: cpu=0.00/0.12  real=0.00/0.12  Memory: 7.63/7.77/13.80



operation group: 236/1146
    difftap.2c:_EPTMPL262492 = EDGE_BOOLEAN difftap.2c:_EPTMPL262491 diff -coincident_only -inside
========================================================================
    generate layer difftap.2c:_EPTMPL262492, TYP = E, HPN = 0, FPN = 0, HEN = 0, FEN = 0

Time: cpu=0.00/0.12  real=0.00/0.12  Memory: 7.63/7.77/13.80



operation group: 237/1146
    difftap.2c:L262493 = INTE difftap.2c:_EPTMPL262492 -lt 0.14 -abut lt 90 -output region
========================================================================
    generate layer difftap.2c:L262493, TYP = P, HPN = 0, FPN = 0, HEN = 0, FEN = 0

Time: cpu=0.00/0.12  real=0.00/0.12  Memory: 7.63/7.77/13.80

    delete layer difftap.2c:_EPTMPL262492
    delete layer difftap.2c:_EPTMPL262491

    Rule Check difftap.2c finished, 0 error(s) reported.

Time: cpu=0.00/0.12  real=0.00/0.12  Memory: 7.63/7.77/13.80



operation group: 238/1146
    difftap.4:difftap.4_a = SELECT -touch tap diff_in -eq 1
========================================================================
    generate layer difftap.4:difftap.4_a, TYP = P, HPN = 0, FPN = 0, HEN = 0, FEN = 0

Time: cpu=0.00/0.12  real=0.00/0.12  Memory: 7.63/7.77/13.80



operation group: 239/1146
    difftap.4:L262495 = INTE difftap.4:difftap.4_a -lt 0.29 -output region
========================================================================
    generate layer difftap.4:L262495, TYP = P, HPN = 0, FPN = 0, HEN = 0, FEN = 0

Time: cpu=0.00/0.12  real=0.00/0.12  Memory: 7.63/7.77/13.80

    delete layer difftap.4:difftap.4_a

    Rule Check difftap.4 finished, 0 error(s) reported.

Time: cpu=0.00/0.12  real=0.00/0.12  Memory: 7.63/7.77/13.80



operation group: 240/1146
    difftap.5a:_EPTMPL262496 = NOT tap areaid.ce
========================================================================
    generate layer difftap.5a:_EPTMPL262496, TYP = P, HPN = 1, FPN = 2, HEN = 4, FEN = 8

Time: cpu=0.00/0.12  real=0.00/0.12  Memory: 7.63/7.77/13.80



operation group: 241/1146
    difftap.5a:_EPTMPL262497 = EDGE_BOOLEAN difftap.5a:_EPTMPL262496 diff -coincident_only -outside
========================================================================
    generate layer difftap.5a:_EPTMPL262497, TYP = E, HPN = 0, FPN = 0, HEN = 0, FEN = 0

Time: cpu=0.00/0.12  real=0.00/0.12  Memory: 7.63/7.70/13.80



operation group: 242/1146
    difftap.5a:L262498 = INTE difftap.5a:_EPTMPL262497 -lt 0.4 -abut lt 90 -output region
========================================================================
    generate layer difftap.5a:L262498, TYP = P, HPN = 0, FPN = 0, HEN = 0, FEN = 0

Time: cpu=0.00/0.12  real=0.00/0.12  Memory: 7.63/7.70/13.80

    delete layer difftap.5a:_EPTMPL262497

    Rule Check difftap.5a finished, 0 error(s) reported.

Time: cpu=0.00/0.12  real=0.00/0.12  Memory: 7.63/7.77/13.80



operation group: 243/1146
    difftap.5b:_EPTMPL262499 = AND tap areaid.ce
========================================================================
    generate layer difftap.5b:_EPTMPL262499, TYP = P, HPN = 0, FPN = 0, HEN = 0, FEN = 0

Time: cpu=0.00/0.12  real=0.00/0.12  Memory: 7.63/7.77/13.80



operation group: 244/1146
    difftap.5b:_EPTMPL262500 = EDGE_BOOLEAN difftap.5b:_EPTMPL262499 diff -coincident_only -outside
========================================================================
    generate layer difftap.5b:_EPTMPL262500, TYP = E, HPN = 0, FPN = 0, HEN = 0, FEN = 0

Time: cpu=0.00/0.12  real=0.00/0.12  Memory: 7.63/7.77/13.80



operation group: 245/1146
    difftap.5b:L262501 = INTE difftap.5b:_EPTMPL262500 -lt 0.38 -abut lt 90 -output region
========================================================================
    generate layer difftap.5b:L262501, TYP = P, HPN = 0, FPN = 0, HEN = 0, FEN = 0

Time: cpu=0.00/0.12  real=0.00/0.12  Memory: 7.63/7.77/13.80

    delete layer difftap.5b:_EPTMPL262500
    delete layer difftap.5b:_EPTMPL262499

    Rule Check difftap.5b finished, 0 error(s) reported.

Time: cpu=0.00/0.12  real=0.00/0.12  Memory: 7.63/7.77/13.80



operation group: 246/1146
    CDR.difftap.3:L262502 = EXTE diff_in -lt 0.27 -notch also -output region
========================================================================
    generate layer CDR.difftap.3:L262502, TYP = P, HPN = 0, FPN = 0, HEN = 0, FEN = 0

Time: cpu=0.00/0.12  real=0.00/0.12  Memory: 7.63/7.77/13.80


    Rule Check CDR.difftap.3 finished, 0 error(s) reported.

Time: cpu=0.00/0.12  real=0.00/0.12  Memory: 7.63/7.77/13.80



operation group: 247/1146
    diff_nbutting = EXTE nsdm diff_and_psdm -lt 0.13 -metric opposite -para only -output region
========================================================================
    generate layer diff_nbutting, TYP = P, HPN = 0, FPN = 0, HEN = 0, FEN = 0

Time: cpu=0.00/0.12  real=0.00/0.12  Memory: 7.63/7.77/13.80



operation group: 248/1146
    diff_pbutting = EXTE psdm diff_and_nsdm -lt 0.13 -metric opposite -para only -output region
========================================================================
    generate layer diff_pbutting, TYP = P, HPN = 0, FPN = 0, HEN = 0, FEN = 0

Time: cpu=0.00/0.12  real=0.00/0.12  Memory: 7.63/7.77/13.80



operation group: 249/1146
    difftap.7:L262505 = OR diff_nbutting diff_pbutting
========================================================================
    generate layer difftap.7:L262505, TYP = P, HPN = 0, FPN = 0, HEN = 0, FEN = 0

Time: cpu=0.00/0.12  real=0.00/0.12  Memory: 7.63/7.77/13.80

    delete layer diff_nbutting
    delete layer diff_pbutting

    Rule Check difftap.7 finished, 0 error(s) reported.

Time: cpu=0.00/0.12  real=0.00/0.12  Memory: 7.62/7.77/13.80



operation group: 250/1146
    ndiff_notcore = NOT diff_and_nsdm areaid.ce
========================================================================
    generate layer ndiff_notcore, TYP = P, HPN = 4, FPN = 35, HEN = 16, FEN = 140

Time: cpu=0.00/0.12  real=0.00/0.12  Memory: 7.62/7.77/13.80



operation group: 251/1146
    difftap.9:difftap.9_a = NOT ndiff_notcore uhvi
========================================================================
    generate layer difftap.9:difftap.9_a, TYP = P, HPN = 4, FPN = 35, HEN = 16, FEN = 140

Time: cpu=0.00/0.12  real=0.00/0.12  Memory: 7.62/7.77/13.80

    delete layer ndiff_notcore


operation group: 252/1146
    difftap.9:L262509 = EXTE difftap.9:difftap.9_a nwell -lt 0.34 -overlap -single_point -output region
========================================================================
    generate layer difftap.9:L262509, TYP = P, HPN = 0, FPN = 0, HEN = 0, FEN = 0

Time: cpu=0.00/0.12  real=0.00/0.12  Memory: 7.62/7.77/13.80

    delete layer difftap.9:difftap.9_a

    Rule Check difftap.9 finished, 0 error(s) reported.

Time: cpu=0.00/0.12  real=0.00/0.12  Memory: 7.62/7.77/13.80



operation group: 253/1146
    ptap_actual = AND ptap psdm
========================================================================
    generate layer ptap_actual, TYP = P, HPN = 0, FPN = 0, HEN = 0, FEN = 0

Time: cpu=0.00/0.12  real=0.00/0.12  Memory: 7.62/7.77/13.80



operation group: 254/1146
    difftap.11:difftap.11_a = NOT ptap_actual uhvi
========================================================================
    generate layer difftap.11:difftap.11_a, TYP = P, HPN = 0, FPN = 0, HEN = 0, FEN = 0

Time: cpu=0.00/0.12  real=0.00/0.12  Memory: 7.62/7.77/13.80



operation group: 255/1146
    difftap.11:L262511 = EXTE difftap.11:difftap.11_a nwell -lt 0.13 -output region
========================================================================
    generate layer difftap.11:L262511, TYP = P, HPN = 0, FPN = 0, HEN = 0, FEN = 0

Time: cpu=0.00/0.12  real=0.00/0.12  Memory: 7.62/7.77/13.80

    delete layer difftap.11:difftap.11_a

    Rule Check difftap.11 finished, 0 error(s) reported.

Time: cpu=0.00/0.12  real=0.00/0.12  Memory: 7.62/7.77/13.80



operation group: 256/1146
    pdiff_actual = AND pdiff psdm
========================================================================
    generate layer pdiff_actual, TYP = P, HPN = 3, FPN = 20, HEN = 12, FEN = 80

Time: cpu=0.00/0.12  real=0.00/0.12  Memory: 7.62/7.77/13.80



operation group: 257/1146
    difftap.8a:_EPTMPL262512 = NOT pdiff_actual uhvi
========================================================================
    generate layer difftap.8a:_EPTMPL262512, TYP = P, HPN = 3, FPN = 20, HEN = 12, FEN = 80

Time: cpu=0.00/0.12  real=0.00/0.12  Memory: 7.62/7.77/13.80



operation group: 258/1146
    difftap.8a:_EPTMPL262513 = NOT difftap.8a:_EPTMPL262512 areaid.ed
========================================================================
    generate layer difftap.8a:_EPTMPL262513, TYP = P, HPN = 3, FPN = 20, HEN = 12, FEN = 80

Time: cpu=0.00/0.12  real=0.00/0.12  Memory: 7.62/7.77/13.80

    delete layer difftap.8a:_EPTMPL262512


operation group: 259/1146
    difftap.8a:difftap.8_a = NOT difftap.8a:_EPTMPL262513 areaid.ce
========================================================================
    generate layer difftap.8a:difftap.8_a, TYP = P, HPN = 3, FPN = 20, HEN = 12, FEN = 80

Time: cpu=0.00/0.12  real=0.00/0.12  Memory: 7.62/7.77/13.80

    delete layer difftap.8a:_EPTMPL262513


operation group: 260/1146
    difftap.8a:L262515 = ENC difftap.8a:difftap.8_a nwell -lt 0.18 -output region
========================================================================
    generate layer difftap.8a:L262515, TYP = P, HPN = 0, FPN = 0, HEN = 0, FEN = 0

Time: cpu=0.00/0.12  real=0.00/0.12  Memory: 7.62/7.77/13.80

    delete layer difftap.8a:difftap.8_a

    Rule Check difftap.8a finished, 0 error(s) reported.

Time: cpu=0.00/0.12  real=0.00/0.12  Memory: 7.62/7.77/13.80



operation group: 261/1146
    difftap.8b:difftap.8b_a = AND pdiff_actual areaid.ce
========================================================================
    generate layer difftap.8b:difftap.8b_a, TYP = P, HPN = 0, FPN = 0, HEN = 0, FEN = 0

Time: cpu=0.00/0.12  real=0.00/0.12  Memory: 7.62/7.77/13.80



operation group: 262/1146
    difftap.8b:L262517 = ENC difftap.8b:difftap.8b_a nwell -lt 0.15 -output region
========================================================================
    generate layer difftap.8b:L262517, TYP = P, HPN = 0, FPN = 0, HEN = 0, FEN = 0

Time: cpu=0.00/0.12  real=0.00/0.12  Memory: 7.62/7.77/13.80

    delete layer difftap.8b:difftap.8b_a

    Rule Check difftap.8b finished, 0 error(s) reported.

Time: cpu=0.00/0.12  real=0.00/0.12  Memory: 7.62/7.77/13.80



operation group: 263/1146
    difftap.8c:_EPTMPL262518 = RECT_CHK pdiff_actual -orthogonal_only
========================================================================
    layer difftap.8c:_EPTMPL262518 not generated, operation is dynamically optimized out.

Time: cpu=0.00/0.12  real=0.00/0.12  Memory: 7.62/7.77/13.80



operation group: 264/1146
    difftap.8c:difftap.8c_a = SELECT -inside difftap.8c:_EPTMPL262518 areaid.ce
========================================================================
    generate layer difftap.8c:difftap.8c_a, TYP = P, HPN = 0, FPN = 0, HEN = 0, FEN = 0

Time: cpu=0.00/0.12  real=0.00/0.12  Memory: 7.62/7.77/13.80

    delete layer difftap.8c:_EPTMPL262518


operation group: 265/1146
    difftap.8c:L262520 = RECT_ENC difftap.8c:difftap.8c_a nwell -good 0.18 0 0.18 0
========================================================================
    generate layer difftap.8c:L262520, TYP = P, HPN = 0, FPN = 0, HEN = 0, FEN = 0

Time: cpu=0.00/0.12  real=0.00/0.12  Memory: 7.62/7.77/13.80

    delete layer difftap.8c:difftap.8c_a

    Rule Check difftap.8c finished, 0 error(s) reported.

Time: cpu=0.00/0.12  real=0.00/0.12  Memory: 7.62/7.77/13.80



operation group: 266/1146
    ntap_actual = AND ntap nsdm
========================================================================
    generate layer ntap_actual, TYP = P, HPN = 1, FPN = 2, HEN = 4, FEN = 8

Time: cpu=0.00/0.12  real=0.00/0.12  Memory: 7.62/7.77/13.80



operation group: 267/1146
    difftap.10a:_EPTMPL262521 = NOT ntap_actual uhvi
========================================================================
    generate layer difftap.10a:_EPTMPL262521, TYP = P, HPN = 1, FPN = 2, HEN = 4, FEN = 8

Time: cpu=0.00/0.12  real=0.00/0.12  Memory: 7.62/7.77/13.80



operation group: 268/1146
    difftap.10a:_EPTMPL262522 = NOT difftap.10a:_EPTMPL262521 areaid.ed
========================================================================
    generate layer difftap.10a:_EPTMPL262522, TYP = P, HPN = 1, FPN = 2, HEN = 4, FEN = 8

Time: cpu=0.00/0.12  real=0.00/0.12  Memory: 7.62/7.77/13.80

    delete layer difftap.10a:_EPTMPL262521
    delete layer areaid.ed


operation group: 269/1146
    difftap.10a:difftap.10_a = NOT difftap.10a:_EPTMPL262522 areaid.ce
========================================================================
    generate layer difftap.10a:difftap.10_a, TYP = P, HPN = 1, FPN = 2, HEN = 4, FEN = 8

Time: cpu=0.00/0.12  real=0.00/0.12  Memory: 7.62/7.77/13.80

    delete layer difftap.10a:_EPTMPL262522


operation group: 270/1146
    difftap.10a:L262524 = ENC difftap.10a:difftap.10_a nwell -lt 0.18 -output region
========================================================================
    generate layer difftap.10a:L262524, TYP = P, HPN = 0, FPN = 0, HEN = 0, FEN = 0

Time: cpu=0.00/0.12  real=0.00/0.12  Memory: 7.62/7.77/13.80

    delete layer difftap.10a:difftap.10_a

    Rule Check difftap.10a finished, 0 error(s) reported.

Time: cpu=0.00/0.12  real=0.00/0.12  Memory: 7.62/7.77/13.80



operation group: 271/1146
    difftap.10b:difftap.10b_a = AND ntap_actual areaid.ce
========================================================================
    generate layer difftap.10b:difftap.10b_a, TYP = P, HPN = 0, FPN = 0, HEN = 0, FEN = 0

Time: cpu=0.00/0.12  real=0.00/0.12  Memory: 7.62/7.77/13.80



operation group: 272/1146
    difftap.10b:L262526 = ENC difftap.10b:difftap.10b_a nwell -lt 0.15 -output region
========================================================================
    generate layer difftap.10b:L262526, TYP = P, HPN = 0, FPN = 0, HEN = 0, FEN = 0

Time: cpu=0.00/0.12  real=0.00/0.12  Memory: 7.62/7.77/13.80

    delete layer difftap.10b:difftap.10b_a

    Rule Check difftap.10b finished, 0 error(s) reported.

Time: cpu=0.00/0.12  real=0.00/0.12  Memory: 7.62/7.77/13.80



operation group: 273/1146
    difftap.6:difftap.6_a = EDGE_BOOLEAN diff tap -coincident_only
    CDR.licon.5b:_EPTMPL262679 = EDGE_BOOLEAN diff tap -coincident_only -outside
========================================================================
    generate layer difftap.6:difftap.6_a, TYP = E, HPN = 0, FPN = 0, HEN = 0, FEN = 0
    generate layer CDR.licon.5b:_EPTMPL262679, TYP = E, HPN = 0, FPN = 0, HEN = 0, FEN = 0

Time: cpu=0.00/0.12  real=0.00/0.12  Memory: 7.62/7.70/13.80



operation group: 274/1146
    difftap.6:difftap.6_b = EDGE_SELECT diff tap -coincident_only
========================================================================
    layer difftap.6:difftap.6_b not generated, operation is dynamically optimized out.

Time: cpu=0.00/0.12  real=0.00/0.12  Memory: 7.62/7.70/13.80



operation group: 275/1146
    difftap.6:L262529 = EDGE_BOOLEAN difftap.6:difftap.6_a difftap.6:difftap.6_b -coincident_only -not
========================================================================
    generate layer difftap.6:L262529, TYP = E, HPN = 0, FPN = 0, HEN = 0, FEN = 0

Time: cpu=0.00/0.12  real=0.00/0.12  Memory: 7.62/7.70/13.80

    delete layer difftap.6:difftap.6_a
    delete layer difftap.6:difftap.6_b

    Rule Check difftap.6 finished, 0 error(s) reported.

Time: cpu=0.00/0.12  real=0.00/0.12  Memory: 7.62/7.77/13.80



operation group: 276/1146
    CDR.tunm.1:L262530 = INTE tunm -lt 0.41 -single_point -output region
========================================================================
    generate layer CDR.tunm.1:L262530, TYP = P, HPN = 0, FPN = 0, HEN = 0, FEN = 0

Time: cpu=0.00/0.12  real=0.00/0.12  Memory: 7.62/7.77/13.80


    Rule Check CDR.tunm.1 finished, 0 error(s) reported.

Time: cpu=0.00/0.12  real=0.00/0.12  Memory: 7.62/7.77/13.80



operation group: 277/1146
    CDR.tunm.2:L262531 = EXTE tunm -lt 0.5 -single_point -output region
========================================================================
    generate layer CDR.tunm.2:L262531, TYP = P, HPN = 0, FPN = 0, HEN = 0, FEN = 0

Time: cpu=0.00/0.12  real=0.00/0.12  Memory: 7.62/7.77/13.80


    Rule Check CDR.tunm.2 finished, 0 error(s) reported.

Time: cpu=0.00/0.12  real=0.00/0.12  Memory: 7.65/7.81/13.80



operation group: 278/1146
    tunm.3:L262532 = ENC tunm gate -lt 0.095 -single_point -output region
========================================================================
    generate layer tunm.3:L262532, TYP = P, HPN = 0, FPN = 0, HEN = 0, FEN = 0

Time: cpu=0.00/0.12  real=0.00/0.12  Memory: 7.65/7.81/13.80


    Rule Check tunm.3 finished, 0 error(s) reported.

Time: cpu=0.00/0.12  real=0.00/0.12  Memory: 7.65/7.81/13.80



operation group: 279/1146
    tunm.4:tunm.4_a = SELECT -outside gate tunm
========================================================================
    layer tunm.4:tunm.4_a not generated, operation is dynamically optimized out.

Time: cpu=0.00/0.12  real=0.00/0.12  Memory: 7.65/7.81/13.80



operation group: 280/1146
    tunm.4:L262534 = EXTE tunm tunm.4:tunm.4_a -lt 0.095 -single_point -output region
========================================================================
    generate layer tunm.4:L262534, TYP = P, HPN = 0, FPN = 0, HEN = 0, FEN = 0

Time: cpu=0.00/0.12  real=0.00/0.12  Memory: 7.65/7.81/13.80

    delete layer tunm.4:tunm.4_a

    Rule Check tunm.4 finished, 0 error(s) reported.

Time: cpu=0.00/0.12  real=0.00/0.12  Memory: 7.64/7.81/13.80



operation group: 281/1146
    tunm.5:L262535 = SELECT -cut gate tunm
========================================================================
    generate layer tunm.5:L262535, TYP = P, HPN = 0, FPN = 0, HEN = 0, FEN = 0

Time: cpu=0.00/0.12  real=0.00/0.12  Memory: 7.64/7.81/13.80


    Rule Check tunm.5 finished, 0 error(s) reported.

Time: cpu=0.00/0.12  real=0.00/0.12  Memory: 7.64/7.81/13.80



operation group: 282/1146
    tunm.6a:L262536 = NOT tunm dnwell
========================================================================
    generate layer tunm.6a:L262536, TYP = P, HPN = 0, FPN = 0, HEN = 0, FEN = 0

Time: cpu=0.00/0.12  real=0.00/0.12  Memory: 7.64/7.81/13.80


    Rule Check tunm.6a finished, 0 error(s) reported.

Time: cpu=0.00/0.12  real=0.00/0.12  Memory: 7.64/7.81/13.80



operation group: 283/1146
    tunm.7:L262537 = AREA tunm -lt 0.672
========================================================================
    generate layer tunm.7:L262537, TYP = P, HPN = 0, FPN = 0, HEN = 0, FEN = 0

Time: cpu=0.00/0.12  real=0.00/0.12  Memory: 7.64/7.81/13.80


    Rule Check tunm.7 finished, 0 error(s) reported.

Time: cpu=0.00/0.12  real=0.00/0.12  Memory: 7.64/7.81/13.80



operation group: 284/1146
    tunm.8:L262538 = NOT tunm areaid.ce
========================================================================
    generate layer tunm.8:L262538, TYP = P, HPN = 0, FPN = 0, HEN = 0, FEN = 0

Time: cpu=0.00/0.12  real=0.00/0.12  Memory: 7.64/7.81/13.80


    Rule Check tunm.8 finished, 0 error(s) reported.

Time: cpu=0.00/0.12  real=0.00/0.12  Memory: 7.64/7.81/13.80



operation group: 285/1146
    CDR.poly.1a:L262541 = INTE poly_dg -lt 0.15 -output region
========================================================================
    generate layer CDR.poly.1a:L262541, TYP = P, HPN = 0, FPN = 0, HEN = 0, FEN = 0

Time: cpu=0.00/0.12  real=0.01/0.13  Memory: 7.64/7.81/13.85


    Rule Check CDR.poly.1a finished, 0 error(s) reported.

Time: cpu=0.00/0.12  real=0.00/0.13  Memory: 7.64/7.81/13.85



operation group: 286/1146
    poly.1b:poly.1b_a = SELECT -interact pfet lvtn
========================================================================
    generate layer poly.1b:poly.1b_a, TYP = P, HPN = 0, FPN = 0, HEN = 0, FEN = 0

Time: cpu=0.00/0.12  real=0.00/0.13  Memory: 7.64/7.81/13.85

    delete layer lvtn


operation group: 287/1146
    poly.1b:L262543 = INTE poly.1b:poly.1b_a -lt 0.35 -output region
========================================================================
    generate layer poly.1b:L262543, TYP = P, HPN = 0, FPN = 0, HEN = 0, FEN = 0

Time: cpu=0.00/0.12  real=0.00/0.13  Memory: 7.64/7.81/13.85

    delete layer poly.1b:poly.1b_a
    delete layer pfet

    Rule Check poly.1b finished, 0 error(s) reported.

Time: cpu=0.00/0.12  real=0.00/0.13  Memory: 7.64/7.81/13.85



operation group: 288/1146
    poly_notcore = NOT poly_dg areaid.ce
========================================================================
    generate layer poly_notcore, TYP = P, HPN = 34, FPN = 81, HEN = 216, FEN = 404

Time: cpu=0.00/0.12  real=0.00/0.13  Memory: 7.64/7.81/13.85



operation group: 289/1146
    CDR.poly.2:L262544 = EXTE poly_notcore -lt 0.21 -output region
========================================================================
    generate layer CDR.poly.2:L262544, TYP = P, HPN = 0, FPN = 0, HEN = 0, FEN = 0

Time: cpu=0.00/0.12  real=0.00/0.13  Memory: 7.64/7.81/13.85


    Rule Check CDR.poly.2 finished, 0 error(s) reported.

Time: cpu=0.00/0.12  real=0.00/0.13  Memory: 7.64/7.81/13.85



operation group: 290/1146
    poly_core = AND poly_dg areaid.ce
========================================================================
    generate layer poly_core, TYP = P, HPN = 0, FPN = 0, HEN = 0, FEN = 0

Time: cpu=0.00/0.12  real=0.00/0.13  Memory: 7.64/7.81/13.85



operation group: 291/1146
    poly_gap_edge = EDGE_LENGTH poly_core -le 0.15
========================================================================
    generate layer poly_gap_edge, TYP = E, HPN = 0, FPN = 0, HEN = 0, FEN = 0

Time: cpu=0.00/0.12  real=0.00/0.13  Memory: 7.64/7.81/13.85



operation group: 292/1146
    CDR.poly.2a:L262547 = EXTE poly_gap_edge -lt 0.16 -para only -output region
========================================================================
    generate layer CDR.poly.2a:L262547, TYP = P, HPN = 0, FPN = 0, HEN = 0, FEN = 0

Time: cpu=0.00/0.12  real=0.00/0.13  Memory: 7.64/7.81/13.85

    delete layer poly_gap_edge

    Rule Check CDR.poly.2a finished, 0 error(s) reported.

Time: cpu=0.00/0.12  real=0.00/0.13  Memory: 7.64/7.81/13.85



operation group: 293/1146
    poly_not_gap_edge = EDGE_LENGTH poly_core -gt 0.2
========================================================================
    generate layer poly_not_gap_edge, TYP = E, HPN = 0, FPN = 0, HEN = 0, FEN = 0

Time: cpu=0.00/0.12  real=0.00/0.13  Memory: 7.64/7.81/13.85



operation group: 294/1146
    CDR.poly.2b:L262548 = EXTE poly_not_gap_edge -lt 0.175 -para only -output region
========================================================================
    generate layer CDR.poly.2b:L262548, TYP = P, HPN = 0, FPN = 0, HEN = 0, FEN = 0

Time: cpu=0.00/0.12  real=0.00/0.13  Memory: 7.64/7.81/13.85

    delete layer poly_not_gap_edge

    Rule Check CDR.poly.2b finished, 0 error(s) reported.

Time: cpu=0.00/0.12  real=0.00/0.13  Memory: 7.64/7.81/13.85



operation group: 295/1146
    poly.4a:L262549 = EXTE poly_notcore diff -lt 0.075 -abut eq 0 -para only -output region
========================================================================
    generate layer poly.4a:L262549, TYP = P, HPN = 0, FPN = 0, HEN = 0, FEN = 0

Time: cpu=0.00/0.12  real=0.00/0.13  Memory: 7.64/7.81/13.85


    Rule Check poly.4a finished, 0 error(s) reported.

Time: cpu=0.00/0.12  real=0.00/0.13  Memory: 7.64/7.81/13.85



operation group: 296/1146
    poly.4b:L262550 = EXTE poly_core diff -lt 0.03 -para only -output region
========================================================================
    generate layer poly.4b:L262550, TYP = P, HPN = 0, FPN = 0, HEN = 0, FEN = 0

Time: cpu=0.00/0.12  real=0.00/0.13  Memory: 7.64/7.81/13.85


    Rule Check poly.4b finished, 0 error(s) reported.

Time: cpu=0.00/0.12  real=0.00/0.13  Memory: 7.64/7.81/13.85



operation group: 297/1146
    poly.5a:L262551 = EXTE poly_notcore tap -lt 0.055 -single_point -output region
========================================================================
    generate layer poly.5a:L262551, TYP = P, HPN = 0, FPN = 0, HEN = 0, FEN = 0

Time: cpu=0.00/0.12  real=0.00/0.13  Memory: 7.64/7.81/13.85


    Rule Check poly.5a finished, 0 error(s) reported.

Time: cpu=0.00/0.12  real=0.00/0.13  Memory: 7.64/7.81/13.85



operation group: 298/1146
    poly.5b:L262552 = EXTE poly_core tap -lt 0.03 -single_point -output region
========================================================================
    generate layer poly.5b:L262552, TYP = P, HPN = 0, FPN = 0, HEN = 0, FEN = 0

Time: cpu=0.00/0.12  real=0.00/0.13  Memory: 7.64/7.81/13.85

    delete layer poly_core

    Rule Check poly.5b finished, 0 error(s) reported.

Time: cpu=0.00/0.12  real=0.00/0.13  Memory: 7.64/7.81/13.85



operation group: 299/1146
    poly.9a:L262559 = EXTE poly_res diff_in -lt 0.48 -abut lt 90 -single_point -output region
========================================================================
    generate layer poly.9a:L262559, TYP = P, HPN = 0, FPN = 0, HEN = 0, FEN = 0

Time: cpu=0.00/0.12  real=0.00/0.13  Memory: 7.64/7.81/13.85


    Rule Check poly.9a finished, 0 error(s) reported.

Time: cpu=0.00/0.12  real=0.00/0.13  Memory: 7.64/7.81/13.85



operation group: 300/1146
    poly.9b:L262560 = EXTE poly_res poly_dg -lt 0.21 -abut ltgt 0 90 -single_point -output region
========================================================================
    generate layer poly.9b:L262560, TYP = P, HPN = 0, FPN = 0, HEN = 0, FEN = 0

Time: cpu=0.00/0.12  real=0.00/0.13  Memory: 7.64/7.81/13.85


    Rule Check poly.9b finished, 0 error(s) reported.

Time: cpu=0.00/0.12  real=0.00/0.13  Memory: 7.64/7.81/13.85



operation group: 301/1146
    poly_res_body = AND poly poly_res
========================================================================
    generate layer poly_res_body, TYP = P, HPN = 0, FPN = 0, HEN = 0, FEN = 0

Time: cpu=0.00/0.12  real=0.00/0.13  Memory: 7.64/7.81/13.85



operation group: 302/1146
    CDR.poly.3:L262562 = INTE poly_res_body -lt 0.33 -output region
========================================================================
    generate layer CDR.poly.3:L262562, TYP = P, HPN = 0, FPN = 0, HEN = 0, FEN = 0

Time: cpu=0.00/0.12  real=0.00/0.13  Memory: 7.64/7.81/13.85

    delete layer poly_res_body

    Rule Check CDR.poly.3 finished, 0 error(s) reported.

Time: cpu=0.00/0.12  real=0.00/0.13  Memory: 7.64/7.81/13.85



operation group: 303/1146
    poly.3a:L262563 = NOT poly_res poly
========================================================================
    generate layer poly.3a:L262563, TYP = P, HPN = 0, FPN = 0, HEN = 0, FEN = 0

Time: cpu=0.00/0.12  real=0.00/0.13  Memory: 7.64/7.81/13.85


    Rule Check poly.3a finished, 0 error(s) reported.

Time: cpu=0.00/0.12  real=0.00/0.13  Memory: 7.64/7.81/13.85



operation group: 304/1146
    rpm_urpm = OR rpm urpm
========================================================================
    generate layer rpm_urpm, TYP = P, HPN = 0, FPN = 0, HEN = 0, FEN = 0

Time: cpu=0.00/0.12  real=0.00/0.13  Memory: 7.64/7.81/13.85



operation group: 305/1146
    _EPTMPL262564 = AND poly_res rpm_urpm
========================================================================
    generate layer _EPTMPL262564, TYP = P, HPN = 0, FPN = 0, HEN = 0, FEN = 0

Time: cpu=0.00/0.12  real=0.00/0.13  Memory: 7.64/7.81/13.85



operation group: 306/1146
    poly_prec_len = EDGE_BOOLEAN _EPTMPL262564 poly -coincident_only -inside
========================================================================
    generate layer poly_prec_len, TYP = E, HPN = 0, FPN = 0, HEN = 0, FEN = 0

Time: cpu=0.00/0.12  real=0.00/0.13  Memory: 7.64/7.81/13.85

    delete layer _EPTMPL262564


operation group: 307/1146
    CDR.poly.3b:L262568 = PATH_LENGTH poly_prec_len -lt 0.66
========================================================================
    generate layer CDR.poly.3b:L262568, TYP = E, HPN = 0, FPN = 0, HEN = 0, FEN = 0

Time: cpu=0.00/0.12  real=0.00/0.13  Memory: 7.64/7.81/13.85

    delete layer poly_prec_len

    Rule Check CDR.poly.3b finished, 0 error(s) reported.

Time: cpu=0.00/0.12  real=0.00/0.13  Memory: 7.64/7.81/13.85



operation group: 308/1146
    _EPTMPL262566 = NOT poly_res rpm_urpm
========================================================================
    generate layer _EPTMPL262566, TYP = P, HPN = 0, FPN = 0, HEN = 0, FEN = 0

Time: cpu=0.00/0.12  real=0.00/0.13  Memory: 7.64/7.81/13.85



operation group: 309/1146
    poly_res_len = EDGE_BOOLEAN _EPTMPL262566 poly -coincident_only -inside
========================================================================
    generate layer poly_res_len, TYP = E, HPN = 0, FPN = 0, HEN = 0, FEN = 0

Time: cpu=0.00/0.12  real=0.00/0.13  Memory: 7.64/7.81/13.85

    delete layer _EPTMPL262566


operation group: 310/1146
    CDRW.poly.3c:L262569 = PATH_LENGTH poly_res_len -lt 0.47
========================================================================
    generate layer CDRW.poly.3c:L262569, TYP = E, HPN = 0, FPN = 0, HEN = 0, FEN = 0

Time: cpu=0.00/0.12  real=0.00/0.13  Memory: 7.64/7.81/13.85

    delete layer poly_res_len

    Rule Check CDRW.poly.3c finished, 0 error(s) reported.

Time: cpu=0.00/0.12  real=0.00/0.13  Memory: 7.64/7.81/13.85



operation group: 311/1146
    poly_dif_enc = ENC poly_notcore diff_in -lt 0.25 -output region
========================================================================
    generate layer poly_dif_enc, TYP = P, HPN = 0, FPN = 0, HEN = 0, FEN = 0

Time: cpu=0.00/0.12  real=0.00/0.13  Memory: 7.64/7.81/13.85

    delete layer poly_notcore


operation group: 312/1146
    poly.7 = SELECT -inside poly_dif_enc diff_in
========================================================================
    generate layer poly.7, TYP = P, HPN = 0, FPN = 0, HEN = 0, FEN = 0

Time: cpu=0.00/0.12  real=0.00/0.13  Memory: 7.64/7.81/13.85

    delete layer poly_dif_enc


operation group: 313/1146
    poly.7:L262572 = COPY poly.7
========================================================================
    generate layer poly.7:L262572, TYP = P, HPN = 0, FPN = 0, HEN = 0, FEN = 0

Time: cpu=0.00/0.12  real=0.00/0.13  Memory: 7.64/7.81/13.85

    delete layer poly.7

    Rule Check poly.7 finished, 0 error(s) reported.

Time: cpu=0.00/0.12  real=0.00/0.13  Memory: 7.64/7.81/13.85



operation group: 314/1146
    _EPTMPL262573 = SELECT -interact gate tap -not
========================================================================
    generate layer _EPTMPL262573, TYP = P, HPN = 7, FPN = 54, HEN = 28, FEN = 216

Time: cpu=0.01/0.13  real=0.01/0.13  Memory: 7.64/7.81/13.85



operation group: 315/1146
    gate_endcap = EDGE_BOOLEAN _EPTMPL262573 diff -coincident_only -inside
========================================================================
    generate layer gate_endcap, TYP = E, HPN = 14, FPN = 108, HEN = 14, FEN = 108

Time: cpu=0.00/0.13  real=0.00/0.13  Memory: 7.64/7.75/13.85

    delete layer _EPTMPL262573


operation group: 316/1146
    gate_peri_endcap = EDGE_BOOLEAN gate_endcap areaid.ce -outside
========================================================================
    generate layer gate_peri_endcap, TYP = E, HPN = 14, FPN = 108, HEN = 14, FEN = 108

Time: cpu=0.00/0.13  real=0.00/0.13  Memory: 7.64/7.75/13.85

    delete layer gate_endcap


operation group: 317/1146
    poly.8:L262576 = ENC gate_peri_endcap poly -lt 0.13 -output region
========================================================================
    generate layer poly.8:L262576, TYP = P, HPN = 0, FPN = 0, HEN = 0, FEN = 0

Time: cpu=0.00/0.13  real=0.01/0.14  Memory: 7.64/7.75/13.85

    delete layer gate_peri_endcap

    Rule Check poly.8 finished, 0 error(s) reported.

Time: cpu=0.00/0.13  real=0.00/0.14  Memory: 7.64/7.81/13.85



operation group: 318/1146
    polydiff = AND poly_dg diff_in
========================================================================
    generate layer polydiff, TYP = P, HPN = 7, FPN = 54, HEN = 28, FEN = 216

Time: cpu=0.00/0.13  real=0.00/0.14  Memory: 7.64/7.81/13.85



operation group: 319/1146
    polydiff_gt4 = VERTEX polydiff -gt 4
========================================================================
    generate layer polydiff_gt4, TYP = P, HPN = 0, FPN = 0, HEN = 0, FEN = 0

Time: cpu=0.01/0.14  real=0.01/0.14  Memory: 7.64/7.81/13.85

    delete layer polydiff


operation group: 320/1146
    polydiff_bbox = BBOX polydiff_gt4
========================================================================
    generate layer polydiff_bbox, TYP = P, HPN = 0, FPN = 0, HEN = 0, FEN = 0

Time: cpu=0.00/0.14  real=0.00/0.14  Memory: 7.64/7.81/13.85



operation group: 321/1146
    diff_has_bend = SELECT -inside polydiff_bbox poly
========================================================================
    generate layer diff_has_bend, TYP = P, HPN = 0, FPN = 0, HEN = 0, FEN = 0

Time: cpu=0.00/0.14  real=0.00/0.14  Memory: 7.64/7.81/13.85



operation group: 322/1146
    poly.10:L262582 = COPY diff_has_bend
========================================================================
    generate layer poly.10:L262582, TYP = P, HPN = 0, FPN = 0, HEN = 0, FEN = 0

Time: cpu=0.00/0.14  real=0.00/0.14  Memory: 7.64/7.81/13.85

    delete layer diff_has_bend

    Rule Check poly.10 finished, 0 error(s) reported.

Time: cpu=0.00/0.14  real=0.00/0.14  Memory: 7.64/7.81/13.85



operation group: 323/1146
    poly_has_bend = SELECT -inside polydiff_bbox diff
========================================================================
    generate layer poly_has_bend, TYP = P, HPN = 0, FPN = 0, HEN = 0, FEN = 0

Time: cpu=0.00/0.14  real=0.00/0.14  Memory: 7.64/7.81/13.85

    delete layer polydiff_bbox


operation group: 324/1146
    poly_11_maybe = SELECT -inside polydiff_gt4 poly_has_bend
========================================================================
    generate layer poly_11_maybe, TYP = P, HPN = 0, FPN = 0, HEN = 0, FEN = 0

Time: cpu=0.00/0.14  real=0.00/0.14  Memory: 7.64/7.81/13.85

    delete layer polydiff_gt4


operation group: 325/1146
    poly_11_not = NOT poly_has_bend poly_11_maybe
========================================================================
    generate layer poly_11_not, TYP = P, HPN = 0, FPN = 0, HEN = 0, FEN = 0

Time: cpu=0.00/0.14  real=0.00/0.14  Memory: 7.64/7.81/13.85

    delete layer poly_has_bend
    delete layer poly_11_maybe


operation group: 326/1146
    poly_11 = RECT_CHK poly_11_not -orthogonal_only
========================================================================
    generate layer poly_11, TYP = P, HPN = 0, FPN = 0, HEN = 0, FEN = 0

Time: cpu=0.00/0.14  real=0.00/0.14  Memory: 7.64/7.81/13.85

    delete layer poly_11_not


operation group: 327/1146
    poly.11:L262586 = COPY poly_11
========================================================================
    generate layer poly.11:L262586, TYP = P, HPN = 0, FPN = 0, HEN = 0, FEN = 0

Time: cpu=0.00/0.14  real=0.00/0.14  Memory: 7.64/7.81/13.85

    delete layer poly_11

    Rule Check poly.11 finished, 0 error(s) reported.

Time: cpu=0.00/0.14  real=0.00/0.14  Memory: 7.64/7.81/13.85



operation group: 328/1146
    poly.12_b = SELECT -interact poly_dg Var_channel_pvsTmp1 -not
========================================================================
    generate layer poly.12_b, TYP = P, HPN = 20, FPN = 50, HEN = 128, FEN = 248

Time: cpu=0.00/0.14  real=0.00/0.14  Memory: 7.64/7.81/13.85



operation group: 329/1146
    poly.12_c = SELECT -donut poly.12_b -not
========================================================================
    generate layer poly.12_c, TYP = P, HPN = 10, FPN = 10, HEN = 40, FEN = 40

Time: cpu=0.00/0.14  real=0.00/0.14  Memory: 7.64/7.81/13.85

    delete layer poly.12_b


operation group: 330/1146
    poly.12:_EPTMPL262590 = AND tap psdm
========================================================================
    generate layer poly.12:_EPTMPL262590, TYP = P, HPN = 0, FPN = 0, HEN = 0, FEN = 0

Time: cpu=0.00/0.14  real=0.00/0.14  Memory: 7.64/7.81/13.85



operation group: 331/1146
    poly.12:L262591 = AND poly.12_c poly.12:_EPTMPL262590
========================================================================
    generate layer poly.12:L262591, TYP = P, HPN = 0, FPN = 0, HEN = 0, FEN = 0

Time: cpu=0.00/0.14  real=0.00/0.14  Memory: 7.64/7.81/13.85

    delete layer poly.12_c
    delete layer poly.12:_EPTMPL262590

    Rule Check poly.12 finished, 0 error(s) reported.

Time: cpu=0.00/0.14  real=0.00/0.14  Memory: 7.64/7.81/13.85



operation group: 332/1146
    poly.15:L262592 = AND poly diff_res
========================================================================
    generate layer poly.15:L262592, TYP = P, HPN = 0, FPN = 0, HEN = 0, FEN = 0

Time: cpu=0.00/0.14  real=0.00/0.14  Memory: 7.64/7.81/13.85


    Rule Check poly.15 finished, 0 error(s) reported.

Time: cpu=0.00/0.14  real=0.00/0.14  Memory: 7.64/7.81/13.85



operation group: 333/1146
    CDR.rpm.1a:L262593 = INTE rpm -lt 1.27 -single_point -output region
========================================================================
    generate layer CDR.rpm.1a:L262593, TYP = P, HPN = 0, FPN = 0, HEN = 0, FEN = 0

Time: cpu=0.00/0.14  real=0.00/0.14  Memory: 7.64/7.81/13.85


    Rule Check CDR.rpm.1a finished, 0 error(s) reported.

Time: cpu=0.00/0.14  real=0.00/0.14  Memory: 7.64/7.81/13.85



operation group: 334/1146
    CDR.rpm.2:L262594 = EXTE rpm -lt 0.84 -single_point -output region
========================================================================
    generate layer CDR.rpm.2:L262594, TYP = P, HPN = 0, FPN = 0, HEN = 0, FEN = 0

Time: cpu=0.00/0.14  real=0.00/0.14  Memory: 7.64/7.81/13.85


    Rule Check CDR.rpm.2 finished, 0 error(s) reported.

Time: cpu=0.00/0.14  real=0.00/0.14  Memory: 7.64/7.81/13.85



operation group: 335/1146
    _EPTMPL262215 = AND rpm_urpm psdm
========================================================================
    generate layer _EPTMPL262215, TYP = P, HPN = 0, FPN = 0, HEN = 0, FEN = 0

Time: cpu=0.00/0.14  real=0.00/0.14  Memory: 7.64/7.81/13.85



operation group: 336/1146
    _EPTMPL262216 = AND poly_res _EPTMPL262215
========================================================================
    generate layer _EPTMPL262216, TYP = P, HPN = 0, FPN = 0, HEN = 0, FEN = 0

Time: cpu=0.00/0.14  real=0.00/0.14  Memory: 7.64/7.81/13.85

    delete layer poly_res
    delete layer _EPTMPL262215


operation group: 337/1146
    prec_resistor = AND poly _EPTMPL262216
========================================================================
    generate layer prec_resistor, TYP = P, HPN = 0, FPN = 0, HEN = 0, FEN = 0

Time: cpu=0.00/0.14  real=0.00/0.14  Memory: 7.64/7.81/13.85

    delete layer _EPTMPL262216


operation group: 338/1146
    rpm.3:L262595 = ENC rpm prec_resistor -lt 0.2 -output region
========================================================================
    generate layer rpm.3:L262595, TYP = P, HPN = 0, FPN = 0, HEN = 0, FEN = 0

Time: cpu=0.00/0.14  real=0.00/0.14  Memory: 7.64/7.81/13.85


    Rule Check rpm.3 finished, 0 error(s) reported.

Time: cpu=0.00/0.14  real=0.00/0.14  Memory: 7.64/7.81/13.85



operation group: 339/1146
    rpm.4:L262596 = ENC prec_resistor psdm -lt 0.11 -output region
========================================================================
    generate layer rpm.4:L262596, TYP = P, HPN = 0, FPN = 0, HEN = 0, FEN = 0

Time: cpu=0.00/0.14  real=0.00/0.14  Memory: 7.64/7.81/13.85


    Rule Check rpm.4 finished, 0 error(s) reported.

Time: cpu=0.00/0.14  real=0.00/0.14  Memory: 7.64/7.81/13.85



operation group: 340/1146
    rpm.5:L262597 = ENC prec_resistor npc -lt 0.095 -output region
========================================================================
    generate layer rpm.5:L262597, TYP = P, HPN = 0, FPN = 0, HEN = 0, FEN = 0

Time: cpu=0.00/0.14  real=0.00/0.14  Memory: 7.64/7.81/13.85


    Rule Check rpm.5 finished, 0 error(s) reported.

Time: cpu=0.00/0.14  real=0.00/0.14  Memory: 7.64/7.81/13.85



operation group: 341/1146
    rpm.6:L262598 = EXTE rpm nsdm -lt 0.2 -overlap -single_point -output region
========================================================================
    generate layer rpm.6:L262598, TYP = P, HPN = 0, FPN = 0, HEN = 0, FEN = 0

Time: cpu=0.00/0.14  real=0.00/0.14  Memory: 7.64/7.81/13.85


    Rule Check rpm.6 finished, 0 error(s) reported.

Time: cpu=0.00/0.14  real=0.00/0.14  Memory: 7.64/7.81/13.85



operation group: 342/1146
    rpm.7:L262599 = EXTE rpm poly -lt 0.2 -single_point -output region
========================================================================
    generate layer rpm.7:L262599, TYP = P, HPN = 0, FPN = 0, HEN = 0, FEN = 0

Time: cpu=0.00/0.14  real=0.00/0.14  Memory: 7.64/7.81/13.85


    Rule Check rpm.7 finished, 0 error(s) reported.

Time: cpu=0.00/0.14  real=0.00/0.14  Memory: 7.64/7.81/13.85



operation group: 343/1146
    rpm.8:L262600 = SELECT -cut poly rpm
========================================================================
    generate layer rpm.8:L262600, TYP = P, HPN = 0, FPN = 0, HEN = 0, FEN = 0

Time: cpu=0.00/0.14  real=0.00/0.14  Memory: 7.64/7.81/13.85


    Rule Check rpm.8 finished, 0 error(s) reported.

Time: cpu=0.00/0.14  real=0.00/0.14  Memory: 7.64/7.81/13.85



operation group: 344/1146
    rpm.9:L262601 = EXTE prec_resistor hvntm -lt 0.185 -overlap -single_point -output region
========================================================================
    generate layer rpm.9:L262601, TYP = P, HPN = 0, FPN = 0, HEN = 0, FEN = 0

Time: cpu=0.00/0.14  real=0.00/0.14  Memory: 7.64/7.81/13.85

    delete layer prec_resistor

    Rule Check rpm.9 finished, 0 error(s) reported.

Time: cpu=0.00/0.14  real=0.00/0.14  Memory: 7.64/7.81/13.85



operation group: 345/1146
    rpm.11:L262602 = SELECT -interact rpm pwbm
========================================================================
    generate layer rpm.11:L262602, TYP = P, HPN = 0, FPN = 0, HEN = 0, FEN = 0

Time: cpu=0.00/0.14  real=0.00/0.14  Memory: 7.64/7.81/13.85

    delete layer rpm

    Rule Check rpm.11 finished, 0 error(s) reported.

Time: cpu=0.00/0.14  real=0.00/0.14  Memory: 7.64/7.81/13.85



operation group: 346/1146
    CDR.urpm.1a:L262603 = INTE urpm -lt 1.27 -single_point -output region
========================================================================
    generate layer CDR.urpm.1a:L262603, TYP = P, HPN = 0, FPN = 0, HEN = 0, FEN = 0

Time: cpu=0.00/0.14  real=0.00/0.14  Memory: 7.64/7.81/13.85


    Rule Check CDR.urpm.1a finished, 0 error(s) reported.

Time: cpu=0.00/0.14  real=0.00/0.14  Memory: 7.64/7.81/13.85



operation group: 347/1146
    CDR.urpm.2:L262604 = EXTE urpm -lt 0.84 -single_point -output region
========================================================================
    generate layer CDR.urpm.2:L262604, TYP = P, HPN = 0, FPN = 0, HEN = 0, FEN = 0

Time: cpu=0.00/0.14  real=0.00/0.14  Memory: 7.64/7.81/13.85

    delete layer urpm

    Rule Check CDR.urpm.2 finished, 0 error(s) reported.

Time: cpu=0.00/0.14  real=0.00/0.14  Memory: 7.64/7.81/13.85



operation group: 348/1146
    varac.1:varac.1_a = AND poly Var_channel
========================================================================
    generate layer varac.1:varac.1_a, TYP = P, HPN = 0, FPN = 0, HEN = 0, FEN = 0

Time: cpu=0.00/0.14  real=0.00/0.14  Memory: 7.64/7.81/13.85



operation group: 349/1146
    varac.1:L262606 = INTE varac.1:varac.1_a -lt 0.18 -output region
========================================================================
    generate layer varac.1:L262606, TYP = P, HPN = 0, FPN = 0, HEN = 0, FEN = 0

Time: cpu=0.00/0.14  real=0.00/0.14  Memory: 7.64/7.81/13.85

    delete layer varac.1:varac.1_a

    Rule Check varac.1 finished, 0 error(s) reported.

Time: cpu=0.00/0.14  real=0.00/0.14  Memory: 7.64/7.81/13.85



operation group: 350/1146
    varac.2:varac.2_a = AND tap Var_channel
========================================================================
    generate layer varac.2:varac.2_a, TYP = P, HPN = 0, FPN = 0, HEN = 0, FEN = 0

Time: cpu=0.00/0.14  real=0.00/0.14  Memory: 7.64/7.81/13.85



operation group: 351/1146
    varac.2:L262608 = INTE varac.2:varac.2_a -lt 1 -output region
========================================================================
    generate layer varac.2:L262608, TYP = P, HPN = 0, FPN = 0, HEN = 0, FEN = 0

Time: cpu=0.00/0.14  real=0.00/0.14  Memory: 7.64/7.81/13.85

    delete layer varac.2:varac.2_a

    Rule Check varac.2 finished, 0 error(s) reported.

Time: cpu=0.00/0.14  real=0.00/0.14  Memory: 7.64/7.81/13.85



operation group: 352/1146
    varac.3:L262609 = EXTE hvtp Var_channel -lt 0.18 -single_point -output region
========================================================================
    generate layer varac.3:L262609, TYP = P, HPN = 0, FPN = 0, HEN = 0, FEN = 0

Time: cpu=0.00/0.14  real=0.00/0.14  Memory: 7.64/7.81/13.85


    Rule Check varac.3 finished, 0 error(s) reported.

Time: cpu=0.00/0.14  real=0.00/0.14  Memory: 7.63/7.81/13.85



operation group: 353/1146
    varac.5:varac.5_a = SELECT -cut poly Var_channel
========================================================================
    generate layer varac.5:varac.5_a, TYP = P, HPN = 0, FPN = 0, HEN = 0, FEN = 0

Time: cpu=0.00/0.14  real=0.00/0.14  Memory: 7.63/7.81/13.85



operation group: 354/1146
    varac.5:L262611 = ENC varac.5:varac.5_a nwell -lt 0.15 -output region
========================================================================
    generate layer varac.5:L262611, TYP = P, HPN = 0, FPN = 0, HEN = 0, FEN = 0

Time: cpu=0.00/0.14  real=0.00/0.14  Memory: 7.63/7.81/13.85

    delete layer varac.5:varac.5_a

    Rule Check varac.5 finished, 0 error(s) reported.

Time: cpu=0.00/0.14  real=0.00/0.14  Memory: 7.63/7.81/13.85



operation group: 355/1146
    varac.7:L262613 = AND varac.7:varac.7_a pdiff
========================================================================
    generate layer varac.7:L262613, TYP = P, HPN = 0, FPN = 0, HEN = 0, FEN = 0

Time: cpu=0.00/0.14  real=0.00/0.14  Memory: 7.63/7.81/13.85

    delete layer varac.7:varac.7_a

    Rule Check varac.7 finished, 0 error(s) reported.

Time: cpu=0.00/0.14  real=0.00/0.14  Memory: 7.63/7.81/13.85



operation group: 356/1146
    varac.8:L262614 = ENC Var_channel hvtp -lt 0.255 -output region
========================================================================
    generate layer varac.8:L262614, TYP = P, HPN = 0, FPN = 0, HEN = 0, FEN = 0

Time: cpu=0.00/0.14  real=0.00/0.14  Memory: 7.63/7.81/13.85

    delete layer Var_channel
    delete layer hvtp

    Rule Check varac.8 finished, 0 error(s) reported.

Time: cpu=0.00/0.14  real=0.00/0.14  Memory: 7.63/7.81/13.85



operation group: 357/1146
    _EPTMPL262615 = AND areaid.po dnwell
========================================================================
    generate layer _EPTMPL262615, TYP = P, HPN = 0, FPN = 0, HEN = 0, FEN = 0

Time: cpu=0.00/0.14  real=0.00/0.14  Memory: 7.63/7.81/13.85

    delete layer areaid.po


operation group: 358/1146
    photo = SELECT -enclose _EPTMPL262615 nwell
========================================================================
    generate layer photo, TYP = P, HPN = 0, FPN = 0, HEN = 0, FEN = 0

Time: cpu=0.00/0.14  real=0.00/0.14  Memory: 7.63/7.81/13.85



operation group: 359/1146
    photo.2:L262617 = INTE photo -lt 3 -output region
========================================================================
    generate layer photo.2:L262617, TYP = P, HPN = 0, FPN = 0, HEN = 0, FEN = 0

Time: cpu=0.00/0.14  real=0.00/0.14  Memory: 7.63/7.81/13.85

    delete layer _EPTMPL262615

    Rule Check photo.2 finished, 0 error(s) reported.

Time: cpu=0.00/0.14  real=0.00/0.14  Memory: 7.63/7.81/13.85



operation group: 360/1146
    photo.3:L262618 = EXTE photo -lt 5 -output region
========================================================================
    generate layer photo.3:L262618, TYP = P, HPN = 0, FPN = 0, HEN = 0, FEN = 0

Time: cpu=0.00/0.14  real=0.00/0.14  Memory: 7.63/7.81/13.85

    delete layer photo

    Rule Check photo.3 finished, 0 error(s) reported.

Time: cpu=0.00/0.14  real=0.00/0.14  Memory: 7.63/7.81/13.85



operation group: 361/1146
    CDR.npc.1:L262619 = INTE npc -lt 0.27 -output region
========================================================================
    generate layer CDR.npc.1:L262619, TYP = P, HPN = 0, FPN = 0, HEN = 0, FEN = 0

Time: cpu=0.00/0.14  real=0.00/0.14  Memory: 7.63/7.81/13.85


    Rule Check CDR.npc.1 finished, 0 error(s) reported.

Time: cpu=0.00/0.14  real=0.00/0.14  Memory: 7.63/7.81/13.85



operation group: 362/1146
    CDR.npc.2:L262620 = EXTE npc -lt 0.27 -single_point -output region
========================================================================
    generate layer CDR.npc.2:L262620, TYP = P, HPN = 0, FPN = 0, HEN = 0, FEN = 0

Time: cpu=0.00/0.14  real=0.00/0.14  Memory: 7.63/7.81/13.85


    Rule Check CDR.npc.2 finished, 0 error(s) reported.

Time: cpu=0.00/0.14  real=0.00/0.14  Memory: 7.63/7.81/13.85



operation group: 363/1146
    npc.4:L262621 = EXTE npc gate -lt 0.09 -single_point -overlap -output region
========================================================================
    generate layer npc.4:L262621, TYP = P, HPN = 0, FPN = 0, HEN = 0, FEN = 0

Time: cpu=0.00/0.14  real=0.01/0.15  Memory: 7.63/7.81/13.85


    Rule Check npc.4 finished, 0 error(s) reported.

Time: cpu=0.00/0.14  real=0.00/0.15  Memory: 7.63/7.81/13.85



operation group: 364/1146
    nsdm.ncore = NOT nsdm areaid.ce
========================================================================
    generate layer nsdm.ncore, TYP = P, HPN = 4, FPN = 35, HEN = 16, FEN = 140

Time: cpu=0.00/0.14  real=0.00/0.15  Memory: 7.63/7.81/13.85



operation group: 365/1146
    CDR.psd.1a:L262626 = INTE nsdm.ncore -lt 0.38 -output region
========================================================================
    generate layer CDR.psd.1a:L262626, TYP = P, HPN = 0, FPN = 0, HEN = 0, FEN = 0

Time: cpu=0.00/0.14  real=0.00/0.15  Memory: 7.63/7.81/13.85

    delete layer nsdm.ncore


operation group: 366/1146
    psdm.ncore = NOT psdm areaid.ce
========================================================================
    generate layer psdm.ncore, TYP = P, HPN = 3, FPN = 20, HEN = 12, FEN = 80

Time: cpu=0.00/0.14  real=0.00/0.15  Memory: 7.63/7.81/13.85



operation group: 367/1146
    CDR.psd.1a:L262627 = INTE psdm.ncore -lt 0.38 -output region
========================================================================
    generate layer CDR.psd.1a:L262627, TYP = P, HPN = 0, FPN = 0, HEN = 0, FEN = 0

Time: cpu=0.00/0.14  real=0.00/0.15  Memory: 7.63/7.81/13.85

    delete layer psdm.ncore

    Rule Check CDR.psd.1a finished, 0 error(s) reported.

Time: cpu=0.00/0.14  real=0.00/0.15  Memory: 7.63/7.81/13.85



operation group: 368/1146
    nsdm.core = AND nsdm areaid.ce
========================================================================
    generate layer nsdm.core, TYP = P, HPN = 0, FPN = 0, HEN = 0, FEN = 0

Time: cpu=0.00/0.14  real=0.00/0.15  Memory: 7.63/7.81/13.85



operation group: 369/1146
    CDR.psd.1b:L262628 = INTE nsdm.core -lt 0.29 -output region
========================================================================
    generate layer CDR.psd.1b:L262628, TYP = P, HPN = 0, FPN = 0, HEN = 0, FEN = 0

Time: cpu=0.00/0.14  real=0.00/0.15  Memory: 7.63/7.81/13.85

    delete layer nsdm.core


operation group: 370/1146
    psdm.core = AND psdm areaid.ce
========================================================================
    generate layer psdm.core, TYP = P, HPN = 0, FPN = 0, HEN = 0, FEN = 0

Time: cpu=0.00/0.14  real=0.00/0.15  Memory: 7.63/7.81/13.85



operation group: 371/1146
    CDR.psd.1b:L262629 = INTE psdm.core -lt 0.29 -output region
========================================================================
    generate layer CDR.psd.1b:L262629, TYP = P, HPN = 0, FPN = 0, HEN = 0, FEN = 0

Time: cpu=0.00/0.14  real=0.00/0.15  Memory: 7.63/7.81/13.85

    delete layer psdm.core

    Rule Check CDR.psd.1b finished, 0 error(s) reported.

Time: cpu=0.00/0.14  real=0.00/0.15  Memory: 7.63/7.81/13.85



operation group: 372/1146
    CDR.psd.2:L262630 = EXTE nsdm -lt 0.38 -single_point -output region
========================================================================
    generate layer CDR.psd.2:L262630, TYP = P, HPN = 0, FPN = 0, HEN = 0, FEN = 0

Time: cpu=0.00/0.14  real=0.00/0.15  Memory: 7.63/7.81/13.85



operation group: 373/1146
    CDR.psd.2:L262631 = EXTE psdm -lt 0.38 -single_point -output region
========================================================================
    generate layer CDR.psd.2:L262631, TYP = P, HPN = 0, FPN = 0, HEN = 0, FEN = 0

Time: cpu=0.00/0.14  real=0.00/0.15  Memory: 7.63/7.81/13.85


    Rule Check CDR.psd.2 finished, 0 error(s) reported.

Time: cpu=0.00/0.14  real=0.00/0.15  Memory: 7.63/7.81/13.85



operation group: 374/1146
    psd.5 = OR nsdm psdm
========================================================================
    generate layer psd.5, TYP = P, HPN = 7, FPN = 55, HEN = 28, FEN = 220

Time: cpu=0.00/0.14  real=0.00/0.15  Memory: 7.63/7.81/13.85



operation group: 375/1146
    psd.5a:L262633 = ENC diff psd.5 -lt 0.125 -output region
========================================================================
    generate layer psd.5a:L262633, TYP = P, HPN = 0, FPN = 0, HEN = 0, FEN = 0

Time: cpu=0.00/0.14  real=0.00/0.15  Memory: 7.63/7.81/13.85


    Rule Check psd.5a finished, 0 error(s) reported.

Time: cpu=0.00/0.14  real=0.00/0.15  Memory: 7.63/7.81/13.85



operation group: 376/1146
    psd.5b:L262634 = ENC tap_dg psd.5 -lt 0.125 -output region
========================================================================
    generate layer psd.5b:L262634, TYP = P, HPN = 0, FPN = 0, HEN = 0, FEN = 0

Time: cpu=0.00/0.14  real=0.00/0.15  Memory: 7.63/7.81/13.85


    Rule Check psd.5b finished, 0 error(s) reported.

Time: cpu=0.00/0.14  real=0.00/0.15  Memory: 7.63/7.81/13.85



operation group: 377/1146
    psd.7:L262635 = EXTE nsdm pdiff_actual -ltgt 0 0.13 -output region
========================================================================
    generate layer psd.7:L262635, TYP = P, HPN = 0, FPN = 0, HEN = 0, FEN = 0

Time: cpu=0.00/0.14  real=0.00/0.15  Memory: 7.63/7.81/13.85

    delete layer pdiff_actual


operation group: 378/1146
    ndiff = NOT diff_and_nsdm nwell
========================================================================
    generate layer ndiff, TYP = P, HPN = 3, FPN = 33, HEN = 12, FEN = 132

Time: cpu=0.00/0.14  real=0.00/0.15  Memory: 7.63/7.81/13.85



operation group: 379/1146
    ndiff_actual = AND ndiff nsdm
========================================================================
    generate layer ndiff_actual, TYP = P, HPN = 3, FPN = 33, HEN = 12, FEN = 132

Time: cpu=0.01/0.15  real=0.01/0.15  Memory: 7.63/7.81/13.85



operation group: 380/1146
    psd.7:L262636 = EXTE psdm ndiff_actual -ltgt 0 0.13 -output region
========================================================================
    generate layer psd.7:L262636, TYP = P, HPN = 0, FPN = 0, HEN = 0, FEN = 0

Time: cpu=0.00/0.15  real=0.00/0.15  Memory: 7.63/7.81/13.85

    delete layer ndiff_actual

    Rule Check psd.7 finished, 0 error(s) reported.

Time: cpu=0.00/0.15  real=0.00/0.15  Memory: 7.63/7.81/13.85



operation group: 381/1146
    psd.8:L262637 = AND nsdm psdm
========================================================================
    generate layer psd.8:L262637, TYP = P, HPN = 0, FPN = 0, HEN = 0, FEN = 0

Time: cpu=0.00/0.15  real=0.00/0.15  Memory: 7.63/7.81/13.85


    Rule Check psd.8 finished, 0 error(s) reported.

Time: cpu=0.00/0.15  real=0.00/0.15  Memory: 7.63/7.81/13.85



operation group: 382/1146
    psd.9:psd.9_exempt = OR npn areaid.zr SEALID
========================================================================
    generate layer psd.9:psd.9_exempt, TYP = P, HPN = 0, FPN = 0, HEN = 0, FEN = 0

Time: cpu=0.00/0.15  real=0.00/0.15  Memory: 7.63/7.81/13.85

    delete layer npn
    delete layer areaid.zr


operation group: 383/1146
    psd.9:_EPTMPL262641 = SELECT -outside diff_dg psd.9:psd.9_exempt
========================================================================
    generate layer psd.9:_EPTMPL262641, TYP = P, HPN = 6, FPN = 53, HEN = 24, FEN = 212

Time: cpu=0.00/0.15  real=0.00/0.15  Memory: 7.63/7.81/13.85



operation group: 384/1146
    psd.9:psd.9_a = NOT psd.5 psd.9:psd.9_exempt
========================================================================
    generate layer psd.9:psd.9_a, TYP = P, HPN = 7, FPN = 55, HEN = 28, FEN = 220

Time: cpu=0.00/0.15  real=0.00/0.15  Memory: 7.63/7.81/13.85



operation group: 385/1146
    psd.9:L262642 = NOT psd.9:_EPTMPL262641 psd.9:psd.9_a
========================================================================
    generate layer psd.9:L262642, TYP = P, HPN = 0, FPN = 0, HEN = 0, FEN = 0

Time: cpu=0.00/0.15  real=0.00/0.15  Memory: 7.63/7.81/13.85

    delete layer psd.9:_EPTMPL262641


operation group: 386/1146
    psd.9:_EPTMPL262643 = SELECT -outside tap_dg psd.9:psd.9_exempt
========================================================================
    generate layer psd.9:_EPTMPL262643, TYP = P, HPN = 1, FPN = 2, HEN = 4, FEN = 8

Time: cpu=0.00/0.15  real=0.00/0.15  Memory: 7.63/7.81/13.85

    delete layer tap_dg
    delete layer psd.9:psd.9_exempt


operation group: 387/1146
    psd.9:L262644 = NOT psd.9:_EPTMPL262643 psd.9:psd.9_a
========================================================================
    generate layer psd.9:L262644, TYP = P, HPN = 0, FPN = 0, HEN = 0, FEN = 0

Time: cpu=0.00/0.15  real=0.01/0.16  Memory: 7.63/7.81/13.85

    delete layer psd.9:_EPTMPL262643
    delete layer psd.9:psd.9_a

    Rule Check psd.9 finished, 0 error(s) reported.

Time: cpu=0.00/0.15  real=0.00/0.16  Memory: 7.63/7.81/13.85



operation group: 388/1146
    psd.10a:L262645 = AREA nsdm -lt 0.265
========================================================================
    generate layer psd.10a:L262645, TYP = P, HPN = 0, FPN = 0, HEN = 0, FEN = 0

Time: cpu=0.00/0.15  real=0.00/0.16  Memory: 7.63/7.81/13.85


    Rule Check psd.10a finished, 0 error(s) reported.

Time: cpu=0.00/0.15  real=0.00/0.16  Memory: 7.63/7.81/13.85



operation group: 389/1146
    psd.10b:L262646 = AREA psdm -lt 0.255
========================================================================
    generate layer psd.10b:L262646, TYP = P, HPN = 0, FPN = 0, HEN = 0, FEN = 0

Time: cpu=0.01/0.16  real=0.01/0.16  Memory: 7.63/7.81/13.85


    Rule Check psd.10b finished, 0 error(s) reported.

Time: cpu=0.00/0.16  real=0.00/0.16  Memory: 7.63/7.81/13.85



operation group: 390/1146
    psd.11:psd.11_a = HOLES nsdm
========================================================================
    generate layer psd.11:psd.11_a, TYP = P, HPN = 0, FPN = 0, HEN = 0, FEN = 0

Time: cpu=0.00/0.16  real=0.00/0.16  Memory: 7.63/7.81/13.85



operation group: 391/1146
    psd.11:L262648 = AREA psd.11:psd.11_a -lt 0.265
========================================================================
    generate layer psd.11:L262648, TYP = P, HPN = 0, FPN = 0, HEN = 0, FEN = 0

Time: cpu=0.00/0.16  real=0.00/0.16  Memory: 7.63/7.81/13.85

    delete layer psd.11:psd.11_a


operation group: 392/1146
    psd.11:psd.11_b = HOLES psdm
========================================================================
    generate layer psd.11:psd.11_b, TYP = P, HPN = 0, FPN = 0, HEN = 0, FEN = 0

Time: cpu=0.00/0.16  real=0.00/0.16  Memory: 7.63/7.81/13.85



operation group: 393/1146
    psd.11:L262650 = AREA psd.11:psd.11_b -lt 0.265
========================================================================
    generate layer psd.11:L262650, TYP = P, HPN = 0, FPN = 0, HEN = 0, FEN = 0

Time: cpu=0.00/0.16  real=0.00/0.16  Memory: 7.63/7.81/13.85

    delete layer psd.11:psd.11_b

    Rule Check psd.11 finished, 0 error(s) reported.

Time: cpu=0.00/0.16  real=0.00/0.16  Memory: 7.63/7.81/13.85



operation group: 394/1146
    licon_not_precR = SELECT -interact licon rpm_urpm -not
========================================================================
    generate layer licon_not_precR, TYP = P, HPN = 50, FPN = 368, HEN = 200, FEN = 1472

Time: cpu=0.00/0.16  real=0.00/0.16  Memory: 7.63/7.81/13.85



operation group: 395/1146
    CDR.licon.1:L262662 = RECT_CHK licon_not_precR -eq 0.17 -not -by eq 0.17 -orthogonal_only
========================================================================
    generate layer CDR.licon.1:L262662, TYP = P, HPN = 0, FPN = 0, HEN = 0, FEN = 0

Time: cpu=0.00/0.16  real=0.00/0.16  Memory: 7.63/7.81/13.85


    Rule Check CDR.licon.1 finished, 0 error(s) reported.

Time: cpu=0.00/0.16  real=0.00/0.16  Memory: 7.63/7.81/13.85



operation group: 396/1146
    licon_precR = NOT licon licon_not_precR
========================================================================
    generate layer licon_precR, TYP = P, HPN = 0, FPN = 0, HEN = 0, FEN = 0

Time: cpu=0.00/0.16  real=0.00/0.16  Memory: 7.63/7.81/13.85

    delete layer licon_not_precR


operation group: 397/1146
    licon_017_in_prec = RECT_CHK licon_precR -eq 0.17 -by eq 0.17
========================================================================
    generate layer licon_017_in_prec, TYP = P, HPN = 0, FPN = 0, HEN = 0, FEN = 0

Time: cpu=0.00/0.16  real=0.00/0.16  Memory: 7.63/7.81/13.85



operation group: 398/1146
    licon.1a:L262664 = COPY licon_017_in_prec
========================================================================
    generate layer licon.1a:L262664, TYP = P, HPN = 0, FPN = 0, HEN = 0, FEN = 0

Time: cpu=0.00/0.16  real=0.00/0.16  Memory: 7.63/7.81/13.85


    Rule Check licon.1a finished, 0 error(s) reported.

Time: cpu=0.00/0.16  real=0.00/0.16  Memory: 7.63/7.81/13.85



operation group: 399/1146
    CDR.licon.1b:_EPTMPL262665 = NOT licon_precR licon_017_in_prec
========================================================================
    generate layer CDR.licon.1b:_EPTMPL262665, TYP = P, HPN = 0, FPN = 0, HEN = 0, FEN = 0

Time: cpu=0.00/0.16  real=0.00/0.16  Memory: 7.63/7.81/13.85

    delete layer licon_precR
    delete layer licon_017_in_prec


operation group: 400/1146
    CDR.licon.1b:L262666 = RECT_CHK CDR.licon.1b:_EPTMPL262665 -eq 0.19 -not
========================================================================
    generate layer CDR.licon.1b:L262666, TYP = P, HPN = 0, FPN = 0, HEN = 0, FEN = 0

Time: cpu=0.00/0.16  real=0.00/0.16  Memory: 7.63/7.81/13.85


    Rule Check CDR.licon.1b finished, 0 error(s) reported.

Time: cpu=0.00/0.16  real=0.00/0.16  Memory: 7.63/7.81/13.85



operation group: 401/1146
    CDR.licon.1c:L262668 = RECT_CHK CDR.licon.1b:_EPTMPL262665 -eq 2 -not
========================================================================
    generate layer CDR.licon.1c:L262668, TYP = P, HPN = 0, FPN = 0, HEN = 0, FEN = 0

Time: cpu=0.00/0.16  real=0.00/0.16  Memory: 7.63/7.81/13.85

    delete layer CDR.licon.1b:_EPTMPL262665

    Rule Check CDR.licon.1c finished, 0 error(s) reported.

Time: cpu=0.00/0.16  real=0.00/0.16  Memory: 7.63/7.81/13.85



operation group: 402/1146
    licon_insideSR = SELECT -inside licon SEALID
========================================================================
    generate layer licon_insideSR, TYP = P, HPN = 0, FPN = 0, HEN = 0, FEN = 0

Time: cpu=0.00/0.16  real=0.00/0.16  Memory: 7.63/7.81/13.85



operation group: 403/1146
    licon.3:L262669 = RECT_CHK licon_insideSR -eq 0.17 -not
========================================================================
    generate layer licon.3:L262669, TYP = P, HPN = 0, FPN = 0, HEN = 0, FEN = 0

Time: cpu=0.00/0.16  real=0.00/0.16  Memory: 7.63/7.81/13.85


    Rule Check licon.3 finished, 0 error(s) reported.

Time: cpu=0.00/0.16  real=0.00/0.16  Memory: 7.63/7.81/13.85



operation group: 404/1146
    licon_core = SELECT -interact licon areaid.ce
========================================================================
    generate layer licon_core, TYP = P, HPN = 0, FPN = 0, HEN = 0, FEN = 0

Time: cpu=0.00/0.16  real=0.00/0.16  Memory: 7.63/7.81/13.85



operation group: 405/1146
    licon_notcore = NOT licon licon_core
========================================================================
    generate layer licon_notcore, TYP = P, HPN = 50, FPN = 368, HEN = 200, FEN = 1472

Time: cpu=0.00/0.16  real=0.00/0.16  Memory: 7.63/7.81/13.85



operation group: 406/1146
    CDR.licon.2:L262670 = EXTE licon_notcore -lt 0.17 -single_point -output region
========================================================================
    generate layer CDR.licon.2:L262670, TYP = P, HPN = 0, FPN = 0, HEN = 0, FEN = 0

Time: cpu=0.00/0.16  real=0.00/0.16  Memory: 7.63/7.81/13.85


    Rule Check CDR.licon.2 finished, 0 error(s) reported.

Time: cpu=0.00/0.16  real=0.00/0.16  Memory: 7.63/7.81/13.85



operation group: 407/1146
    CDR.licon.2a:L262671 = EXTE licon_core -lt 0.165 -single_point -output region
========================================================================
    generate layer CDR.licon.2a:L262671, TYP = P, HPN = 0, FPN = 0, HEN = 0, FEN = 0

Time: cpu=0.00/0.16  real=0.00/0.16  Memory: 7.63/7.81/13.85


    Rule Check CDR.licon.2a finished, 0 error(s) reported.

Time: cpu=0.00/0.16  real=0.00/0.16  Memory: 7.63/7.81/13.85



operation group: 408/1146
    licon_bar = RECT_CHK licon -eq 0.19 -by eq 2
========================================================================
    generate layer licon_bar, TYP = P, HPN = 0, FPN = 0, HEN = 0, FEN = 0

Time: cpu=0.00/0.16  real=0.00/0.16  Memory: 7.63/7.81/13.85



operation group: 409/1146
    CDR.licon.2b:licon_end = EDGE_LENGTH licon_bar -lt 2
========================================================================
    generate layer CDR.licon.2b:licon_end, TYP = E, HPN = 0, FPN = 0, HEN = 0, FEN = 0

Time: cpu=0.00/0.16  real=0.00/0.16  Memory: 7.63/7.81/13.85



operation group: 410/1146
    CDR.licon.2b:L262674 = EXTE CDR.licon.2b:licon_end -lt 0.35 -abut lt 90 -output region
========================================================================
    generate layer CDR.licon.2b:L262674, TYP = P, HPN = 0, FPN = 0, HEN = 0, FEN = 0

Time: cpu=0.00/0.16  real=0.00/0.16  Memory: 7.63/7.81/13.85

    delete layer CDR.licon.2b:licon_end

    Rule Check CDR.licon.2b finished, 0 error(s) reported.

Time: cpu=0.00/0.16  real=0.00/0.16  Memory: 7.63/7.81/13.85



operation group: 411/1146
    CDR.licon.2c:licon_side = EDGE_LENGTH licon_bar -gt 0.19
========================================================================
    generate layer CDR.licon.2c:licon_side, TYP = E, HPN = 0, FPN = 0, HEN = 0, FEN = 0

Time: cpu=0.00/0.16  real=0.00/0.16  Memory: 7.63/7.81/13.85



operation group: 412/1146
    CDR.licon.2c:L262676 = EXTE CDR.licon.2c:licon_side -lt 0.51 -abut lt 90 -output region
========================================================================
    generate layer CDR.licon.2c:L262676, TYP = P, HPN = 0, FPN = 0, HEN = 0, FEN = 0

Time: cpu=0.00/0.16  real=0.00/0.16  Memory: 7.63/7.81/13.85

    delete layer CDR.licon.2c:licon_side

    Rule Check CDR.licon.2c finished, 0 error(s) reported.

Time: cpu=0.00/0.16  real=0.00/0.16  Memory: 7.63/7.81/13.85



operation group: 413/1146
    licon_outsideSR = NOT licon licon_insideSR
========================================================================
    layer licon_outsideSR not generated, operation is dynamically optimized out.

Time: cpu=0.00/0.16  real=0.00/0.16  Memory: 7.63/7.81/13.85

    delete layer licon_insideSR


operation group: 414/1146
    licon_square = RECT_CHK licon_outsideSR -aspect eq 1
========================================================================
    layer licon_square not generated, operation is dynamically optimized out.

Time: cpu=0.00/0.16  real=0.00/0.16  Memory: 7.63/7.81/13.85

    delete layer licon_outsideSR


operation group: 415/1146
    CDR.licon.2d:L262677 = EXTE licon_square licon_bar -lt 0.51 -abut lt 90 -output region -single_point
========================================================================
    generate layer CDR.licon.2d:L262677, TYP = P, HPN = 0, FPN = 0, HEN = 0, FEN = 0

Time: cpu=0.00/0.16  real=0.00/0.16  Memory: 7.63/7.81/13.85

    delete layer licon_square
    delete layer licon_bar

    Rule Check CDR.licon.2d finished, 0 error(s) reported.

Time: cpu=0.00/0.16  real=0.00/0.16  Memory: 7.63/7.81/13.85



operation group: 416/1146
    CDR.licon.5b:licon.5b = AND tap licon_notcore
========================================================================
    layer CDR.licon.5b:licon.5b not generated, operation is dynamically optimized out.

Time: cpu=0.00/0.16  real=0.00/0.16  Memory: 7.63/7.81/13.85



operation group: 417/1146
    CDR.licon.5b:L262680 = EXTE CDR.licon.5b:licon.5b CDR.licon.5b:_EPTMPL262679 -lt 0.06 -abut lt 90 -output region
========================================================================
    generate layer CDR.licon.5b:L262680, TYP = P, HPN = 0, FPN = 0, HEN = 0, FEN = 0

Time: cpu=0.00/0.16  real=0.00/0.16  Memory: 7.63/7.81/13.85

    delete layer CDR.licon.5b:licon.5b
    delete layer CDR.licon.5b:_EPTMPL262679

    Rule Check CDR.licon.5b finished, 0 error(s) reported.

Time: cpu=0.00/0.16  real=0.00/0.16  Memory: 7.63/7.81/13.85



operation group: 418/1146
    poly_licon_notcore = AND poly licon_notcore
========================================================================
    generate layer poly_licon_notcore, TYP = P, HPN = 1, FPN = 1, HEN = 4, FEN = 4

Time: cpu=0.00/0.16  real=0.00/0.16  Memory: 7.63/7.81/13.85



operation group: 419/1146
    CDR.licon.9:licon.9_a = SELECT -outside poly_licon_notcore rpm_urpm
========================================================================
    generate layer CDR.licon.9:licon.9_a, TYP = P, HPN = 1, FPN = 1, HEN = 4, FEN = 4

Time: cpu=0.00/0.16  real=0.00/0.16  Memory: 7.63/7.81/13.85

    delete layer rpm_urpm


operation group: 420/1146
    CDR.licon.9:L262682 = EXTE CDR.licon.9:licon.9_a psdm -lt 0.11 -overlap -output region
========================================================================
    generate layer CDR.licon.9:L262682, TYP = P, HPN = 0, FPN = 0, HEN = 0, FEN = 0

Time: cpu=0.00/0.16  real=0.00/0.16  Memory: 7.63/7.81/13.85



operation group: 421/1146
    CDR.licon.9:L262683 = AND CDR.licon.9:licon.9_a psdm
========================================================================
    generate layer CDR.licon.9:L262683, TYP = P, HPN = 0, FPN = 0, HEN = 0, FEN = 0

Time: cpu=0.00/0.16  real=0.00/0.16  Memory: 7.63/7.81/13.85

    delete layer CDR.licon.9:licon.9_a

    Rule Check CDR.licon.9 finished, 0 error(s) reported.

Time: cpu=0.00/0.16  real=0.00/0.16  Memory: 7.63/7.81/13.85



operation group: 422/1146
    licon.14a:licon.14_2 = OR diff tap
========================================================================
    generate layer licon.14a:licon.14_2, TYP = P, HPN = 7, FPN = 55, HEN = 28, FEN = 220

Time: cpu=0.00/0.16  real=0.00/0.16  Memory: 7.63/7.81/13.85



operation group: 423/1146
    licon.14a:L262685 = EXTE poly_licon_notcore licon.14a:licon.14_2 -lt 0.19 -output region
========================================================================
    generate layer licon.14a:L262685, TYP = P, HPN = 0, FPN = 0, HEN = 0, FEN = 0

Time: cpu=0.00/0.16  real=0.01/0.17  Memory: 7.63/7.81/13.85


    Rule Check licon.14a finished, 0 error(s) reported.

Time: cpu=0.00/0.16  real=0.00/0.17  Memory: 7.63/7.81/13.85



operation group: 424/1146
    poly_licon_core = AND poly licon_core
========================================================================
    generate layer poly_licon_core, TYP = P, HPN = 0, FPN = 0, HEN = 0, FEN = 0

Time: cpu=0.00/0.16  real=0.00/0.17  Memory: 7.63/7.81/13.85

    delete layer licon_core


operation group: 425/1146
    licon.14b:L262687 = EXTE poly_licon_core licon.14a:licon.14_2 -lt 0.19 -output region
========================================================================
    generate layer licon.14b:L262687, TYP = P, HPN = 0, FPN = 0, HEN = 0, FEN = 0

Time: cpu=0.00/0.16  real=0.00/0.17  Memory: 7.63/7.81/13.85


    Rule Check licon.14b finished, 0 error(s) reported.

Time: cpu=0.00/0.16  real=0.00/0.17  Memory: 7.63/7.81/13.85



operation group: 426/1146
    licon.4a:L262688 = NOT licon li1
========================================================================
    generate layer licon.4a:L262688, TYP = P, HPN = 0, FPN = 0, HEN = 0, FEN = 0

Time: cpu=0.01/0.17  real=0.01/0.17  Memory: 7.63/7.81/13.85


    Rule Check licon.4a finished, 0 error(s) reported.

Time: cpu=0.00/0.17  real=0.00/0.17  Memory: 7.63/7.81/13.85



operation group: 427/1146
    licon.4b:_EPTMPL262689 = OR poly diff tap
========================================================================
    generate layer licon.4b:_EPTMPL262689, TYP = P, HPN = 34, FPN = 82, HEN = 272, FEN = 840

Time: cpu=0.00/0.17  real=0.00/0.17  Memory: 7.63/7.81/13.85



operation group: 428/1146
    licon.4b:L262690 = NOT licon licon.4b:_EPTMPL262689
========================================================================
    generate layer licon.4b:L262690, TYP = P, HPN = 0, FPN = 0, HEN = 0, FEN = 0

Time: cpu=0.00/0.17  real=0.00/0.17  Memory: 7.63/7.81/13.85

    delete layer licon.4b:_EPTMPL262689

    Rule Check licon.4b finished, 0 error(s) reported.

Time: cpu=0.00/0.17  real=0.00/0.17  Memory: 7.62/7.81/13.85



operation group: 429/1146
    diff_all = OR diff_dg diff_fill
========================================================================
    generate layer diff_all, TYP = P, HPN = 6, FPN = 53, HEN = 24, FEN = 212

Time: cpu=0.00/0.17  real=0.00/0.17  Memory: 7.62/7.81/13.85



operation group: 430/1146
    licon.5a:L262691 = ENC licon_notcore diff_all -lt 0.04 -output region
========================================================================
    generate layer licon.5a:L262691, TYP = P, HPN = 0, FPN = 0, HEN = 0, FEN = 0

Time: cpu=0.00/0.17  real=0.00/0.17  Memory: 7.62/7.81/13.85

    delete layer diff_all


operation group: 431/1146
    licon.5a:L262692 = EDGE_SELECT licon_notcore diff -coincident_only
========================================================================
    generate layer licon.5a:L262692, TYP = E, HPN = 0, FPN = 0, HEN = 0, FEN = 0

Time: cpu=0.00/0.17  real=0.00/0.17  Memory: 7.62/7.75/13.85


    Rule Check licon.5a finished, 0 error(s) reported.

Time: cpu=0.00/0.17  real=0.00/0.17  Memory: 7.62/7.81/13.85



operation group: 432/1146
    licon.5c:L262693 = RECT_ENC licon_notcore diff_in -good 0.06 0 0.06 0
========================================================================
    generate layer licon.5c:L262693, TYP = P, HPN = 0, FPN = 0, HEN = 0, FEN = 0

Time: cpu=0.00/0.17  real=0.00/0.17  Memory: 7.62/7.81/13.85


    Rule Check licon.5c finished, 0 error(s) reported.

Time: cpu=0.00/0.17  real=0.00/0.17  Memory: 7.62/7.81/13.85



operation group: 433/1146
    _EPTMPL262694 = EDGE_BOOLEAN tap diff -coincident_only -outside
========================================================================
    generate layer _EPTMPL262694, TYP = E, HPN = 0, FPN = 0, HEN = 0, FEN = 0

Time: cpu=0.00/0.17  real=0.00/0.17  Memory: 7.62/7.75/13.85



operation group: 434/1146
    non_isolated_tap = SELECT -with_edge tap _EPTMPL262694
========================================================================
    generate layer non_isolated_tap, TYP = P, HPN = 0, FPN = 0, HEN = 0, FEN = 0

Time: cpu=0.00/0.17  real=0.00/0.17  Memory: 7.62/7.75/13.85

    delete layer _EPTMPL262694


operation group: 435/1146
    isolated_tap = NOT tap non_isolated_tap
========================================================================
    generate layer isolated_tap, TYP = P, HPN = 1, FPN = 2, HEN = 4, FEN = 8

Time: cpu=0.00/0.17  real=0.00/0.17  Memory: 7.62/7.75/13.85

    delete layer non_isolated_tap


operation group: 436/1146
    licon.7:L262697 = RECT_ENC licon_notcore isolated_tap -good 0.12 0 0.12 0
========================================================================
    generate layer licon.7:L262697, TYP = P, HPN = 0, FPN = 0, HEN = 0, FEN = 0

Time: cpu=0.00/0.17  real=0.00/0.17  Memory: 7.62/7.75/13.85

    delete layer isolated_tap

    Rule Check licon.7 finished, 0 error(s) reported.

Time: cpu=0.00/0.17  real=0.00/0.17  Memory: 7.62/7.81/13.85



operation group: 437/1146
    licon.8:L262698 = ENC poly_licon_notcore poly -lt 0.05 -output region
========================================================================
    generate layer licon.8:L262698, TYP = P, HPN = 0, FPN = 0, HEN = 0, FEN = 0

Time: cpu=0.00/0.17  real=0.01/0.18  Memory: 7.62/7.81/13.85



operation group: 438/1146
    licon.8:L262699 = EDGE_SELECT poly_licon_notcore poly -coincident_only
========================================================================
    generate layer licon.8:L262699, TYP = E, HPN = 0, FPN = 0, HEN = 0, FEN = 0

Time: cpu=0.00/0.17  real=0.00/0.18  Memory: 7.62/7.75/13.85


    Rule Check licon.8 finished, 0 error(s) reported.

Time: cpu=0.00/0.17  real=0.00/0.18  Memory: 7.62/7.81/13.85



operation group: 439/1146
    licon.8a:L262700 = RECT_ENC poly_licon_notcore poly -good 0.08 0 0.08 0
========================================================================
    generate layer licon.8a:L262700, TYP = P, HPN = 0, FPN = 0, HEN = 0, FEN = 0

Time: cpu=0.00/0.17  real=0.00/0.18  Memory: 7.62/7.81/13.85


    Rule Check licon.8a finished, 0 error(s) reported.

Time: cpu=0.00/0.17  real=0.00/0.18  Memory: 7.62/7.81/13.85



operation group: 440/1146
    licon.15a:L262701 = ENC poly_licon_notcore npc -lt 0.1 -output region
========================================================================
    generate layer licon.15a:L262701, TYP = P, HPN = 0, FPN = 0, HEN = 0, FEN = 0

Time: cpu=0.00/0.17  real=0.00/0.18  Memory: 7.62/7.81/13.85



operation group: 441/1146
    licon.15a:L262702 = EDGE_SELECT poly_licon_notcore npc -coincident_only
========================================================================
    generate layer licon.15a:L262702, TYP = E, HPN = 0, FPN = 0, HEN = 0, FEN = 0

Time: cpu=0.00/0.17  real=0.00/0.18  Memory: 7.62/7.75/13.85

    delete layer poly_licon_notcore

    Rule Check licon.15a finished, 0 error(s) reported.

Time: cpu=0.00/0.17  real=0.00/0.18  Memory: 7.62/7.81/13.85



operation group: 442/1146
    CDR.licon.15b:L262703 = ENC poly_licon_core npc -lt 0.045 -output region
========================================================================
    generate layer CDR.licon.15b:L262703, TYP = P, HPN = 0, FPN = 0, HEN = 0, FEN = 0

Time: cpu=0.00/0.17  real=0.00/0.18  Memory: 7.62/7.81/13.85



operation group: 443/1146
    CDR.licon.15b:L262704 = EDGE_SELECT poly_licon_core npc -coincident_only
========================================================================
    generate layer CDR.licon.15b:L262704, TYP = E, HPN = 0, FPN = 0, HEN = 0, FEN = 0

Time: cpu=0.00/0.17  real=0.00/0.18  Memory: 7.62/7.81/13.85


    Rule Check CDR.licon.15b finished, 0 error(s) reported.

Time: cpu=0.00/0.17  real=0.00/0.18  Memory: 7.62/7.81/13.85



operation group: 444/1146
    licon.6:_EPTMPL262705 = OR ptap_actual ntap_actual
========================================================================
    generate layer licon.6:_EPTMPL262705, TYP = P, HPN = 1, FPN = 2, HEN = 4, FEN = 8

Time: cpu=0.00/0.17  real=0.00/0.18  Memory: 7.62/7.81/13.85



operation group: 445/1146
    licon.6:L262706 = SELECT -cut licon licon.6:_EPTMPL262705
========================================================================
    generate layer licon.6:L262706, TYP = P, HPN = 0, FPN = 0, HEN = 0, FEN = 0

Time: cpu=0.00/0.17  real=0.00/0.18  Memory: 7.62/7.81/13.85

    delete layer licon.6:_EPTMPL262705

    Rule Check licon.6 finished, 0 error(s) reported.

Time: cpu=0.00/0.17  real=0.00/0.18  Memory: 7.62/7.81/13.85



operation group: 446/1146
    licon.11:licon.11_a = NOT gate areaid.sc
========================================================================
    generate layer licon.11:licon.11_a, TYP = P, HPN = 7, FPN = 54, HEN = 28, FEN = 216

Time: cpu=0.00/0.17  real=0.00/0.18  Memory: 7.62/7.81/13.85



operation group: 447/1146
    licon.11:licon.11_c = AND licon_notcore licon.14a:licon.14_2
========================================================================
    generate layer licon.11:licon.11_c, TYP = P, HPN = 49, FPN = 367, HEN = 196, FEN = 1468

Time: cpu=0.00/0.17  real=0.00/0.18  Memory: 7.62/7.81/13.85



operation group: 448/1146
    licon.11:L262710 = EXTE licon.11:licon.11_a licon.11:licon.11_c -lt 0.055 -output region
========================================================================
    generate layer licon.11:L262710, TYP = P, HPN = 0, FPN = 0, HEN = 0, FEN = 0

Time: cpu=0.01/0.18  real=0.01/0.18  Memory: 7.62/7.81/13.85

    delete layer licon.11:licon.11_a

    Rule Check licon.11 finished, 0 error(s) reported.

Time: cpu=0.00/0.18  real=0.00/0.18  Memory: 7.62/7.81/13.85



operation group: 449/1146
    CDR.licon.11a:licon.11a_a = AND gate areaid.sc
========================================================================
    generate layer CDR.licon.11a:licon.11a_a, TYP = P, HPN = 0, FPN = 0, HEN = 0, FEN = 0

Time: cpu=0.00/0.18  real=0.00/0.18  Memory: 7.62/7.81/13.85

    delete layer areaid.sc


operation group: 450/1146
    CDR.licon.11a:licon.11a_d = AND CDR.licon.11a:licon.11a_a diff
========================================================================
    generate layer CDR.licon.11a:licon.11a_d, TYP = P, HPN = 0, FPN = 0, HEN = 0, FEN = 0

Time: cpu=0.00/0.18  real=0.00/0.18  Memory: 7.62/7.81/13.85

    delete layer CDR.licon.11a:licon.11a_a


operation group: 451/1146
    CDR.licon.11a:L262715 = EXTE licon.11:licon.11_c CDR.licon.11a:licon.11a_d -lt 0.05 -output region
========================================================================
    generate layer CDR.licon.11a:L262715, TYP = P, HPN = 0, FPN = 0, HEN = 0, FEN = 0

Time: cpu=0.00/0.18  real=0.00/0.18  Memory: 7.62/7.81/13.85

    delete layer licon.11:licon.11_c
    delete layer CDR.licon.11a:licon.11a_d

    Rule Check CDR.licon.11a finished, 0 error(s) reported.

Time: cpu=0.00/0.18  real=0.00/0.18  Memory: 7.62/7.81/13.85



operation group: 452/1146
    diff_not_gate = NOT diff gate
========================================================================
    generate layer diff_not_gate, TYP = P, HPN = 13, FPN = 107, HEN = 52, FEN = 428

Time: cpu=0.00/0.18  real=0.00/0.18  Memory: 7.62/7.81/13.85



operation group: 453/1146
    diff_no_licon = SELECT -enclose diff_not_gate licon -not
========================================================================
    generate layer diff_no_licon, TYP = P, HPN = 0, FPN = 0, HEN = 0, FEN = 0

Time: cpu=0.00/0.18  real=0.00/0.18  Memory: 7.62/7.81/13.85

    delete layer diff_not_gate


operation group: 454/1146
    diff_no_licon_edge = EDGE_SELECT diff_no_licon gate -coincident_only
========================================================================
    generate layer diff_no_licon_edge, TYP = E, HPN = 0, FPN = 0, HEN = 0, FEN = 0

Time: cpu=0.00/0.18  real=0.00/0.18  Memory: 7.62/7.81/13.85

    delete layer diff_no_licon


operation group: 455/1146
    diff_edge57_no_licon = EDGE_LENGTH diff_no_licon_edge -gt 5.7
========================================================================
    generate layer diff_edge57_no_licon, TYP = E, HPN = 0, FPN = 0, HEN = 0, FEN = 0

Time: cpu=0.00/0.18  real=0.00/0.18  Memory: 7.62/7.81/13.85

    delete layer diff_no_licon_edge


operation group: 456/1146
    licon.12:L262720 = COPY diff_edge57_no_licon
========================================================================
    generate layer licon.12:L262720, TYP = E, HPN = 0, FPN = 0, HEN = 0, FEN = 0

Time: cpu=0.00/0.18  real=0.00/0.18  Memory: 7.62/7.81/13.85

    delete layer diff_edge57_no_licon

    Rule Check licon.12 finished, 0 error(s) reported.

Time: cpu=0.00/0.18  real=0.00/0.18  Memory: 7.62/7.81/13.85



operation group: 457/1146
    CDR.licon.13:licon.13_b = AND licon licon.14a:licon.14_2
========================================================================
    generate layer CDR.licon.13:licon.13_b, TYP = P, HPN = 49, FPN = 367, HEN = 196, FEN = 1468

Time: cpu=0.00/0.18  real=0.00/0.18  Memory: 7.62/7.81/13.85



operation group: 458/1146
    CDR.licon.13:L262723 = EXTE npc CDR.licon.13:licon.13_b -lt 0.09 -overlap -output region
========================================================================
    generate layer CDR.licon.13:L262723, TYP = P, HPN = 0, FPN = 0, HEN = 0, FEN = 0

Time: cpu=0.00/0.18  real=0.01/0.19  Memory: 7.62/7.81/13.85

    delete layer CDR.licon.13:licon.13_b

    Rule Check CDR.licon.13 finished, 0 error(s) reported.

Time: cpu=0.00/0.18  real=0.00/0.19  Memory: 7.62/7.81/13.85



operation group: 459/1146
    CDR.licon.17:licon.17_a = SELECT -cut licon poly
========================================================================
    generate layer CDR.licon.17:licon.17_a, TYP = P, HPN = 0, FPN = 0, HEN = 0, FEN = 0

Time: cpu=0.00/0.18  real=0.00/0.19  Memory: 7.62/7.81/13.85



operation group: 460/1146
    CDR.licon.17:L262726 = SELECT -cut CDR.licon.17:licon.17_a licon.14a:licon.14_2
========================================================================
    generate layer CDR.licon.17:L262726, TYP = P, HPN = 0, FPN = 0, HEN = 0, FEN = 0

Time: cpu=0.00/0.18  real=0.00/0.19  Memory: 7.62/7.81/13.85

    delete layer CDR.licon.17:licon.17_a
    delete layer licon.14a:licon.14_2


operation group: 461/1146
    CDR.licon.17:_EPTMPL262727 = AND diff poly
========================================================================
    generate layer CDR.licon.17:_EPTMPL262727, TYP = P, HPN = 7, FPN = 54, HEN = 28, FEN = 216

Time: cpu=0.00/0.18  real=0.00/0.19  Memory: 7.62/7.81/13.85



operation group: 462/1146
    CDR.licon.17:L262728 = AND licon CDR.licon.17:_EPTMPL262727
========================================================================
    generate layer CDR.licon.17:L262728, TYP = P, HPN = 0, FPN = 0, HEN = 0, FEN = 0

Time: cpu=0.00/0.18  real=0.00/0.19  Memory: 7.62/7.81/13.85

    delete layer CDR.licon.17:_EPTMPL262727

    Rule Check CDR.licon.17 finished, 0 error(s) reported.

Time: cpu=0.00/0.18  real=0.00/0.19  Memory: 7.62/7.81/13.85



operation group: 463/1146
    poly_licon = AND poly licon
========================================================================
    generate layer poly_licon, TYP = P, HPN = 1, FPN = 1, HEN = 4, FEN = 4

Time: cpu=0.00/0.18  real=0.00/0.19  Memory: 7.62/7.81/13.85



operation group: 464/1146
    licon.18:L262729 = NOT poly_licon npc
========================================================================
    generate layer licon.18:L262729, TYP = P, HPN = 0, FPN = 0, HEN = 0, FEN = 0

Time: cpu=0.00/0.18  real=0.00/0.19  Memory: 7.62/7.81/13.85

    delete layer poly_licon
    delete layer npc

    Rule Check licon.18 finished, 0 error(s) reported.

Time: cpu=0.00/0.18  real=0.00/0.19  Memory: 7.62/7.81/13.85



operation group: 465/1146
    licon.20:_EPTMPL262731 = SELECT -cut tap areaid.ce
========================================================================
    generate layer licon.20:_EPTMPL262731, TYP = P, HPN = 0, FPN = 0, HEN = 0, FEN = 0

Time: cpu=0.00/0.18  real=0.00/0.19  Memory: 7.62/7.81/13.85



operation group: 466/1146
    licon.20:npcon_tap = OR difftap.5a:_EPTMPL262496 licon.20:_EPTMPL262731
========================================================================
    generate layer licon.20:npcon_tap, TYP = P, HPN = 1, FPN = 2, HEN = 4, FEN = 8

Time: cpu=0.00/0.18  real=0.00/0.19  Memory: 7.62/7.81/13.85

    delete layer difftap.5a:_EPTMPL262496
    delete layer licon.20:_EPTMPL262731


operation group: 467/1146
    licon.20:_EPTMPL262733 = NOT licon.20:npcon_tap diff_fill
========================================================================
    generate layer licon.20:_EPTMPL262733, TYP = P, HPN = 1, FPN = 2, HEN = 4, FEN = 8

Time: cpu=0.00/0.18  real=0.00/0.19  Memory: 7.62/7.81/13.85

    delete layer licon.20:npcon_tap


operation group: 468/1146
    licon.20:_EPTMPL262734 = SELECT -enclose licon.20:_EPTMPL262733 licon -not
========================================================================
    generate layer licon.20:_EPTMPL262734, TYP = P, HPN = 0, FPN = 0, HEN = 0, FEN = 0

Time: cpu=0.00/0.18  real=0.00/0.19  Memory: 7.62/7.81/13.85

    delete layer licon.20:_EPTMPL262733


operation group: 469/1146
    licon.20:L262735 = NOT licon.20:_EPTMPL262734 uhvi
========================================================================
    generate layer licon.20:L262735, TYP = P, HPN = 0, FPN = 0, HEN = 0, FEN = 0

Time: cpu=0.00/0.18  real=0.00/0.19  Memory: 7.62/7.81/13.85

    delete layer licon.20:_EPTMPL262734

    Rule Check licon.20 finished, 0 error(s) reported.

Time: cpu=0.00/0.18  real=0.00/0.19  Memory: 7.62/7.81/13.85



operation group: 470/1146
    licon.21:_EPTMPL262736 = AND poly_licon_core psdm
========================================================================
    generate layer licon.21:_EPTMPL262736, TYP = P, HPN = 0, FPN = 0, HEN = 0, FEN = 0

Time: cpu=0.00/0.18  real=0.00/0.19  Memory: 7.62/7.81/13.85

    delete layer poly_licon_core


operation group: 471/1146
    licon.21:L262737 = AND licon.21:_EPTMPL262736 areaid.ce
========================================================================
    generate layer licon.21:L262737, TYP = P, HPN = 0, FPN = 0, HEN = 0, FEN = 0

Time: cpu=0.00/0.18  real=0.00/0.19  Memory: 7.62/7.81/13.85

    delete layer licon.21:_EPTMPL262736

    Rule Check licon.21 finished, 0 error(s) reported.

Time: cpu=0.00/0.18  real=0.00/0.19  Memory: 7.62/7.81/13.85



operation group: 472/1146
    licon.core:_EPTMPL262738 = SELECT -cut licon areaid.ce
========================================================================
    generate layer licon.core:_EPTMPL262738, TYP = P, HPN = 0, FPN = 0, HEN = 0, FEN = 0

Time: cpu=0.00/0.18  real=0.00/0.19  Memory: 7.62/7.81/13.85



operation group: 473/1146
    licon.core:L262739 = NOT licon.core:_EPTMPL262738 areaid.ce
========================================================================
    generate layer licon.core:L262739, TYP = P, HPN = 0, FPN = 0, HEN = 0, FEN = 0

Time: cpu=0.00/0.18  real=0.00/0.19  Memory: 7.62/7.81/13.85

    delete layer licon.core:_EPTMPL262738

    Rule Check licon.core finished, 0 error(s) reported.

Time: cpu=0.00/0.18  real=0.00/0.19  Memory: 7.62/7.81/13.85



operation group: 474/1146
    li_inside_core = SELECT -inside li_dg areaid.ce
========================================================================
    generate layer li_inside_core, TYP = P, HPN = 0, FPN = 0, HEN = 0, FEN = 0

Time: cpu=0.00/0.18  real=0.00/0.19  Memory: 7.62/7.81/13.85



operation group: 475/1146
    CDR.li.1a:L262745 = INTE li_inside_core -lt 0.14 -output region
========================================================================
    generate layer CDR.li.1a:L262745, TYP = P, HPN = 0, FPN = 0, HEN = 0, FEN = 0

Time: cpu=0.00/0.18  real=0.00/0.19  Memory: 7.62/7.81/13.85


    Rule Check CDR.li.1a finished, 0 error(s) reported.

Time: cpu=0.00/0.18  real=0.00/0.19  Memory: 7.62/7.81/13.85



operation group: 476/1146
    li_outside_core = SELECT -outside li_dg areaid.ce
========================================================================
    generate layer li_outside_core, TYP = P, HPN = 17, FPN = 112, HEN = 76, FEN = 456

Time: cpu=0.00/0.18  real=0.00/0.19  Memory: 7.62/7.81/13.85



operation group: 477/1146
    CDR.li.1b:L262746 = INTE li_outside_core -lt 0.17 -output region
========================================================================
    generate layer CDR.li.1b:L262746, TYP = P, HPN = 0, FPN = 0, HEN = 0, FEN = 0

Time: cpu=0.01/0.19  real=0.01/0.19  Memory: 7.62/7.81/13.85


    Rule Check CDR.li.1b finished, 0 error(s) reported.

Time: cpu=0.00/0.19  real=0.00/0.19  Memory: 7.62/7.81/13.85



operation group: 478/1146
    li_crossing_core = SELECT -cut li_dg areaid.ce
========================================================================
    generate layer li_crossing_core, TYP = P, HPN = 0, FPN = 0, HEN = 0, FEN = 0

Time: cpu=0.00/0.19  real=0.00/0.19  Memory: 7.62/7.81/13.85



operation group: 479/1146
    CDR.li.1c:L262747 = INTE li_crossing_core -lt 0.17 -output region
========================================================================
    generate layer CDR.li.1c:L262747, TYP = P, HPN = 0, FPN = 0, HEN = 0, FEN = 0

Time: cpu=0.00/0.19  real=0.00/0.19  Memory: 7.62/7.81/13.85


    Rule Check CDR.li.1c finished, 0 error(s) reported.

Time: cpu=0.00/0.19  real=0.00/0.19  Memory: 7.62/7.81/13.85



operation group: 480/1146
    CDR.li.3a:L262748 = EXTE li_inside_core li1 -lt 0.14 -single_point -output region
========================================================================
    generate layer CDR.li.3a:L262748, TYP = P, HPN = 0, FPN = 0, HEN = 0, FEN = 0

Time: cpu=0.00/0.19  real=0.00/0.19  Memory: 7.62/7.81/13.85

    delete layer li_inside_core

    Rule Check CDR.li.3a finished, 0 error(s) reported.

Time: cpu=0.00/0.19  real=0.00/0.19  Memory: 7.62/7.81/13.85



operation group: 481/1146
    CDR.li.3b:L262749 = EXTE li_outside_core li1 -lt 0.17 -single_point -output region
========================================================================
    generate layer CDR.li.3b:L262749, TYP = P, HPN = 0, FPN = 0, HEN = 0, FEN = 0

Time: cpu=0.00/0.19  real=0.00/0.19  Memory: 7.62/7.81/13.85


    Rule Check CDR.li.3b finished, 0 error(s) reported.

Time: cpu=0.00/0.19  real=0.00/0.19  Memory: 7.62/7.81/13.85



operation group: 482/1146
    CDR.li.3c:L262750 = EXTE li_crossing_core li1 -lt 0.17 -single_point -output region
========================================================================
    generate layer CDR.li.3c:L262750, TYP = P, HPN = 0, FPN = 0, HEN = 0, FEN = 0

Time: cpu=0.00/0.19  real=0.00/0.19  Memory: 7.62/7.81/13.85

    delete layer li_crossing_core

    Rule Check CDR.li.3c finished, 0 error(s) reported.

Time: cpu=0.00/0.19  real=0.00/0.19  Memory: 7.62/7.81/13.85



operation group: 483/1146
    CDR.li.5:L262751 = RECT_ENC licon_notcore li1 -good 0 0.08 0 0.08
========================================================================
    generate layer CDR.li.5:L262751, TYP = P, HPN = 0, FPN = 0, HEN = 0, FEN = 0

Time: cpu=0.00/0.19  real=0.00/0.19  Memory: 7.62/7.81/13.85

    delete layer licon_notcore

    Rule Check CDR.li.5 finished, 0 error(s) reported.

Time: cpu=0.00/0.19  real=0.00/0.19  Memory: 7.62/7.81/13.85



operation group: 484/1146
    CDR.li.6:L262752 = AREA li_outside_core -lt 0.0561
========================================================================
    generate layer CDR.li.6:L262752, TYP = P, HPN = 0, FPN = 0, HEN = 0, FEN = 0

Time: cpu=0.00/0.19  real=0.00/0.19  Memory: 7.62/7.81/13.85

    delete layer li_outside_core

    Rule Check CDR.li.6 finished, 0 error(s) reported.

Time: cpu=0.00/0.19  real=0.00/0.19  Memory: 7.62/7.81/13.85



operation group: 485/1146
    CDR.li.7:L262755 = INTE li1_res -lt 0.29 -output region
========================================================================
    generate layer CDR.li.7:L262755, TYP = P, HPN = 0, FPN = 0, HEN = 0, FEN = 0

Time: cpu=0.00/0.19  real=0.00/0.19  Memory: 7.62/7.81/13.85


    Rule Check CDR.li.7 finished, 0 error(s) reported.

Time: cpu=0.00/0.19  real=0.00/0.19  Memory: 7.62/7.81/13.85



operation group: 486/1146
    CDR.mcon.1:L262756 = RECT_CHK mcon -ne 0.17 -orthogonal_only
========================================================================
    generate layer CDR.mcon.1:L262756, TYP = P, HPN = 0, FPN = 0, HEN = 0, FEN = 0

Time: cpu=0.00/0.19  real=0.00/0.19  Memory: 7.62/7.81/13.85


    Rule Check CDR.mcon.1 finished, 0 error(s) reported.

Time: cpu=0.00/0.19  real=0.00/0.19  Memory: 7.62/7.81/13.85



operation group: 487/1146
    CDR.mcon.2:L262757 = EXTE mcon -lt 0.19 -single_point -output region
========================================================================
    generate layer CDR.mcon.2:L262757, TYP = P, HPN = 0, FPN = 0, HEN = 0, FEN = 0

Time: cpu=0.00/0.19  real=0.00/0.19  Memory: 7.62/7.81/13.85


    Rule Check CDR.mcon.2 finished, 0 error(s) reported.

Time: cpu=0.00/0.19  real=0.00/0.19  Memory: 7.62/7.81/13.85



operation group: 488/1146
    mcon.core:_EPTMPL262758 = SELECT -cut mcon areaid.ce
========================================================================
    generate layer mcon.core:_EPTMPL262758, TYP = P, HPN = 0, FPN = 0, HEN = 0, FEN = 0

Time: cpu=0.00/0.19  real=0.00/0.19  Memory: 7.62/7.81/13.85



operation group: 489/1146
    mcon.core:L262759 = NOT mcon.core:_EPTMPL262758 areaid.ce
========================================================================
    generate layer mcon.core:L262759, TYP = P, HPN = 0, FPN = 0, HEN = 0, FEN = 0

Time: cpu=0.00/0.19  real=0.00/0.19  Memory: 7.62/7.81/13.85

    delete layer mcon.core:_EPTMPL262758

    Rule Check mcon.core finished, 0 error(s) reported.

Time: cpu=0.00/0.19  real=0.00/0.19  Memory: 7.62/7.81/13.85



operation group: 490/1146
    capm.1a:L262762 = NOT capm m3_dg
========================================================================
    generate layer capm.1a:L262762, TYP = P, HPN = 0, FPN = 0, HEN = 0, FEN = 0

Time: cpu=0.00/0.19  real=0.00/0.19  Memory: 7.62/7.81/13.85


    Rule Check capm.1a finished, 0 error(s) reported.

Time: cpu=0.00/0.19  real=0.00/0.19  Memory: 7.62/7.81/13.85



operation group: 491/1146
    capm.1b:L262763 = SELECT -outside capm m4_dg
========================================================================
    generate layer capm.1b:L262763, TYP = P, HPN = 0, FPN = 0, HEN = 0, FEN = 0

Time: cpu=0.00/0.19  real=0.00/0.19  Memory: 7.62/7.81/13.85


    Rule Check capm.1b finished, 0 error(s) reported.

Time: cpu=0.00/0.19  real=0.00/0.19  Memory: 7.62/7.81/13.85



operation group: 492/1146
    capm.2a:L262764 = SELECT -interact capm via3 -not
========================================================================
    generate layer capm.2a:L262764, TYP = P, HPN = 0, FPN = 0, HEN = 0, FEN = 0

Time: cpu=0.00/0.19  real=0.00/0.19  Memory: 7.62/7.81/13.85


    Rule Check capm.2a finished, 0 error(s) reported.

Time: cpu=0.00/0.19  real=0.00/0.19  Memory: 7.62/7.81/13.85



operation group: 493/1146
    capm.2b:L262765 = SELECT -enclose capm via3 -lt 2
========================================================================
    generate layer capm.2b:L262765, TYP = P, HPN = 0, FPN = 0, HEN = 0, FEN = 0

Time: cpu=0.00/0.19  real=0.00/0.19  Memory: 7.62/7.81/13.85


    Rule Check capm.2b finished, 0 error(s) reported.

Time: cpu=0.00/0.19  real=0.00/0.19  Memory: 7.62/7.81/13.85



operation group: 494/1146
    m3_bot_plate = AND met3 capm
========================================================================
    generate layer m3_bot_plate, TYP = P, HPN = 0, FPN = 0, HEN = 0, FEN = 0

Time: cpu=0.00/0.19  real=0.00/0.19  Memory: 7.62/7.81/13.85



operation group: 495/1146
    m3_capm_plate = SIZE m3_bot_plate -by 0.14
========================================================================
    generate layer m3_capm_plate, TYP = P, HPN = 0, FPN = 0, HEN = 0, FEN = 0

Time: cpu=0.00/0.19  real=0.00/0.19  Memory: 7.62/7.81/13.85

    delete layer m3_bot_plate


operation group: 496/1146
    capm.3a.possible = EXTE m3_capm_plate -lt 1.2 -output region
========================================================================
    generate layer capm.3a.possible, TYP = P, HPN = 0, FPN = 0, HEN = 0, FEN = 0

Time: cpu=0.00/0.19  real=0.00/0.19  Memory: 7.62/7.81/13.85

    delete layer m3_capm_plate


operation group: 497/1146
    capm.3a_part = SELECT -inside capm.3a.possible met3 -not
========================================================================
    generate layer capm.3a_part, TYP = P, HPN = 0, FPN = 0, HEN = 0, FEN = 0

Time: cpu=0.00/0.19  real=0.00/0.19  Memory: 7.61/7.81/13.85

    delete layer capm.3a.possible


operation group: 498/1146
    capm.3a_part2 = EXTE capm capm.3a_part -lt 0.145 -output region
========================================================================
    generate layer capm.3a_part2, TYP = P, HPN = 0, FPN = 0, HEN = 0, FEN = 0

Time: cpu=0.00/0.19  real=0.00/0.19  Memory: 7.61/7.81/13.85



operation group: 499/1146
    capm.3a:L262770 = OR capm.3a_part capm.3a_part2
========================================================================
    generate layer capm.3a:L262770, TYP = P, HPN = 0, FPN = 0, HEN = 0, FEN = 0

Time: cpu=0.00/0.19  real=0.00/0.19  Memory: 7.61/7.81/13.85

    delete layer capm.3a_part
    delete layer capm.3a_part2

    Rule Check capm.3a finished, 0 error(s) reported.

Time: cpu=0.00/0.19  real=0.00/0.19  Memory: 7.61/7.81/13.85



operation group: 500/1146
    CDR.capm.3c:L262782 = EXTE capm -lt 0.84 -abut lt 90 -single_point -output region
========================================================================
    generate layer CDR.capm.3c:L262782, TYP = P, HPN = 0, FPN = 0, HEN = 0, FEN = 0

Time: cpu=0.00/0.19  real=0.00/0.19  Memory: 7.61/7.81/13.85


    Rule Check CDR.capm.3c finished, 0 error(s) reported.

Time: cpu=0.00/0.19  real=0.00/0.19  Memory: 7.61/7.81/13.85



operation group: 501/1146
    CDR.capm.4:L262783 = INTE capm -lt 1 -abut lt 90 -single_point -output region
========================================================================
    generate layer CDR.capm.4:L262783, TYP = P, HPN = 0, FPN = 0, HEN = 0, FEN = 0

Time: cpu=0.00/0.19  real=0.00/0.19  Memory: 7.61/7.81/13.85


    Rule Check CDR.capm.4 finished, 0 error(s) reported.

Time: cpu=0.00/0.19  real=0.00/0.19  Memory: 7.61/7.81/13.85



operation group: 502/1146
    CDR.capm.5:L262784 = ENC capm m3_dg -lt 0.14 -measure all -abut lt 90 -single_point -output region
========================================================================
    generate layer CDR.capm.5:L262784, TYP = P, HPN = 0, FPN = 0, HEN = 0, FEN = 0

Time: cpu=0.00/0.19  real=0.00/0.19  Memory: 7.61/7.81/13.85


    Rule Check CDR.capm.5 finished, 0 error(s) reported.

Time: cpu=0.00/0.19  real=0.00/0.19  Memory: 7.61/7.81/13.85



operation group: 503/1146
    CDR.capm.6:L262785 = ENC via3 capm -lt 0.14 -measure all -abut lt 90 -single_point -output region
========================================================================
    generate layer CDR.capm.6:L262785, TYP = P, HPN = 0, FPN = 0, HEN = 0, FEN = 0

Time: cpu=0.00/0.19  real=0.00/0.19  Memory: 7.61/7.81/13.85


    Rule Check CDR.capm.6 finished, 0 error(s) reported.

Time: cpu=0.00/0.19  real=0.00/0.19  Memory: 7.66/7.84/13.85



operation group: 504/1146
    CDR.capm.7:L262786 = EXTE capm via3 -lt 0.14 -abut lt 90 -single_point -output region
========================================================================
    generate layer CDR.capm.7:L262786, TYP = P, HPN = 0, FPN = 0, HEN = 0, FEN = 0

Time: cpu=0.00/0.19  real=0.00/0.19  Memory: 7.66/7.84/13.85



operation group: 505/1146
    CDR.capm.7:L262787 = SELECT -touch via3 capm
========================================================================
    generate layer CDR.capm.7:L262787, TYP = P, HPN = 0, FPN = 0, HEN = 0, FEN = 0

Time: cpu=0.00/0.19  real=0.00/0.19  Memory: 7.66/7.84/13.85


    Rule Check CDR.capm.7 finished, 0 error(s) reported.

Time: cpu=0.00/0.19  real=0.00/0.19  Memory: 7.66/7.84/13.85



operation group: 506/1146
    capm.8a:L262788 = RECT_CHK capm -aspect gt 20
========================================================================
    generate layer capm.8a:L262788, TYP = P, HPN = 0, FPN = 0, HEN = 0, FEN = 0

Time: cpu=0.00/0.19  real=0.00/0.19  Memory: 7.66/7.84/13.85


    Rule Check capm.8a finished, 0 error(s) reported.

Time: cpu=0.00/0.19  real=0.00/0.19  Memory: 7.66/7.84/13.85



operation group: 507/1146
    capm.8b:L262789 = RECT_CHK capm -not
========================================================================
    generate layer capm.8b:L262789, TYP = P, HPN = 0, FPN = 0, HEN = 0, FEN = 0

Time: cpu=0.00/0.19  real=0.00/0.19  Memory: 7.66/7.84/13.85


    Rule Check capm.8b finished, 0 error(s) reported.

Time: cpu=0.00/0.19  real=0.00/0.19  Memory: 7.66/7.84/13.85



operation group: 508/1146
    capm.8c:L262790 = AREA capm -gt 1000000
========================================================================
    generate layer capm.8c:L262790, TYP = P, HPN = 0, FPN = 0, HEN = 0, FEN = 0

Time: cpu=0.00/0.19  real=0.00/0.19  Memory: 7.66/7.84/13.85


    Rule Check capm.8c finished, 0 error(s) reported.

Time: cpu=0.00/0.19  real=0.00/0.19  Memory: 7.66/7.84/13.85



operation group: 509/1146
    capm.9a:L262791 = EXTE capm via2 -lt 0.14 -abut lt 90 -single_point -output region
========================================================================
    generate layer capm.9a:L262791, TYP = P, HPN = 0, FPN = 0, HEN = 0, FEN = 0

Time: cpu=0.00/0.19  real=0.00/0.19  Memory: 7.66/7.84/13.85



operation group: 510/1146
    capm.9a:L262792 = SELECT -touch via2 capm
========================================================================
    generate layer capm.9a:L262792, TYP = P, HPN = 0, FPN = 0, HEN = 0, FEN = 0

Time: cpu=0.00/0.19  real=0.00/0.19  Memory: 7.66/7.84/13.85


    Rule Check capm.9a finished, 0 error(s) reported.

Time: cpu=0.00/0.19  real=0.00/0.19  Memory: 7.66/7.84/13.85



operation group: 511/1146
    capm.9b:L262793 = AND capm via2
========================================================================
    generate layer capm.9b:L262793, TYP = P, HPN = 0, FPN = 0, HEN = 0, FEN = 0

Time: cpu=0.00/0.19  real=0.00/0.19  Memory: 7.66/7.84/13.85


    Rule Check capm.9b finished, 0 error(s) reported.

Time: cpu=0.00/0.19  real=0.00/0.19  Memory: 7.66/7.84/13.85



operation group: 512/1146
    cap2m.1a:L262795 = NOT cap2m m4_dg
========================================================================
    generate layer cap2m.1a:L262795, TYP = P, HPN = 0, FPN = 0, HEN = 0, FEN = 0

Time: cpu=0.00/0.19  real=0.00/0.19  Memory: 7.66/7.84/13.85


    Rule Check cap2m.1a finished, 0 error(s) reported.

Time: cpu=0.00/0.19  real=0.00/0.19  Memory: 7.66/7.84/13.85



operation group: 513/1146
    cap2m.1b:L262796 = SELECT -outside cap2m m5_dg
========================================================================
    generate layer cap2m.1b:L262796, TYP = P, HPN = 0, FPN = 0, HEN = 0, FEN = 0

Time: cpu=0.00/0.19  real=0.00/0.19  Memory: 7.66/7.84/13.85


    Rule Check cap2m.1b finished, 0 error(s) reported.

Time: cpu=0.00/0.19  real=0.00/0.19  Memory: 7.66/7.84/13.85



operation group: 514/1146
    cap2m.2a:L262797 = SELECT -interact cap2m via4 -not
========================================================================
    generate layer cap2m.2a:L262797, TYP = P, HPN = 0, FPN = 0, HEN = 0, FEN = 0

Time: cpu=0.00/0.19  real=0.00/0.19  Memory: 7.66/7.84/13.85


    Rule Check cap2m.2a finished, 0 error(s) reported.

Time: cpu=0.00/0.19  real=0.00/0.19  Memory: 7.66/7.84/13.85



operation group: 515/1146
    cap2m.2b:L262798 = SELECT -enclose cap2m via4 -lt 2
========================================================================
    generate layer cap2m.2b:L262798, TYP = P, HPN = 0, FPN = 0, HEN = 0, FEN = 0

Time: cpu=0.00/0.19  real=0.00/0.19  Memory: 7.66/7.84/13.85


    Rule Check cap2m.2b finished, 0 error(s) reported.

Time: cpu=0.00/0.19  real=0.00/0.19  Memory: 7.66/7.84/13.85



operation group: 516/1146
    m4_bot_plate = AND met4 cap2m
========================================================================
    generate layer m4_bot_plate, TYP = P, HPN = 0, FPN = 0, HEN = 0, FEN = 0

Time: cpu=0.00/0.19  real=0.00/0.19  Memory: 7.66/7.84/13.85



operation group: 517/1146
    m4_cap2m_plate = SIZE m4_bot_plate -by 0.14
========================================================================
    generate layer m4_cap2m_plate, TYP = P, HPN = 0, FPN = 0, HEN = 0, FEN = 0

Time: cpu=0.00/0.19  real=0.00/0.19  Memory: 7.66/7.84/13.85

    delete layer m4_bot_plate


operation group: 518/1146
    cap2m.3a.possible = EXTE m4_cap2m_plate -lt 1.2 -output region
========================================================================
    generate layer cap2m.3a.possible, TYP = P, HPN = 0, FPN = 0, HEN = 0, FEN = 0

Time: cpu=0.00/0.19  real=0.00/0.19  Memory: 7.66/7.84/13.85

    delete layer m4_cap2m_plate


operation group: 519/1146
    cap2m.3a_part = SELECT -inside cap2m.3a.possible met4 -not
========================================================================
    generate layer cap2m.3a_part, TYP = P, HPN = 0, FPN = 0, HEN = 0, FEN = 0

Time: cpu=0.00/0.19  real=0.00/0.19  Memory: 7.66/7.84/13.85

    delete layer cap2m.3a.possible


operation group: 520/1146
    cap2m.3a_part2 = EXTE cap2m cap2m.3a_part -lt 0.145 -output region
========================================================================
    generate layer cap2m.3a_part2, TYP = P, HPN = 0, FPN = 0, HEN = 0, FEN = 0

Time: cpu=0.00/0.19  real=0.00/0.19  Memory: 7.66/7.84/13.85



operation group: 521/1146
    CDR.cap2m.3a:L262803 = OR cap2m.3a_part cap2m.3a_part2
========================================================================
    generate layer CDR.cap2m.3a:L262803, TYP = P, HPN = 0, FPN = 0, HEN = 0, FEN = 0

Time: cpu=0.00/0.19  real=0.00/0.19  Memory: 7.66/7.84/13.85

    delete layer cap2m.3a_part
    delete layer cap2m.3a_part2

    Rule Check CDR.cap2m.3a finished, 0 error(s) reported.

Time: cpu=0.00/0.19  real=0.00/0.19  Memory: 7.66/7.84/13.85



operation group: 522/1146
    CDR.cap2m.3c:L262815 = EXTE cap2m -lt 0.84 -abut lt 90 -single_point -output region
========================================================================
    generate layer CDR.cap2m.3c:L262815, TYP = P, HPN = 0, FPN = 0, HEN = 0, FEN = 0

Time: cpu=0.00/0.19  real=0.00/0.19  Memory: 7.66/7.84/13.85


    Rule Check CDR.cap2m.3c finished, 0 error(s) reported.

Time: cpu=0.00/0.19  real=0.00/0.19  Memory: 7.66/7.84/13.85



operation group: 523/1146
    CDR.cap2m.4:L262816 = INTE cap2m -lt 1 -abut lt 90 -single_point -output region
========================================================================
    generate layer CDR.cap2m.4:L262816, TYP = P, HPN = 0, FPN = 0, HEN = 0, FEN = 0

Time: cpu=0.00/0.19  real=0.00/0.19  Memory: 7.66/7.84/13.85


    Rule Check CDR.cap2m.4 finished, 0 error(s) reported.

Time: cpu=0.00/0.19  real=0.01/0.20  Memory: 7.66/7.84/13.85



operation group: 524/1146
    CDR.cap2m.5:L262817 = ENC cap2m m4_dg -lt 0.14 -measure all -abut lt 90 -single_point -output region
========================================================================
    generate layer CDR.cap2m.5:L262817, TYP = P, HPN = 0, FPN = 0, HEN = 0, FEN = 0

Time: cpu=0.00/0.19  real=0.00/0.20  Memory: 7.66/7.84/13.85


    Rule Check CDR.cap2m.5 finished, 0 error(s) reported.

Time: cpu=0.00/0.19  real=0.00/0.20  Memory: 7.66/7.84/13.85



operation group: 525/1146
    CDR.cap2m.6:L262818 = ENC via4 cap2m -lt 0.2 -measure all -abut lt 90 -single_point -output region
========================================================================
    generate layer CDR.cap2m.6:L262818, TYP = P, HPN = 0, FPN = 0, HEN = 0, FEN = 0

Time: cpu=0.00/0.19  real=0.00/0.20  Memory: 7.66/7.84/13.85


    Rule Check CDR.cap2m.6 finished, 0 error(s) reported.

Time: cpu=0.00/0.19  real=0.00/0.20  Memory: 7.66/7.84/13.85



operation group: 526/1146
    CDR.cap2m.7:L262819 = EXTE cap2m via4 -lt 0.2 -single_point -output region
========================================================================
    generate layer CDR.cap2m.7:L262819, TYP = P, HPN = 0, FPN = 0, HEN = 0, FEN = 0

Time: cpu=0.00/0.19  real=0.00/0.20  Memory: 7.66/7.84/13.85



operation group: 527/1146
    CDR.cap2m.7:L262820 = SELECT -touch via4 cap2m
========================================================================
    generate layer CDR.cap2m.7:L262820, TYP = P, HPN = 0, FPN = 0, HEN = 0, FEN = 0

Time: cpu=0.00/0.19  real=0.00/0.20  Memory: 7.66/7.84/13.85


    Rule Check CDR.cap2m.7 finished, 0 error(s) reported.

Time: cpu=0.00/0.19  real=0.00/0.20  Memory: 7.66/7.84/13.85



operation group: 528/1146
    cap2m.8a:L262821 = RECT_CHK cap2m -aspect gt 20
========================================================================
    generate layer cap2m.8a:L262821, TYP = P, HPN = 0, FPN = 0, HEN = 0, FEN = 0

Time: cpu=0.00/0.19  real=0.00/0.20  Memory: 7.66/7.84/13.85


    Rule Check cap2m.8a finished, 0 error(s) reported.

Time: cpu=0.00/0.19  real=0.00/0.20  Memory: 7.66/7.84/13.85



operation group: 529/1146
    cap2m.8b:L262822 = RECT_CHK cap2m -not
========================================================================
    generate layer cap2m.8b:L262822, TYP = P, HPN = 0, FPN = 0, HEN = 0, FEN = 0

Time: cpu=0.00/0.19  real=0.00/0.20  Memory: 7.66/7.84/13.85


    Rule Check cap2m.8b finished, 0 error(s) reported.

Time: cpu=0.00/0.19  real=0.00/0.20  Memory: 7.66/7.84/13.85



operation group: 530/1146
    cap2m.8c:L262823 = AREA cap2m -gt 1000000
========================================================================
    generate layer cap2m.8c:L262823, TYP = P, HPN = 0, FPN = 0, HEN = 0, FEN = 0

Time: cpu=0.00/0.19  real=0.00/0.20  Memory: 7.66/7.84/13.85


    Rule Check cap2m.8c finished, 0 error(s) reported.

Time: cpu=0.00/0.19  real=0.00/0.20  Memory: 7.66/7.84/13.85



operation group: 531/1146
    cap2m.9a:L262824 = EXTE cap2m via3 -lt 0.14 -single_point -output region
========================================================================
    generate layer cap2m.9a:L262824, TYP = P, HPN = 0, FPN = 0, HEN = 0, FEN = 0

Time: cpu=0.00/0.19  real=0.00/0.20  Memory: 7.66/7.84/13.85



operation group: 532/1146
    cap2m.9a:L262825 = SELECT -touch via3 cap2m
========================================================================
    generate layer cap2m.9a:L262825, TYP = P, HPN = 0, FPN = 0, HEN = 0, FEN = 0

Time: cpu=0.00/0.19  real=0.00/0.20  Memory: 7.66/7.84/13.85


    Rule Check cap2m.9a finished, 0 error(s) reported.

Time: cpu=0.00/0.19  real=0.00/0.20  Memory: 7.66/7.84/13.85



operation group: 533/1146
    cap2m.9b:_EPTMPL262826 = NOT via3 capm
========================================================================
    generate layer cap2m.9b:_EPTMPL262826, TYP = P, HPN = 0, FPN = 0, HEN = 0, FEN = 0

Time: cpu=0.00/0.19  real=0.00/0.20  Memory: 7.66/7.84/13.85



operation group: 534/1146
    cap2m.9b:L262827 = AND cap2m cap2m.9b:_EPTMPL262826
========================================================================
    generate layer cap2m.9b:L262827, TYP = P, HPN = 0, FPN = 0, HEN = 0, FEN = 0

Time: cpu=0.00/0.19  real=0.00/0.20  Memory: 7.66/7.84/13.85

    delete layer cap2m.9b:_EPTMPL262826

    Rule Check cap2m.9b finished, 0 error(s) reported.

Time: cpu=0.00/0.19  real=0.00/0.20  Memory: 7.66/7.84/13.85



operation group: 535/1146
    vpp.1:L262828 = INTE capacitor_in -lt 1.43 -single_point -output region
========================================================================
    generate layer vpp.1:L262828, TYP = P, HPN = 0, FPN = 0, HEN = 0, FEN = 0

Time: cpu=0.00/0.19  real=0.00/0.20  Memory: 7.66/7.84/13.85


    Rule Check vpp.1 finished, 0 error(s) reported.

Time: cpu=0.00/0.19  real=0.00/0.20  Memory: 7.66/7.84/13.85



operation group: 536/1146
    vpp.8:L262829 = ENC capacitor_in nwell -lt 1.5 -output region
========================================================================
    generate layer vpp.8:L262829, TYP = P, HPN = 0, FPN = 0, HEN = 0, FEN = 0

Time: cpu=0.00/0.19  real=0.00/0.20  Memory: 7.66/7.84/13.85


    Rule Check vpp.8 finished, 0 error(s) reported.

Time: cpu=0.00/0.19  real=0.00/0.20  Memory: 7.66/7.84/13.85



operation group: 537/1146
    vpp.9:L262830 = EXTE capacitor_in nwell -lt 1.5 -single_point -output region
========================================================================
    generate layer vpp.9:L262830, TYP = P, HPN = 0, FPN = 0, HEN = 0, FEN = 0

Time: cpu=0.00/0.19  real=0.00/0.20  Memory: 7.66/7.84/13.85


    Rule Check vpp.9 finished, 0 error(s) reported.

Time: cpu=0.00/0.19  real=0.00/0.20  Memory: 7.66/7.84/13.85



operation group: 538/1146
    vpp.13:met1_cap = AND met1 capacitor_in
========================================================================
    generate layer vpp.13:met1_cap, TYP = P, HPN = 0, FPN = 0, HEN = 0, FEN = 0

Time: cpu=0.00/0.19  real=0.00/0.20  Memory: 7.66/7.84/13.85



operation group: 539/1146
    vpp.13:met1_notcap = SELECT -outside met1 capacitor_in
========================================================================
    layer vpp.13:met1_notcap not generated, operation is dynamically optimized out.

Time: cpu=0.00/0.19  real=0.00/0.20  Memory: 7.66/7.84/13.85



operation group: 540/1146
    vpp.13:L262833 = EXTE vpp.13:met1_cap vpp.13:met1_notcap -lt 0.16 -single_point -output region
========================================================================
    generate layer vpp.13:L262833, TYP = P, HPN = 0, FPN = 0, HEN = 0, FEN = 0

Time: cpu=0.00/0.19  real=0.00/0.20  Memory: 7.66/7.84/13.85

    delete layer vpp.13:met1_cap
    delete layer vpp.13:met1_notcap

    Rule Check vpp.13 finished, 0 error(s) reported.

Time: cpu=0.00/0.19  real=0.00/0.20  Memory: 7.66/7.84/13.85



operation group: 541/1146
    vpp.14:met2_cap = AND met2 capacitor_in
========================================================================
    generate layer vpp.14:met2_cap, TYP = P, HPN = 0, FPN = 0, HEN = 0, FEN = 0

Time: cpu=0.00/0.19  real=0.00/0.20  Memory: 7.66/7.84/13.85



operation group: 542/1146
    vpp.14:met2_notcap = SELECT -outside met2 capacitor_in
========================================================================
    layer vpp.14:met2_notcap not generated, operation is dynamically optimized out.

Time: cpu=0.00/0.19  real=0.00/0.20  Memory: 7.66/7.84/13.85

    delete layer capacitor_in


operation group: 543/1146
    vpp.14:L262836 = EXTE vpp.14:met2_cap vpp.14:met2_notcap -lt 0.16 -single_point -output region
========================================================================
    generate layer vpp.14:L262836, TYP = P, HPN = 0, FPN = 0, HEN = 0, FEN = 0

Time: cpu=0.00/0.19  real=0.00/0.20  Memory: 7.66/7.84/13.85

    delete layer vpp.14:met2_cap
    delete layer vpp.14:met2_notcap

    Rule Check vpp.14 finished, 0 error(s) reported.

Time: cpu=0.00/0.19  real=0.00/0.20  Memory: 7.66/7.84/13.85



operation group: 544/1146
    CDR.m1.1:L262837 = INTE m1_dg -lt 0.14 -output region
========================================================================
    generate layer CDR.m1.1:L262837, TYP = P, HPN = 0, FPN = 0, HEN = 0, FEN = 0

Time: cpu=0.00/0.19  real=0.00/0.20  Memory: 7.66/7.84/13.88


    Rule Check CDR.m1.1 finished, 0 error(s) reported.

Time: cpu=0.00/0.19  real=0.00/0.20  Memory: 7.66/7.84/13.88



operation group: 545/1146
    CDR.m1.2:L262838 = EXTE m1_dg -lt 0.14 -single_point -output region
========================================================================
    generate layer CDR.m1.2:L262838, TYP = P, HPN = 0, FPN = 0, HEN = 0, FEN = 0

Time: cpu=0.00/0.19  real=0.00/0.20  Memory: 7.66/7.84/13.88


    Rule Check CDR.m1.2 finished, 0 error(s) reported.

Time: cpu=0.00/0.19  real=0.00/0.20  Memory: 7.65/7.84/13.88



operation group: 546/1146
    huge_met1 = WITH_WIDTH met1 -gt 3
========================================================================
    generate layer huge_met1, TYP = P, HPN = 0, FPN = 0, HEN = 0, FEN = 0

Time: cpu=0.00/0.19  real=0.00/0.20  Memory: 7.66/7.84/13.88



operation group: 547/1146
    met1_not_huge = NOT m1_dg huge_met1
========================================================================
    layer met1_not_huge not generated, operation is dynamically optimized out.

Time: cpu=0.00/0.19  real=0.00/0.20  Memory: 7.66/7.84/13.88



operation group: 548/1146
    huge_met1_028 = SIZE huge_met1 -by 0.28 -inside_of m1_dg
========================================================================
    generate layer huge_met1_028, TYP = P, HPN = 0, FPN = 0, HEN = 0, FEN = 0

Time: cpu=0.00/0.19  real=0.00/0.20  Memory: 7.66/7.84/13.88



operation group: 549/1146
    met1_huge_and = AND met1_not_huge huge_met1_028
========================================================================
    generate layer met1_huge_and, TYP = P, HPN = 0, FPN = 0, HEN = 0, FEN = 0

Time: cpu=0.00/0.19  real=0.00/0.20  Memory: 7.66/7.84/13.88

    delete layer met1_not_huge
    delete layer huge_met1_028


operation group: 550/1146
    met1_touching_huge = SELECT -touch met1_huge_and huge_met1
========================================================================
    generate layer met1_touching_huge, TYP = P, HPN = 0, FPN = 0, HEN = 0, FEN = 0

Time: cpu=0.00/0.19  real=0.00/0.20  Memory: 7.65/7.84/13.88

    delete layer met1_huge_and


operation group: 551/1146
    CDRW.m1.3a:L262843 = EXTE met1_touching_huge m1_dg -lt 0.28 -single_point -output region
========================================================================
    generate layer CDRW.m1.3a:L262843, TYP = P, HPN = 0, FPN = 0, HEN = 0, FEN = 0

Time: cpu=0.00/0.19  real=0.00/0.20  Memory: 7.65/7.84/13.88

    delete layer met1_touching_huge

    Rule Check CDRW.m1.3a finished, 0 error(s) reported.

Time: cpu=0.00/0.19  real=0.00/0.20  Memory: 7.65/7.84/13.88



operation group: 552/1146
    CDRW.m1.3b:L262844 = EXTE huge_met1 m1_dg -lt 0.28 -single_point -output region
========================================================================
    generate layer CDRW.m1.3b:L262844, TYP = P, HPN = 0, FPN = 0, HEN = 0, FEN = 0

Time: cpu=0.00/0.19  real=0.00/0.20  Memory: 7.65/7.84/13.88

    delete layer huge_met1

    Rule Check CDRW.m1.3b finished, 0 error(s) reported.

Time: cpu=0.00/0.19  real=0.00/0.20  Memory: 7.65/7.84/13.88



operation group: 553/1146
    mcon_notcore = NOT mcon areaid.ce
========================================================================
    generate layer mcon_notcore, TYP = P, HPN = 220, FPN = 538, HEN = 880, FEN = 2152

Time: cpu=0.00/0.19  real=0.00/0.20  Memory: 7.65/7.84/13.88



operation group: 554/1146
    CDR.m1.4:L262849 = ENC mcon_notcore m1_dg -lt 0.03 -output region
========================================================================
    generate layer CDR.m1.4:L262849, TYP = P, HPN = 0, FPN = 0, HEN = 0, FEN = 0

Time: cpu=0.00/0.19  real=0.00/0.20  Memory: 7.65/7.84/13.88



operation group: 555/1146
    CDR.m1.4:L262850 = EDGE_SELECT mcon_notcore met1 -coincident_only
========================================================================
    generate layer CDR.m1.4:L262850, TYP = E, HPN = 0, FPN = 0, HEN = 0, FEN = 0

Time: cpu=0.01/0.20  real=0.01/0.20  Memory: 7.65/7.84/13.88


    Rule Check CDR.m1.4 finished, 0 error(s) reported.

Time: cpu=0.00/0.20  real=0.00/0.20  Memory: 7.65/7.84/13.88



operation group: 556/1146
    mcon_core = AND mcon areaid.ce
========================================================================
    generate layer mcon_core, TYP = P, HPN = 0, FPN = 0, HEN = 0, FEN = 0

Time: cpu=0.00/0.20  real=0.00/0.20  Memory: 7.65/7.84/13.88



operation group: 557/1146
    CDR.m1.4a:L262851 = ENC mcon_core m1_dg -lt 0.005 -output region
========================================================================
    generate layer CDR.m1.4a:L262851, TYP = P, HPN = 0, FPN = 0, HEN = 0, FEN = 0

Time: cpu=0.00/0.20  real=0.00/0.20  Memory: 7.65/7.84/13.88



operation group: 558/1146
    CDR.m1.4a:L262852 = EDGE_SELECT mcon_core m1_dg -coincident_only
========================================================================
    generate layer CDR.m1.4a:L262852, TYP = E, HPN = 0, FPN = 0, HEN = 0, FEN = 0

Time: cpu=0.00/0.20  real=0.00/0.20  Memory: 7.65/7.84/13.88

    delete layer mcon_core

    Rule Check CDR.m1.4a finished, 0 error(s) reported.

Time: cpu=0.00/0.20  real=0.00/0.20  Memory: 7.65/7.84/13.88



operation group: 559/1146
    CDR.m1.5:L262853 = RECT_ENC mcon_notcore m1_dg -good 0.06 0 0.06 0
========================================================================
    generate layer CDR.m1.5:L262853, TYP = P, HPN = 0, FPN = 0, HEN = 0, FEN = 0

Time: cpu=0.00/0.20  real=0.01/0.21  Memory: 7.65/7.84/13.88

    delete layer mcon_notcore

    Rule Check CDR.m1.5 finished, 0 error(s) reported.

Time: cpu=0.00/0.20  real=0.00/0.21  Memory: 7.65/7.84/13.88



operation group: 560/1146
    CDR.m1.6:L262854 = AREA m1_dg -lt 0.083
========================================================================
    generate layer CDR.m1.6:L262854, TYP = P, HPN = 0, FPN = 0, HEN = 0, FEN = 0

Time: cpu=0.00/0.20  real=0.00/0.21  Memory: 7.65/7.84/13.88


    Rule Check CDR.m1.6 finished, 0 error(s) reported.

Time: cpu=0.00/0.20  real=0.00/0.21  Memory: 7.65/7.84/13.88



operation group: 561/1146
    CDR.m1.7:m1.7_a = HOLES m1_dg
========================================================================
    generate layer CDR.m1.7:m1.7_a, TYP = P, HPN = 49, FPN = 122, HEN = 500, FEN = 792

Time: cpu=0.00/0.20  real=0.00/0.21  Memory: 7.65/7.84/13.88



operation group: 562/1146
    CDR.m1.7:L262856 = AREA CDR.m1.7:m1.7_a -lt 0.14
========================================================================
    generate layer CDR.m1.7:L262856, TYP = P, HPN = 0, FPN = 0, HEN = 0, FEN = 0

Time: cpu=0.01/0.21  real=0.01/0.21  Memory: 7.65/7.84/13.88

    delete layer CDR.m1.7:m1.7_a

    Rule Check CDR.m1.7 finished, 0 error(s) reported.

Time: cpu=0.00/0.21  real=0.00/0.21  Memory: 7.65/7.84/13.88



operation group: 563/1146
    via1.insideSR = SELECT -inside via1 SEALID
========================================================================
    generate layer via1.insideSR, TYP = P, HPN = 0, FPN = 0, HEN = 0, FEN = 0

Time: cpu=0.00/0.21  real=0.00/0.21  Memory: 7.65/7.84/13.88



operation group: 564/1146
    via1.3:L262862 = RECT_CHK via1.insideSR -eq 0.2 -not
========================================================================
    generate layer via1.3:L262862, TYP = P, HPN = 0, FPN = 0, HEN = 0, FEN = 0

Time: cpu=0.00/0.21  real=0.00/0.21  Memory: 7.65/7.84/13.88


    Rule Check via1.3 finished, 0 error(s) reported.

Time: cpu=0.00/0.21  real=0.00/0.21  Memory: 7.65/7.84/13.88



operation group: 565/1146
    via1_mt = SELECT -inside via1 areaid.mt
========================================================================
    generate layer via1_mt, TYP = P, HPN = 0, FPN = 0, HEN = 0, FEN = 0

Time: cpu=0.00/0.21  real=0.00/0.21  Memory: 7.65/7.84/13.88



operation group: 566/1146
    via1_not_mt = NOT via1 via1_mt
========================================================================
    generate layer via1_not_mt, TYP = P, HPN = 7, FPN = 7, HEN = 28, FEN = 28

Time: cpu=0.00/0.21  real=0.00/0.21  Memory: 7.65/7.84/13.88



operation group: 567/1146
    via1_neither = NOT via1_not_mt via1.insideSR
========================================================================
    generate layer via1_neither, TYP = P, HPN = 7, FPN = 7, HEN = 28, FEN = 28

Time: cpu=0.00/0.21  real=0.00/0.21  Memory: 7.65/7.84/13.88

    delete layer via1.insideSR


operation group: 568/1146
    via1.1a:L262863 = RECT_CHK via1_neither -eq 0.15 -not -by eq 0.15 -orthogonal_only
========================================================================
    generate layer via1.1a:L262863, TYP = P, HPN = 0, FPN = 0, HEN = 0, FEN = 0

Time: cpu=0.00/0.21  real=0.00/0.21  Memory: 7.65/7.84/13.88

    delete layer via1_neither

    Rule Check via1.1a finished, 0 error(s) reported.

Time: cpu=0.00/0.21  real=0.00/0.21  Memory: 7.65/7.84/13.88



operation group: 569/1146
    via1.1b:via1.not15 = RECT_CHK via1_mt -eq 0.15 -not -by eq 0.15 -orthogonal_only
========================================================================
    generate layer via1.1b:via1.not15, TYP = P, HPN = 0, FPN = 0, HEN = 0, FEN = 0

Time: cpu=0.00/0.21  real=0.00/0.21  Memory: 7.65/7.84/13.88



operation group: 570/1146
    via1.1b:via1.not15_23 = RECT_CHK via1.1b:via1.not15 -eq 0.23 -not -by eq 0.23 -orthogonal_only
========================================================================
    generate layer via1.1b:via1.not15_23, TYP = P, HPN = 0, FPN = 0, HEN = 0, FEN = 0

Time: cpu=0.00/0.21  real=0.00/0.21  Memory: 7.65/7.84/13.88

    delete layer via1.1b:via1.not15


operation group: 571/1146
    via1.1b:L262866 = RECT_CHK via1.1b:via1.not15_23 -eq 0.28 -not -by eq 0.28 -orthogonal_only
========================================================================
    generate layer via1.1b:L262866, TYP = P, HPN = 0, FPN = 0, HEN = 0, FEN = 0

Time: cpu=0.00/0.21  real=0.00/0.21  Memory: 7.65/7.84/13.88

    delete layer via1.1b:via1.not15_23

    Rule Check via1.1b finished, 0 error(s) reported.

Time: cpu=0.00/0.21  real=0.00/0.21  Memory: 7.65/7.84/13.88



operation group: 572/1146
    CDR.via1.2:L262867 = EXTE via1 -lt 0.17 -single_point -output region
========================================================================
    generate layer CDR.via1.2:L262867, TYP = P, HPN = 0, FPN = 0, HEN = 0, FEN = 0

Time: cpu=0.00/0.21  real=0.00/0.21  Memory: 7.65/7.84/13.88


    Rule Check CDR.via1.2 finished, 0 error(s) reported.

Time: cpu=0.00/0.21  real=0.00/0.21  Memory: 7.65/7.84/13.88



operation group: 573/1146
    CDR.via1.4a:L262868 = ENC via1_not_mt met1 -lt 0.055 -output region
========================================================================
    generate layer CDR.via1.4a:L262868, TYP = P, HPN = 0, FPN = 0, HEN = 0, FEN = 0

Time: cpu=0.00/0.21  real=0.00/0.21  Memory: 7.65/7.84/13.88



operation group: 574/1146
    CDR.via1.4a:L262869 = EDGE_SELECT via1_not_mt met1 -coincident_only
========================================================================
    generate layer CDR.via1.4a:L262869, TYP = E, HPN = 0, FPN = 0, HEN = 0, FEN = 0

Time: cpu=0.00/0.21  real=0.00/0.21  Memory: 7.65/7.84/13.88

    delete layer via1_not_mt

    Rule Check CDR.via1.4a finished, 0 error(s) reported.

Time: cpu=0.00/0.21  real=0.00/0.21  Memory: 7.65/7.84/13.88



operation group: 575/1146
    via1.4b:via1.4b_a = RECT_CHK via1_mt -eq 0.23 -orthogonal_only
========================================================================
    generate layer via1.4b:via1.4b_a, TYP = P, HPN = 0, FPN = 0, HEN = 0, FEN = 0

Time: cpu=0.00/0.21  real=0.00/0.21  Memory: 7.65/7.84/13.88

    delete layer via1_mt


operation group: 576/1146
    via1.4b:L262871 = ENC via1.4b:via1.4b_a met1 -lt 0.03 -outside_also -output region
========================================================================
    generate layer via1.4b:L262871, TYP = P, HPN = 0, FPN = 0, HEN = 0, FEN = 0

Time: cpu=0.00/0.21  real=0.00/0.21  Memory: 7.65/7.84/13.88

    delete layer via1.4b:via1.4b_a

    Rule Check via1.4b finished, 0 error(s) reported.

Time: cpu=0.00/0.21  real=0.00/0.21  Memory: 7.65/7.84/13.88



operation group: 577/1146
    CDR.via1.5a:via1.5a_a = RECT_CHK via1 -eq 0.15 -orthogonal_only
========================================================================
    generate layer CDR.via1.5a:via1.5a_a, TYP = P, HPN = 7, FPN = 7, HEN = 28, FEN = 28

Time: cpu=0.00/0.21  real=0.00/0.21  Memory: 7.65/7.84/13.88



operation group: 578/1146
    CDR.via1.5a:L262873 = RECT_ENC CDR.via1.5a:via1.5a_a met1 -good 0.085 0 0.085 0
========================================================================
    generate layer CDR.via1.5a:L262873, TYP = P, HPN = 0, FPN = 0, HEN = 0, FEN = 0

Time: cpu=0.00/0.21  real=0.01/0.22  Memory: 7.65/7.84/13.88

    delete layer CDR.via1.5a:via1.5a_a

    Rule Check CDR.via1.5a finished, 0 error(s) reported.

Time: cpu=0.00/0.21  real=0.00/0.22  Memory: 7.65/7.84/13.88



operation group: 579/1146
    via1.5b:via1.5b_a = RECT_CHK via1 -eq 0.23 -orthogonal_only
========================================================================
    generate layer via1.5b:via1.5b_a, TYP = P, HPN = 0, FPN = 0, HEN = 0, FEN = 0

Time: cpu=0.00/0.21  real=0.00/0.22  Memory: 7.65/7.84/13.88



operation group: 580/1146
    via1.5b:L262875 = RECT_ENC via1.5b:via1.5b_a met1 -good 0.085 0 0.085 0
========================================================================
    generate layer via1.5b:L262875, TYP = P, HPN = 0, FPN = 0, HEN = 0, FEN = 0

Time: cpu=0.00/0.21  real=0.00/0.22  Memory: 7.65/7.84/13.88

    delete layer via1.5b:via1.5b_a

    Rule Check via1.5b finished, 0 error(s) reported.

Time: cpu=0.00/0.21  real=0.00/0.22  Memory: 7.65/7.84/13.88



operation group: 581/1146
    CDR.m2.1:L262876 = INTE m2_dg -lt 0.14 -output region
========================================================================
    generate layer CDR.m2.1:L262876, TYP = P, HPN = 0, FPN = 0, HEN = 0, FEN = 0

Time: cpu=0.00/0.21  real=0.00/0.22  Memory: 7.65/7.84/13.88


    Rule Check CDR.m2.1 finished, 0 error(s) reported.

Time: cpu=0.00/0.21  real=0.00/0.22  Memory: 7.65/7.84/13.88



operation group: 582/1146
    CDR.m2.2:L262877 = EXTE m2_dg -lt 0.14 -single_point -output region
========================================================================
    generate layer CDR.m2.2:L262877, TYP = P, HPN = 0, FPN = 0, HEN = 0, FEN = 0

Time: cpu=0.00/0.21  real=0.00/0.22  Memory: 7.65/7.84/13.88


    Rule Check CDR.m2.2 finished, 0 error(s) reported.

Time: cpu=0.00/0.21  real=0.00/0.22  Memory: 7.65/7.84/13.88



operation group: 583/1146
    huge_met2 = WITH_WIDTH met2 -gt 3
========================================================================
    generate layer huge_met2, TYP = P, HPN = 0, FPN = 0, HEN = 0, FEN = 0

Time: cpu=0.00/0.21  real=0.00/0.22  Memory: 7.65/7.84/13.88



operation group: 584/1146
    met2_not_huge = NOT m2_dg huge_met2
========================================================================
    layer met2_not_huge not generated, operation is dynamically optimized out.

Time: cpu=0.00/0.21  real=0.00/0.22  Memory: 7.65/7.84/13.88



operation group: 585/1146
    huge_met2_028 = SIZE huge_met2 -by 0.28 -inside_of m2_dg
========================================================================
    generate layer huge_met2_028, TYP = P, HPN = 0, FPN = 0, HEN = 0, FEN = 0

Time: cpu=0.00/0.21  real=0.00/0.22  Memory: 7.65/7.84/13.88



operation group: 586/1146
    met2_huge_and = AND met2_not_huge huge_met2_028
========================================================================
    generate layer met2_huge_and, TYP = P, HPN = 0, FPN = 0, HEN = 0, FEN = 0

Time: cpu=0.00/0.21  real=0.00/0.22  Memory: 7.65/7.84/13.88

    delete layer met2_not_huge
    delete layer huge_met2_028


operation group: 587/1146
    met2_touching_huge = SELECT -touch met2_huge_and huge_met2
========================================================================
    generate layer met2_touching_huge, TYP = P, HPN = 0, FPN = 0, HEN = 0, FEN = 0

Time: cpu=0.00/0.21  real=0.00/0.22  Memory: 7.65/7.84/13.88

    delete layer met2_huge_and


operation group: 588/1146
    CDRW.m2.3a:L262882 = EXTE met2_touching_huge m2_dg -lt 0.28 -single_point -output region
========================================================================
    generate layer CDRW.m2.3a:L262882, TYP = P, HPN = 0, FPN = 0, HEN = 0, FEN = 0

Time: cpu=0.00/0.21  real=0.00/0.22  Memory: 7.65/7.84/13.88

    delete layer met2_touching_huge

    Rule Check CDRW.m2.3a finished, 0 error(s) reported.

Time: cpu=0.00/0.21  real=0.00/0.22  Memory: 7.65/7.84/13.88



operation group: 589/1146
    CDRW.m2.3b:L262883 = EXTE huge_met2 m2_dg -lt 0.28 -single_point -output region
========================================================================
    generate layer CDRW.m2.3b:L262883, TYP = P, HPN = 0, FPN = 0, HEN = 0, FEN = 0

Time: cpu=0.00/0.21  real=0.00/0.22  Memory: 7.65/7.84/13.88

    delete layer huge_met2

    Rule Check CDRW.m2.3b finished, 0 error(s) reported.

Time: cpu=0.00/0.21  real=0.00/0.22  Memory: 7.65/7.84/13.88



operation group: 590/1146
    CDR.m2.4a:_EPTMPL262884 = NOT via1 areaid.ce
========================================================================
    generate layer CDR.m2.4a:_EPTMPL262884, TYP = P, HPN = 7, FPN = 7, HEN = 28, FEN = 28

Time: cpu=0.00/0.21  real=0.00/0.22  Memory: 7.65/7.84/13.88



operation group: 591/1146
    CDR.m2.4a:L262885 = ENC CDR.m2.4a:_EPTMPL262884 m2_dg -lt 0.055 -output region
========================================================================
    generate layer CDR.m2.4a:L262885, TYP = P, HPN = 0, FPN = 0, HEN = 0, FEN = 0

Time: cpu=0.00/0.21  real=0.00/0.22  Memory: 7.65/7.84/13.88



operation group: 592/1146
    CDR.m2.4a:L262887 = EDGE_SELECT CDR.m2.4a:_EPTMPL262884 m2_dg -coincident_only
========================================================================
    generate layer CDR.m2.4a:L262887, TYP = E, HPN = 0, FPN = 0, HEN = 0, FEN = 0

Time: cpu=0.00/0.21  real=0.00/0.22  Memory: 7.65/7.84/13.88


    Rule Check CDR.m2.4a finished, 0 error(s) reported.

Time: cpu=0.00/0.21  real=0.00/0.22  Memory: 7.65/7.84/13.88



operation group: 593/1146
    CDR.m2.4b:_EPTMPL262888 = AND via1 areaid.ce
========================================================================
    generate layer CDR.m2.4b:_EPTMPL262888, TYP = P, HPN = 0, FPN = 0, HEN = 0, FEN = 0

Time: cpu=0.00/0.21  real=0.00/0.22  Memory: 7.65/7.84/13.88



operation group: 594/1146
    CDR.m2.4b:L262889 = ENC CDR.m2.4b:_EPTMPL262888 met2 -lt 0.045 -output region
========================================================================
    generate layer CDR.m2.4b:L262889, TYP = P, HPN = 0, FPN = 0, HEN = 0, FEN = 0

Time: cpu=0.00/0.21  real=0.00/0.22  Memory: 7.65/7.84/13.88



operation group: 595/1146
    CDR.m2.4b:L262891 = EDGE_SELECT CDR.m2.4b:_EPTMPL262888 m2_dg -coincident_only
========================================================================
    generate layer CDR.m2.4b:L262891, TYP = E, HPN = 0, FPN = 0, HEN = 0, FEN = 0

Time: cpu=0.00/0.21  real=0.00/0.22  Memory: 7.65/7.84/13.88

    delete layer CDR.m2.4b:_EPTMPL262888

    Rule Check CDR.m2.4b finished, 0 error(s) reported.

Time: cpu=0.00/0.21  real=0.00/0.22  Memory: 7.65/7.84/13.88



operation group: 596/1146
    CDR.m2.5:L262893 = RECT_ENC CDR.m2.4a:_EPTMPL262884 m2_dg -good 0.085 0 0.085 0
========================================================================
    generate layer CDR.m2.5:L262893, TYP = P, HPN = 0, FPN = 0, HEN = 0, FEN = 0

Time: cpu=0.00/0.21  real=0.00/0.22  Memory: 7.65/7.84/13.88

    delete layer CDR.m2.4a:_EPTMPL262884

    Rule Check CDR.m2.5 finished, 0 error(s) reported.

Time: cpu=0.00/0.21  real=0.00/0.22  Memory: 7.65/7.84/13.88



operation group: 597/1146
    CDR.m2.6:L262894 = AREA m2_dg -lt 0.067
========================================================================
    generate layer CDR.m2.6:L262894, TYP = P, HPN = 0, FPN = 0, HEN = 0, FEN = 0

Time: cpu=0.00/0.21  real=0.00/0.22  Memory: 7.65/7.84/13.88


    Rule Check CDR.m2.6 finished, 0 error(s) reported.

Time: cpu=0.00/0.21  real=0.00/0.22  Memory: 7.65/7.84/13.88



operation group: 598/1146
    CDR.m2.7:m2.7_a = HOLES m2_dg
========================================================================
    generate layer CDR.m2.7:m2.7_a, TYP = P, HPN = 0, FPN = 0, HEN = 0, FEN = 0

Time: cpu=0.01/0.22  real=0.01/0.23  Memory: 7.65/7.84/13.88



operation group: 599/1146
    CDR.m2.7:L262896 = AREA CDR.m2.7:m2.7_a -lt 0.14
========================================================================
    generate layer CDR.m2.7:L262896, TYP = P, HPN = 0, FPN = 0, HEN = 0, FEN = 0

Time: cpu=0.00/0.22  real=0.00/0.23  Memory: 7.65/7.84/13.88

    delete layer CDR.m2.7:m2.7_a

    Rule Check CDR.m2.7 finished, 0 error(s) reported.

Time: cpu=0.00/0.22  real=0.00/0.23  Memory: 7.65/7.84/13.88



operation group: 600/1146
    via2.areaid.mt = SELECT -inside via2 areaid.mt
========================================================================
    generate layer via2.areaid.mt, TYP = P, HPN = 0, FPN = 0, HEN = 0, FEN = 0

Time: cpu=0.00/0.22  real=0.00/0.23  Memory: 7.65/7.84/13.88



operation group: 601/1146
    via2.not_areaid.mt = NOT via2 via2.areaid.mt
========================================================================
    generate layer via2.not_areaid.mt, TYP = P, HPN = 0, FPN = 0, HEN = 0, FEN = 0

Time: cpu=0.00/0.22  real=0.00/0.23  Memory: 7.65/7.84/13.88



operation group: 602/1146
    via2.insideSR = SELECT -inside via2 SEALID
========================================================================
    generate layer via2.insideSR, TYP = P, HPN = 0, FPN = 0, HEN = 0, FEN = 0

Time: cpu=0.00/0.22  real=0.00/0.23  Memory: 7.65/7.84/13.88



operation group: 603/1146
    via2_neither = NOT via2.not_areaid.mt via2.insideSR
========================================================================
    generate layer via2_neither, TYP = P, HPN = 0, FPN = 0, HEN = 0, FEN = 0

Time: cpu=0.00/0.22  real=0.00/0.23  Memory: 7.65/7.84/13.88

    delete layer via2.not_areaid.mt


operation group: 604/1146
    CDR.via2.1a:L262902 = RECT_CHK via2_neither -eq 0.2 -not -by eq 0.2 -orthogonal_only
========================================================================
    generate layer CDR.via2.1a:L262902, TYP = P, HPN = 0, FPN = 0, HEN = 0, FEN = 0

Time: cpu=0.00/0.22  real=0.00/0.23  Memory: 7.65/7.84/13.88

    delete layer via2_neither

    Rule Check CDR.via2.1a finished, 0 error(s) reported.

Time: cpu=0.01/0.23  real=0.01/0.23  Memory: 7.65/7.84/13.88



operation group: 605/1146
    via2.1d:via2.1d_b = RECT_CHK via2.areaid.mt -eq 0.2 -not -by eq 0.2 -orthogonal_only
========================================================================
    generate layer via2.1d:via2.1d_b, TYP = P, HPN = 0, FPN = 0, HEN = 0, FEN = 0

Time: cpu=0.00/0.23  real=0.00/0.23  Memory: 7.65/7.84/13.88



operation group: 606/1146
    via2.1d:via2.1d_c = RECT_CHK via2.1d:via2.1d_b -eq 0.28 -not -by eq 0.28 -orthogonal_only
========================================================================
    generate layer via2.1d:via2.1d_c, TYP = P, HPN = 0, FPN = 0, HEN = 0, FEN = 0

Time: cpu=0.00/0.23  real=0.00/0.23  Memory: 7.65/7.84/13.88

    delete layer via2.1d:via2.1d_b


operation group: 607/1146
    via2.1d:via2.1d_d = RECT_CHK via2.1d:via2.1d_c -eq 1.2 -not -by eq 1.2 -orthogonal_only
========================================================================
    generate layer via2.1d:via2.1d_d, TYP = P, HPN = 0, FPN = 0, HEN = 0, FEN = 0

Time: cpu=0.00/0.23  real=0.00/0.23  Memory: 7.65/7.84/13.88

    delete layer via2.1d:via2.1d_c


operation group: 608/1146
    via2.1d:L262906 = RECT_CHK via2.1d:via2.1d_d -eq 1.5 -not -by eq 1.5 -orthogonal_only
========================================================================
    generate layer via2.1d:L262906, TYP = P, HPN = 0, FPN = 0, HEN = 0, FEN = 0

Time: cpu=0.00/0.23  real=0.00/0.23  Memory: 7.65/7.84/13.88

    delete layer via2.1d:via2.1d_d

    Rule Check via2.1d finished, 0 error(s) reported.

Time: cpu=0.00/0.23  real=0.00/0.23  Memory: 7.65/7.84/13.88



operation group: 609/1146
    CDR.via2.2:L262907 = EXTE via2 -lt 0.2 -single_point -output region
========================================================================
    generate layer CDR.via2.2:L262907, TYP = P, HPN = 0, FPN = 0, HEN = 0, FEN = 0

Time: cpu=0.00/0.23  real=0.00/0.23  Memory: 7.65/7.84/13.88


    Rule Check CDR.via2.2 finished, 0 error(s) reported.

Time: cpu=0.00/0.23  real=0.00/0.23  Memory: 7.65/7.84/13.88



operation group: 610/1146
    via2.3:L262908 = RECT_CHK via2.insideSR -eq 0.2 -not
========================================================================
    generate layer via2.3:L262908, TYP = P, HPN = 0, FPN = 0, HEN = 0, FEN = 0

Time: cpu=0.00/0.23  real=0.00/0.23  Memory: 7.65/7.84/13.88

    delete layer via2.insideSR

    Rule Check via2.3 finished, 0 error(s) reported.

Time: cpu=0.00/0.23  real=0.00/0.23  Memory: 7.65/7.84/13.88



operation group: 611/1146
    CDR.via2.4:L262909 = ENC via2 met2 -lt 0.04 -output region
========================================================================
    generate layer CDR.via2.4:L262909, TYP = P, HPN = 0, FPN = 0, HEN = 0, FEN = 0

Time: cpu=0.00/0.23  real=0.00/0.23  Memory: 7.65/7.84/13.88



operation group: 612/1146
    CDR.via2.4:L262910 = EDGE_SELECT via2 met2 -coincident_only
========================================================================
    generate layer CDR.via2.4:L262910, TYP = E, HPN = 0, FPN = 0, HEN = 0, FEN = 0

Time: cpu=0.00/0.23  real=0.00/0.23  Memory: 7.65/7.84/13.88


    Rule Check CDR.via2.4 finished, 0 error(s) reported.

Time: cpu=0.00/0.23  real=0.00/0.23  Memory: 7.65/7.84/13.88



operation group: 613/1146
    via2.4a:via2.4b_a = RECT_CHK via2.areaid.mt -eq 1.5 -orthogonal_only
========================================================================
    generate layer via2.4a:via2.4b_a, TYP = P, HPN = 0, FPN = 0, HEN = 0, FEN = 0

Time: cpu=0.00/0.23  real=0.00/0.23  Memory: 7.65/7.84/13.88

    delete layer via2.areaid.mt


operation group: 614/1146
    via2.4a:L262912 = ENC via2.4a:via2.4b_a met2 -lt 0.14 -output region
========================================================================
    generate layer via2.4a:L262912, TYP = P, HPN = 0, FPN = 0, HEN = 0, FEN = 0

Time: cpu=0.00/0.23  real=0.00/0.23  Memory: 7.65/7.84/13.88



operation group: 615/1146
    via2.4a:L262913 = EDGE_SELECT via2.4a:via2.4b_a met2 -coincident_only
========================================================================
    generate layer via2.4a:L262913, TYP = E, HPN = 0, FPN = 0, HEN = 0, FEN = 0

Time: cpu=0.00/0.23  real=0.00/0.23  Memory: 7.65/7.84/13.88

    delete layer via2.4a:via2.4b_a

    Rule Check via2.4a finished, 0 error(s) reported.

Time: cpu=0.00/0.23  real=0.00/0.23  Memory: 7.65/7.84/13.88



operation group: 616/1146
    CDR.via2.5:L262914 = RECT_ENC via2 met2 -good 0.085 0 0.085 0
========================================================================
    generate layer CDR.via2.5:L262914, TYP = P, HPN = 0, FPN = 0, HEN = 0, FEN = 0

Time: cpu=0.00/0.23  real=0.00/0.23  Memory: 7.65/7.84/13.88


    Rule Check CDR.via2.5 finished, 0 error(s) reported.

Time: cpu=0.00/0.23  real=0.00/0.23  Memory: 7.65/7.84/13.88



operation group: 617/1146
    m3.1:L262915 = INTE m3_dg -lt 0.3 -output region
========================================================================
    generate layer m3.1:L262915, TYP = P, HPN = 0, FPN = 0, HEN = 0, FEN = 0

Time: cpu=0.00/0.23  real=0.00/0.23  Memory: 7.65/7.84/13.88


    Rule Check m3.1 finished, 0 error(s) reported.

Time: cpu=0.00/0.23  real=0.00/0.23  Memory: 7.65/7.84/13.88



operation group: 618/1146
    CDR.m3.2:L262916 = EXTE m3_dg -lt 0.3 -single_point -output region
========================================================================
    generate layer CDR.m3.2:L262916, TYP = P, HPN = 0, FPN = 0, HEN = 0, FEN = 0

Time: cpu=0.00/0.23  real=0.00/0.23  Memory: 7.65/7.84/13.88


    Rule Check CDR.m3.2 finished, 0 error(s) reported.

Time: cpu=0.00/0.23  real=0.00/0.23  Memory: 7.65/7.84/13.88



operation group: 619/1146
    huge_met3 = WITH_WIDTH met3 -gt 3
========================================================================
    generate layer huge_met3, TYP = P, HPN = 0, FPN = 0, HEN = 0, FEN = 0

Time: cpu=0.00/0.23  real=0.00/0.23  Memory: 7.65/7.84/13.88



operation group: 620/1146
    met3_not_huge = NOT m3_dg huge_met3
========================================================================
    generate layer met3_not_huge, TYP = P, HPN = 0, FPN = 0, HEN = 0, FEN = 0

Time: cpu=0.00/0.23  real=0.00/0.23  Memory: 7.65/7.84/13.88



operation group: 621/1146
    huge_met3_040 = SIZE huge_met3 -by 0.28 -inside_of m3_dg
========================================================================
    generate layer huge_met3_040, TYP = P, HPN = 0, FPN = 0, HEN = 0, FEN = 0

Time: cpu=0.00/0.23  real=0.00/0.23  Memory: 7.65/7.84/13.88



operation group: 622/1146
    met3_huge_and = AND met3_not_huge huge_met3_040
========================================================================
    generate layer met3_huge_and, TYP = P, HPN = 0, FPN = 0, HEN = 0, FEN = 0

Time: cpu=0.00/0.23  real=0.00/0.23  Memory: 7.65/7.84/13.88

    delete layer met3_not_huge
    delete layer huge_met3_040


operation group: 623/1146
    met3_touching_huge = SELECT -touch met3_huge_and huge_met3
========================================================================
    generate layer met3_touching_huge, TYP = P, HPN = 0, FPN = 0, HEN = 0, FEN = 0

Time: cpu=0.00/0.23  real=0.00/0.23  Memory: 7.65/7.84/13.88

    delete layer met3_huge_and


operation group: 624/1146
    CDRW.m3.3c:L262921 = EXTE met3_touching_huge m3_dg -lt 0.4 -single_point -output region
========================================================================
    generate layer CDRW.m3.3c:L262921, TYP = P, HPN = 0, FPN = 0, HEN = 0, FEN = 0

Time: cpu=0.00/0.23  real=0.00/0.23  Memory: 7.65/7.84/13.88

    delete layer met3_touching_huge

    Rule Check CDRW.m3.3c finished, 0 error(s) reported.

Time: cpu=0.00/0.23  real=0.00/0.23  Memory: 7.64/7.84/13.88



operation group: 625/1146
    CDRW.m3.3d:L262922 = EXTE huge_met3 m3_dg -lt 0.4 -single_point -output region
========================================================================
    generate layer CDRW.m3.3d:L262922, TYP = P, HPN = 0, FPN = 0, HEN = 0, FEN = 0

Time: cpu=0.00/0.23  real=0.00/0.23  Memory: 7.64/7.84/13.88

    delete layer huge_met3

    Rule Check CDRW.m3.3d finished, 0 error(s) reported.

Time: cpu=0.00/0.23  real=0.00/0.23  Memory: 7.64/7.84/13.88



operation group: 626/1146
    CDR.m3.4:L262923 = ENC via2 m3_dg -lt 0.065 -output region
========================================================================
    generate layer CDR.m3.4:L262923, TYP = P, HPN = 0, FPN = 0, HEN = 0, FEN = 0

Time: cpu=0.00/0.23  real=0.00/0.23  Memory: 7.64/7.84/13.88



operation group: 627/1146
    CDR.m3.4:L262924 = EDGE_SELECT via2 m3_dg -coincident_only -inside
========================================================================
    generate layer CDR.m3.4:L262924, TYP = E, HPN = 0, FPN = 0, HEN = 0, FEN = 0

Time: cpu=0.00/0.23  real=0.00/0.23  Memory: 7.64/7.84/13.88


    Rule Check CDR.m3.4 finished, 0 error(s) reported.

Time: cpu=0.00/0.23  real=0.00/0.23  Memory: 7.64/7.84/13.88



operation group: 628/1146
    CDR.m3.6:L262925 = AREA m3_dg -lt 0.24
========================================================================
    generate layer CDR.m3.6:L262925, TYP = P, HPN = 0, FPN = 0, HEN = 0, FEN = 0

Time: cpu=0.00/0.23  real=0.00/0.23  Memory: 7.64/7.84/13.88


    Rule Check CDR.m3.6 finished, 0 error(s) reported.

Time: cpu=0.00/0.23  real=0.00/0.23  Memory: 7.64/7.84/13.88



operation group: 629/1146
    CDR.m3.7:m3.7_a = HOLES m3_dg
========================================================================
    generate layer CDR.m3.7:m3.7_a, TYP = P, HPN = 0, FPN = 0, HEN = 0, FEN = 0

Time: cpu=0.00/0.23  real=0.00/0.23  Memory: 7.64/7.84/13.88



operation group: 630/1146
    CDR.m3.7:L262927 = AREA CDR.m3.7:m3.7_a -lt 0.2
========================================================================
    generate layer CDR.m3.7:L262927, TYP = P, HPN = 0, FPN = 0, HEN = 0, FEN = 0

Time: cpu=0.00/0.23  real=0.00/0.23  Memory: 7.64/7.84/13.88

    delete layer CDR.m3.7:m3.7_a

    Rule Check CDR.m3.7 finished, 0 error(s) reported.

Time: cpu=0.00/0.23  real=0.00/0.23  Memory: 7.64/7.84/13.88



operation group: 631/1146
    via3.areaid.mt = SELECT -inside via3 areaid.mt
========================================================================
    generate layer via3.areaid.mt, TYP = P, HPN = 0, FPN = 0, HEN = 0, FEN = 0

Time: cpu=0.00/0.23  real=0.00/0.23  Memory: 7.64/7.84/13.88

    delete layer areaid.mt


operation group: 632/1146
    via3.not_areaid.mt = NOT via3 via3.areaid.mt
========================================================================
    generate layer via3.not_areaid.mt, TYP = P, HPN = 0, FPN = 0, HEN = 0, FEN = 0

Time: cpu=0.00/0.23  real=0.00/0.23  Memory: 7.64/7.84/13.88



operation group: 633/1146
    via3.insideSR = SELECT -inside via3 SEALID
========================================================================
    generate layer via3.insideSR, TYP = P, HPN = 0, FPN = 0, HEN = 0, FEN = 0

Time: cpu=0.00/0.23  real=0.00/0.23  Memory: 7.64/7.84/13.88



operation group: 634/1146
    via3_neither = NOT via3.not_areaid.mt via3.insideSR
========================================================================
    generate layer via3_neither, TYP = P, HPN = 0, FPN = 0, HEN = 0, FEN = 0

Time: cpu=0.00/0.23  real=0.00/0.23  Memory: 7.64/7.84/13.88

    delete layer via3.not_areaid.mt


operation group: 635/1146
    CDR.via3.1:L262933 = RECT_CHK via3_neither -eq 0.2 -not -by eq 0.2 -orthogonal_only
========================================================================
    generate layer CDR.via3.1:L262933, TYP = P, HPN = 0, FPN = 0, HEN = 0, FEN = 0

Time: cpu=0.00/0.23  real=0.00/0.23  Memory: 7.64/7.84/13.88

    delete layer via3_neither

    Rule Check CDR.via3.1 finished, 0 error(s) reported.

Time: cpu=0.00/0.23  real=0.00/0.23  Memory: 7.64/7.84/13.88



operation group: 636/1146
    via3.1a:via3.not0.2 = RECT_CHK via3.areaid.mt -eq 0.2 -not -by eq 0.2 -orthogonal_only
========================================================================
    generate layer via3.1a:via3.not0.2, TYP = P, HPN = 0, FPN = 0, HEN = 0, FEN = 0

Time: cpu=0.00/0.23  real=0.00/0.23  Memory: 7.64/7.84/13.88

    delete layer via3.areaid.mt


operation group: 637/1146
    via3.1a:L262935 = RECT_CHK via3.1a:via3.not0.2 -eq 0.8 -not -by eq 0.8 -orthogonal_only
========================================================================
    generate layer via3.1a:L262935, TYP = P, HPN = 0, FPN = 0, HEN = 0, FEN = 0

Time: cpu=0.00/0.23  real=0.00/0.23  Memory: 7.64/7.84/13.88

    delete layer via3.1a:via3.not0.2

    Rule Check via3.1a finished, 0 error(s) reported.

Time: cpu=0.00/0.23  real=0.00/0.23  Memory: 7.64/7.84/13.88



operation group: 638/1146
    CDR.via3.2:L262936 = EXTE via3 -lt 0.2 -single_point -output region
========================================================================
    generate layer CDR.via3.2:L262936, TYP = P, HPN = 0, FPN = 0, HEN = 0, FEN = 0

Time: cpu=0.00/0.23  real=0.00/0.23  Memory: 7.64/7.84/13.88


    Rule Check CDR.via3.2 finished, 0 error(s) reported.

Time: cpu=0.00/0.23  real=0.00/0.23  Memory: 7.64/7.84/13.88



operation group: 639/1146
    via3.3:L262937 = RECT_CHK via3.insideSR -eq 0.2 -not
========================================================================
    generate layer via3.3:L262937, TYP = P, HPN = 0, FPN = 0, HEN = 0, FEN = 0

Time: cpu=0.00/0.23  real=0.00/0.23  Memory: 7.64/7.84/13.88

    delete layer via3.insideSR

    Rule Check via3.3 finished, 0 error(s) reported.

Time: cpu=0.00/0.23  real=0.00/0.23  Memory: 7.64/7.84/13.88



operation group: 640/1146
    CDR.via3.4:L262938 = ENC via3 met3 -lt 0.06 -output region
========================================================================
    generate layer CDR.via3.4:L262938, TYP = P, HPN = 0, FPN = 0, HEN = 0, FEN = 0

Time: cpu=0.00/0.23  real=0.00/0.23  Memory: 7.64/7.84/13.88



operation group: 641/1146
    CDR.via3.4:L262939 = EDGE_SELECT via3 met3 -coincident_only
========================================================================
    generate layer CDR.via3.4:L262939, TYP = E, HPN = 0, FPN = 0, HEN = 0, FEN = 0

Time: cpu=0.00/0.23  real=0.00/0.23  Memory: 7.64/7.84/13.88


    Rule Check CDR.via3.4 finished, 0 error(s) reported.

Time: cpu=0.00/0.23  real=0.00/0.23  Memory: 7.64/7.84/13.88



operation group: 642/1146
    CDR.via3.5:L262940 = RECT_ENC via3 met3 -good 0.09 0 0.09 0
========================================================================
    generate layer CDR.via3.5:L262940, TYP = P, HPN = 0, FPN = 0, HEN = 0, FEN = 0

Time: cpu=0.00/0.23  real=0.00/0.23  Memory: 7.64/7.84/13.88


    Rule Check CDR.via3.5 finished, 0 error(s) reported.

Time: cpu=0.00/0.23  real=0.00/0.23  Memory: 7.64/7.84/13.88



operation group: 643/1146
    CDR.nsm.1:L262941 = INTE nsm -lt 3 -single_point -output region
========================================================================
    generate layer CDR.nsm.1:L262941, TYP = P, HPN = 0, FPN = 0, HEN = 0, FEN = 0

Time: cpu=0.00/0.23  real=0.00/0.23  Memory: 7.64/7.84/13.88


    Rule Check CDR.nsm.1 finished, 0 error(s) reported.

Time: cpu=0.00/0.23  real=0.00/0.23  Memory: 7.64/7.84/13.88



operation group: 644/1146
    CDR.nsm.2:L262942 = EXTE nsm -lt 4 -single_point -output region
========================================================================
    generate layer CDR.nsm.2:L262942, TYP = P, HPN = 0, FPN = 0, HEN = 0, FEN = 0

Time: cpu=0.00/0.23  real=0.00/0.23  Memory: 7.64/7.84/13.88

    delete layer nsm

    Rule Check CDR.nsm.2 finished, 0 error(s) reported.

Time: cpu=0.00/0.23  real=0.00/0.23  Memory: 7.64/7.84/13.88



operation group: 645/1146
    CDR.m4.1:L262943 = INTE m4_dg -lt 0.3 -output region
========================================================================
    generate layer CDR.m4.1:L262943, TYP = P, HPN = 0, FPN = 0, HEN = 0, FEN = 0

Time: cpu=0.00/0.23  real=0.00/0.23  Memory: 7.64/7.84/13.88


    Rule Check CDR.m4.1 finished, 0 error(s) reported.

Time: cpu=0.00/0.23  real=0.00/0.23  Memory: 7.64/7.84/13.88



operation group: 646/1146
    CDR.m4.2:L262944 = EXTE m4_dg -lt 0.3 -single_point -output region
========================================================================
    generate layer CDR.m4.2:L262944, TYP = P, HPN = 0, FPN = 0, HEN = 0, FEN = 0

Time: cpu=0.00/0.23  real=0.00/0.23  Memory: 7.64/7.84/13.88


    Rule Check CDR.m4.2 finished, 0 error(s) reported.

Time: cpu=0.00/0.23  real=0.00/0.23  Memory: 7.64/7.84/13.88



operation group: 647/1146
    CDR.m4.3:L262945 = ENC via3 m4_dg -lt 0.065 -output region
========================================================================
    generate layer CDR.m4.3:L262945, TYP = P, HPN = 0, FPN = 0, HEN = 0, FEN = 0

Time: cpu=0.00/0.23  real=0.00/0.23  Memory: 7.64/7.84/13.88



operation group: 648/1146
    CDR.m4.3:L262946 = EDGE_SELECT via3 m4_dg -coincident_only -inside
========================================================================
    generate layer CDR.m4.3:L262946, TYP = E, HPN = 0, FPN = 0, HEN = 0, FEN = 0

Time: cpu=0.00/0.23  real=0.00/0.23  Memory: 7.64/7.84/13.88


    Rule Check CDR.m4.3 finished, 0 error(s) reported.

Time: cpu=0.00/0.23  real=0.00/0.23  Memory: 7.64/7.84/13.88



operation group: 649/1146
    CDR.m4.4a:L262947 = AREA m4_dg -lt 0.24
========================================================================
    generate layer CDR.m4.4a:L262947, TYP = P, HPN = 0, FPN = 0, HEN = 0, FEN = 0

Time: cpu=0.00/0.23  real=0.00/0.23  Memory: 7.64/7.84/13.88


    Rule Check CDR.m4.4a finished, 0 error(s) reported.

Time: cpu=0.00/0.23  real=0.00/0.23  Memory: 7.64/7.84/13.88



operation group: 650/1146
    huge_met4 = WITH_WIDTH met4 -gt 3
========================================================================
    generate layer huge_met4, TYP = P, HPN = 0, FPN = 0, HEN = 0, FEN = 0

Time: cpu=0.00/0.23  real=0.00/0.23  Memory: 7.64/7.84/13.88



operation group: 651/1146
    met4_not_huge = NOT m4_dg huge_met4
========================================================================
    generate layer met4_not_huge, TYP = P, HPN = 0, FPN = 0, HEN = 0, FEN = 0

Time: cpu=0.00/0.23  real=0.00/0.23  Memory: 7.64/7.84/13.88



operation group: 652/1146
    huge_met4_040 = SIZE huge_met4 -by 0.28 -inside_of m4_dg
========================================================================
    generate layer huge_met4_040, TYP = P, HPN = 0, FPN = 0, HEN = 0, FEN = 0

Time: cpu=0.00/0.23  real=0.00/0.23  Memory: 7.64/7.84/13.88



operation group: 653/1146
    met4_huge_and = AND met4_not_huge huge_met4_040
========================================================================
    generate layer met4_huge_and, TYP = P, HPN = 0, FPN = 0, HEN = 0, FEN = 0

Time: cpu=0.00/0.23  real=0.00/0.23  Memory: 7.64/7.84/13.88

    delete layer met4_not_huge
    delete layer huge_met4_040


operation group: 654/1146
    met4_touching_huge = SELECT -touch met4_huge_and huge_met4
========================================================================
    generate layer met4_touching_huge, TYP = P, HPN = 0, FPN = 0, HEN = 0, FEN = 0

Time: cpu=0.00/0.23  real=0.00/0.23  Memory: 7.64/7.84/13.88

    delete layer met4_huge_and


operation group: 655/1146
    CDRW.m4.5a:L262952 = EXTE met4_touching_huge m4_dg -lt 0.4 -single_point -output region
========================================================================
    generate layer CDRW.m4.5a:L262952, TYP = P, HPN = 0, FPN = 0, HEN = 0, FEN = 0

Time: cpu=0.00/0.23  real=0.00/0.23  Memory: 7.64/7.84/13.88

    delete layer met4_touching_huge

    Rule Check CDRW.m4.5a finished, 0 error(s) reported.

Time: cpu=0.00/0.23  real=0.00/0.23  Memory: 7.64/7.84/13.88



operation group: 656/1146
    CDRW.m4.5b:L262953 = EXTE huge_met4 m4_dg -lt 0.4 -single_point -output region
========================================================================
    generate layer CDRW.m4.5b:L262953, TYP = P, HPN = 0, FPN = 0, HEN = 0, FEN = 0

Time: cpu=0.00/0.23  real=0.00/0.23  Memory: 7.64/7.84/13.88

    delete layer huge_met4

    Rule Check CDRW.m4.5b finished, 0 error(s) reported.

Time: cpu=0.00/0.23  real=0.00/0.23  Memory: 7.64/7.84/13.88



operation group: 657/1146
    CDR.m4.7:m4.7_a = HOLES met4
========================================================================
    generate layer CDR.m4.7:m4.7_a, TYP = P, HPN = 0, FPN = 0, HEN = 0, FEN = 0

Time: cpu=0.00/0.23  real=0.00/0.23  Memory: 7.64/7.84/13.88



operation group: 658/1146
    CDR.m4.7:L262955 = AREA CDR.m4.7:m4.7_a -lt 0.2
========================================================================
    generate layer CDR.m4.7:L262955, TYP = P, HPN = 0, FPN = 0, HEN = 0, FEN = 0

Time: cpu=0.00/0.23  real=0.00/0.23  Memory: 7.64/7.84/13.88

    delete layer CDR.m4.7:m4.7_a

    Rule Check CDR.m4.7 finished, 0 error(s) reported.

Time: cpu=0.00/0.23  real=0.00/0.23  Memory: 7.64/7.84/13.88



operation group: 659/1146
    via4.insideSR = SELECT -inside via4 SEALID
========================================================================
    generate layer via4.insideSR, TYP = P, HPN = 0, FPN = 0, HEN = 0, FEN = 0

Time: cpu=0.00/0.23  real=0.00/0.23  Memory: 7.64/7.84/13.88



operation group: 660/1146
    via4.outsideSR = NOT via4 via4.insideSR
========================================================================
    generate layer via4.outsideSR, TYP = P, HPN = 0, FPN = 0, HEN = 0, FEN = 0

Time: cpu=0.00/0.23  real=0.00/0.23  Memory: 7.64/7.84/13.88



operation group: 661/1146
    CDR.via4.1:L262958 = RECT_CHK via4.outsideSR -eq 0.8 -not -by eq 0.8 -orthogonal_only
========================================================================
    generate layer CDR.via4.1:L262958, TYP = P, HPN = 0, FPN = 0, HEN = 0, FEN = 0

Time: cpu=0.00/0.23  real=0.00/0.23  Memory: 7.64/7.84/13.88

    delete layer via4.outsideSR

    Rule Check CDR.via4.1 finished, 0 error(s) reported.

Time: cpu=0.00/0.23  real=0.00/0.23  Memory: 7.64/7.84/13.88



operation group: 662/1146
    CDR.via4.2:L262959 = EXTE via4 -lt 0.8 -single_point -output region
========================================================================
    generate layer CDR.via4.2:L262959, TYP = P, HPN = 0, FPN = 0, HEN = 0, FEN = 0

Time: cpu=0.00/0.23  real=0.00/0.23  Memory: 7.64/7.84/13.88


    Rule Check CDR.via4.2 finished, 0 error(s) reported.

Time: cpu=0.00/0.23  real=0.00/0.23  Memory: 7.64/7.84/13.88



operation group: 663/1146
    via4.3:L262960 = RECT_CHK via4.insideSR -eq 0.8 -not
========================================================================
    generate layer via4.3:L262960, TYP = P, HPN = 0, FPN = 0, HEN = 0, FEN = 0

Time: cpu=0.00/0.23  real=0.00/0.23  Memory: 7.64/7.84/13.88

    delete layer via4.insideSR

    Rule Check via4.3 finished, 0 error(s) reported.

Time: cpu=0.00/0.23  real=0.00/0.23  Memory: 7.64/7.84/13.88



operation group: 664/1146
    CDR.via4.4:L262961 = ENC via4 met4 -lt 0.19 -output region
========================================================================
    generate layer CDR.via4.4:L262961, TYP = P, HPN = 0, FPN = 0, HEN = 0, FEN = 0

Time: cpu=0.00/0.23  real=0.00/0.23  Memory: 7.64/7.84/13.88



operation group: 665/1146
    CDR.via4.4:L262962 = EDGE_SELECT via4 met4 -coincident_only
========================================================================
    generate layer CDR.via4.4:L262962, TYP = E, HPN = 0, FPN = 0, HEN = 0, FEN = 0

Time: cpu=0.00/0.23  real=0.00/0.23  Memory: 7.64/7.84/13.88


    Rule Check CDR.via4.4 finished, 0 error(s) reported.

Time: cpu=0.00/0.23  real=0.00/0.23  Memory: 7.64/7.84/13.88



operation group: 666/1146
    CDR.m5.1:L262963 = INTE m5_dg -lt 1.6 -output region
========================================================================
    generate layer CDR.m5.1:L262963, TYP = P, HPN = 0, FPN = 0, HEN = 0, FEN = 0

Time: cpu=0.00/0.23  real=0.00/0.23  Memory: 7.64/7.84/13.88


    Rule Check CDR.m5.1 finished, 0 error(s) reported.

Time: cpu=0.00/0.23  real=0.00/0.23  Memory: 7.64/7.84/13.88



operation group: 667/1146
    CDR.m5.2:L262964 = EXTE m5_dg -lt 1.6 -single_point -output region
========================================================================
    generate layer CDR.m5.2:L262964, TYP = P, HPN = 0, FPN = 0, HEN = 0, FEN = 0

Time: cpu=0.00/0.23  real=0.00/0.23  Memory: 7.64/7.84/13.88


    Rule Check CDR.m5.2 finished, 0 error(s) reported.

Time: cpu=0.00/0.23  real=0.00/0.23  Memory: 7.64/7.84/13.88



operation group: 668/1146
    CDR.m5.3:L262965 = ENC via4 m5_dg -lt 0.31 -output region
========================================================================
    generate layer CDR.m5.3:L262965, TYP = P, HPN = 0, FPN = 0, HEN = 0, FEN = 0

Time: cpu=0.00/0.23  real=0.00/0.23  Memory: 7.64/7.84/13.88



operation group: 669/1146
    CDR.m5.3:L262966 = EDGE_SELECT via4 m5_dg -coincident_only -inside
========================================================================
    generate layer CDR.m5.3:L262966, TYP = E, HPN = 0, FPN = 0, HEN = 0, FEN = 0

Time: cpu=0.00/0.23  real=0.00/0.23  Memory: 7.64/7.84/13.88


    Rule Check CDR.m5.3 finished, 0 error(s) reported.

Time: cpu=0.00/0.23  real=0.00/0.23  Memory: 7.64/7.84/13.88



operation group: 670/1146
    CDR.m5.4:L262967 = AREA m5_dg -lt 4
========================================================================
    generate layer CDR.m5.4:L262967, TYP = P, HPN = 0, FPN = 0, HEN = 0, FEN = 0

Time: cpu=0.00/0.23  real=0.00/0.23  Memory: 7.64/7.84/13.88


    Rule Check CDR.m5.4 finished, 0 error(s) reported.

Time: cpu=0.00/0.23  real=0.00/0.23  Memory: 7.64/7.84/13.88



operation group: 671/1146
    CDR.pad.2:L262968 = EXTE pad -lt 1.27 -single_point -output region
========================================================================
    generate layer CDR.pad.2:L262968, TYP = P, HPN = 0, FPN = 0, HEN = 0, FEN = 0

Time: cpu=0.00/0.23  real=0.00/0.23  Memory: 7.64/7.84/13.88


    Rule Check CDR.pad.2 finished, 0 error(s) reported.

Time: cpu=0.00/0.23  real=0.00/0.23  Memory: 7.64/7.84/13.88



operation group: 672/1146
    hugePad = WITH_WIDTH pad -gt 100
========================================================================
    generate layer hugePad, TYP = P, HPN = 0, FPN = 0, HEN = 0, FEN = 0

Time: cpu=0.00/0.23  real=0.00/0.23  Memory: 7.64/7.84/13.88

    delete layer pad


operation group: 673/1146
    pad.3:pad.3a = NOT hugePad met5
========================================================================
    generate layer pad.3:pad.3a, TYP = P, HPN = 0, FPN = 0, HEN = 0, FEN = 0

Time: cpu=0.00/0.23  real=0.00/0.23  Memory: 7.64/7.84/13.88

    delete layer hugePad


operation group: 674/1146
    pad.3:L262970 = AREA pad.3:pad.3a -lt 30000
========================================================================
    generate layer pad.3:L262970, TYP = P, HPN = 0, FPN = 0, HEN = 0, FEN = 0

Time: cpu=0.00/0.23  real=0.00/0.23  Memory: 7.64/7.84/13.88

    delete layer pad.3:pad.3a

    Rule Check pad.3 finished, 0 error(s) reported.

Time: cpu=0.00/0.23  real=0.00/0.23  Memory: 7.64/7.84/13.88



operation group: 675/1146
    hvi.nwell:L262971 = EDGE_BOOLEAN hvi nwell -inside
========================================================================
    generate layer hvi.nwell:L262971, TYP = E, HPN = 0, FPN = 0, HEN = 0, FEN = 0

Time: cpu=0.00/0.23  real=0.00/0.23  Memory: 7.64/7.84/13.88


    Rule Check hvi.nwell finished, 0 error(s) reported.

Time: cpu=0.00/0.23  real=0.00/0.23  Memory: 7.64/7.84/13.88



operation group: 676/1146
    hvi.1:L262972 = INTE hvi -lt 0.02 -single_point -output region
========================================================================
    generate layer hvi.1:L262972, TYP = P, HPN = 0, FPN = 0, HEN = 0, FEN = 0

Time: cpu=0.00/0.23  real=0.00/0.23  Memory: 7.64/7.84/13.88


    Rule Check hvi.1 finished, 0 error(s) reported.

Time: cpu=0.00/0.23  real=0.00/0.23  Memory: 7.64/7.84/13.88



operation group: 677/1146
    hvi.2:L262973 = EXTE hvi -lt 0.7 -single_point -output region
========================================================================
    generate layer hvi.2:L262973, TYP = P, HPN = 0, FPN = 0, HEN = 0, FEN = 0

Time: cpu=0.00/0.23  real=0.00/0.23  Memory: 7.64/7.84/13.88


    Rule Check hvi.2 finished, 0 error(s) reported.

Time: cpu=0.00/0.23  real=0.00/0.23  Memory: 7.64/7.84/13.88



operation group: 678/1146
    hvi.4:L262974 = AND hvi tunm
========================================================================
    generate layer hvi.4:L262974, TYP = P, HPN = 0, FPN = 0, HEN = 0, FEN = 0

Time: cpu=0.00/0.23  real=0.00/0.23  Memory: 7.64/7.84/13.88

    delete layer tunm

    Rule Check hvi.4 finished, 0 error(s) reported.

Time: cpu=0.00/0.23  real=0.00/0.23  Memory: 7.64/7.84/13.88



operation group: 679/1146
    nwell_ovlp_hvi = SELECT -cut nwell hvi
========================================================================
    generate layer nwell_ovlp_hvi, TYP = P, HPN = 0, FPN = 0, HEN = 0, FEN = 0

Time: cpu=0.00/0.23  real=0.00/0.23  Memory: 7.64/7.84/13.88



operation group: 680/1146
    hvnwell.9:L262994 = NOT nwell_ovlp_hvi hvi
========================================================================
    generate layer hvnwell.9:L262994, TYP = P, HPN = 0, FPN = 0, HEN = 0, FEN = 0

Time: cpu=0.00/0.23  real=0.00/0.23  Memory: 7.64/7.84/13.88

    delete layer nwell_ovlp_hvi

    Rule Check hvnwell.9 finished, 0 error(s) reported.

Time: cpu=0.00/0.23  real=0.00/0.23  Memory: 7.64/7.84/13.88



operation group: 681/1146
    hdiff = AND diff hvi
========================================================================
    generate layer hdiff, TYP = P, HPN = 0, FPN = 0, HEN = 0, FEN = 0

Time: cpu=0.00/0.23  real=0.00/0.23  Memory: 7.64/7.84/13.88



operation group: 682/1146
    hvdifftap.14:_EPTMPL262996 = SELECT -interact hdiff diff_res -not
========================================================================
    generate layer hvdifftap.14:_EPTMPL262996, TYP = P, HPN = 0, FPN = 0, HEN = 0, FEN = 0

Time: cpu=0.00/0.23  real=0.00/0.23  Memory: 7.64/7.84/13.88



operation group: 683/1146
    hvdifftap.14:L262997 = INTE hvdifftap.14:_EPTMPL262996 -lt 0.29 -single_point -output region
========================================================================
    generate layer hvdifftap.14:L262997, TYP = P, HPN = 0, FPN = 0, HEN = 0, FEN = 0

Time: cpu=0.00/0.23  real=0.00/0.23  Memory: 7.64/7.84/13.88

    delete layer hvdifftap.14:_EPTMPL262996

    Rule Check hvdifftap.14 finished, 0 error(s) reported.

Time: cpu=0.00/0.23  real=0.00/0.23  Memory: 7.64/7.84/13.88



operation group: 684/1146
    hvdifftap.14a:_EPTMPL262998 = AND diff diff_res
========================================================================
    generate layer hvdifftap.14a:_EPTMPL262998, TYP = P, HPN = 0, FPN = 0, HEN = 0, FEN = 0

Time: cpu=0.00/0.23  real=0.00/0.23  Memory: 7.64/7.84/13.88



operation group: 685/1146
    hvdifftap.14a:hvdiff = AND hvdifftap.14a:_EPTMPL262998 hvi
========================================================================
    generate layer hvdifftap.14a:hvdiff, TYP = P, HPN = 0, FPN = 0, HEN = 0, FEN = 0

Time: cpu=0.00/0.23  real=0.00/0.23  Memory: 7.64/7.84/13.88

    delete layer hvdifftap.14a:_EPTMPL262998


operation group: 686/1146
    hvdifftap.14a:L263000 = INTE hvdifftap.14a:hvdiff -lt 0.15 -single_point -output region
========================================================================
    generate layer hvdifftap.14a:L263000, TYP = P, HPN = 0, FPN = 0, HEN = 0, FEN = 0

Time: cpu=0.00/0.23  real=0.00/0.23  Memory: 7.64/7.84/13.88

    delete layer hvdifftap.14a:hvdiff

    Rule Check hvdifftap.14a finished, 0 error(s) reported.

Time: cpu=0.00/0.23  real=0.00/0.23  Memory: 7.64/7.84/13.88



operation group: 687/1146
    hvdifftap.15a:L263001 = EXTE hdiff -lt 0.3 -single_point -output region
========================================================================
    generate layer hvdifftap.15a:L263001, TYP = P, HPN = 0, FPN = 0, HEN = 0, FEN = 0

Time: cpu=0.00/0.23  real=0.00/0.23  Memory: 7.64/7.84/13.88


    Rule Check hvdifftap.15a finished, 0 error(s) reported.

Time: cpu=0.00/0.23  real=0.00/0.23  Memory: 7.64/7.84/13.88



operation group: 688/1146
    hvdifftap.15b:hvdifftap.15b_a = AND ptap hvi
========================================================================
    generate layer hvdifftap.15b:hvdifftap.15b_a, TYP = P, HPN = 0, FPN = 0, HEN = 0, FEN = 0

Time: cpu=0.00/0.23  real=0.00/0.23  Memory: 7.64/7.84/13.88



operation group: 689/1146
    hvdifftap.15b:hvdifftap.15b_b = AND ndiff hvi
========================================================================
    generate layer hvdifftap.15b:hvdifftap.15b_b, TYP = P, HPN = 0, FPN = 0, HEN = 0, FEN = 0

Time: cpu=0.00/0.23  real=0.00/0.23  Memory: 7.64/7.84/13.88



operation group: 690/1146
    hvdifftap.15b:L263004 = EXTE hvdifftap.15b:hvdifftap.15b_a hvdifftap.15b:hvdifftap.15b_b -lt 0.37 -single_point -output region
========================================================================
    generate layer hvdifftap.15b:L263004, TYP = P, HPN = 0, FPN = 0, HEN = 0, FEN = 0

Time: cpu=0.00/0.23  real=0.00/0.23  Memory: 7.64/7.84/13.88

    delete layer hvdifftap.15b:hvdifftap.15b_a
    delete layer hvdifftap.15b:hvdifftap.15b_b

    Rule Check hvdifftap.15b finished, 0 error(s) reported.

Time: cpu=0.00/0.23  real=0.00/0.23  Memory: 7.64/7.84/13.88



operation group: 691/1146
    htap = AND tap hvi
========================================================================
    generate layer htap, TYP = P, HPN = 0, FPN = 0, HEN = 0, FEN = 0

Time: cpu=0.00/0.23  real=0.00/0.23  Memory: 7.64/7.84/13.88



operation group: 692/1146
    hvdifftap.16:hvdifftap.16_a = SELECT -touch htap hdiff -ltgt 0 3
========================================================================
    generate layer hvdifftap.16:hvdifftap.16_a, TYP = P, HPN = 0, FPN = 0, HEN = 0, FEN = 0

Time: cpu=0.00/0.23  real=0.00/0.23  Memory: 7.64/7.84/13.88



operation group: 693/1146
    hvdifftap.16:hvdifftap.16_b = NOT hvdifftap.16:hvdifftap.16_a uhvi
========================================================================
    generate layer hvdifftap.16:hvdifftap.16_b, TYP = P, HPN = 0, FPN = 0, HEN = 0, FEN = 0

Time: cpu=0.00/0.23  real=0.00/0.23  Memory: 7.64/7.84/13.88

    delete layer hvdifftap.16:hvdifftap.16_a


operation group: 694/1146
    hvdifftap.16:L263007 = INTE hvdifftap.16:hvdifftap.16_b -lt 0.7 -single_point -output region
========================================================================
    generate layer hvdifftap.16:L263007, TYP = P, HPN = 0, FPN = 0, HEN = 0, FEN = 0

Time: cpu=0.00/0.23  real=0.00/0.23  Memory: 7.64/7.84/13.88

    delete layer hvdifftap.16:hvdifftap.16_b

    Rule Check hvdifftap.16 finished, 0 error(s) reported.

Time: cpu=0.00/0.23  real=0.00/0.23  Memory: 7.64/7.84/13.88



operation group: 695/1146
    hvdifftap.17:hvdifftap.17_a = SELECT -outside pdiff areaid.hl -not
========================================================================
    generate layer hvdifftap.17:hvdifftap.17_a, TYP = P, HPN = 0, FPN = 0, HEN = 0, FEN = 0

Time: cpu=0.00/0.23  real=0.00/0.23  Memory: 7.64/7.84/13.88



operation group: 696/1146
    nhvi = AND nwell hvi
========================================================================
    generate layer nhvi, TYP = P, HPN = 0, FPN = 0, HEN = 0, FEN = 0

Time: cpu=0.00/0.23  real=0.00/0.23  Memory: 7.64/7.84/13.88



operation group: 697/1146
    nhl = SELECT -inside nwell areaid.hl
========================================================================
    generate layer nhl, TYP = P, HPN = 0, FPN = 0, HEN = 0, FEN = 0

Time: cpu=0.00/0.23  real=0.00/0.23  Memory: 7.64/7.84/13.88

    delete layer areaid.hl


operation group: 698/1146
    hv_nwell = OR nhvi nhl
========================================================================
    generate layer hv_nwell, TYP = P, HPN = 0, FPN = 0, HEN = 0, FEN = 0

Time: cpu=0.00/0.23  real=0.00/0.23  Memory: 7.64/7.84/13.88

    delete layer nhl


operation group: 699/1146
    hvdifftap.17:L263009 = ENC hvdifftap.17:hvdifftap.17_a hv_nwell -lt 0.33 -output region
========================================================================
    generate layer hvdifftap.17:L263009, TYP = P, HPN = 0, FPN = 0, HEN = 0, FEN = 0

Time: cpu=0.00/0.23  real=0.00/0.23  Memory: 7.64/7.84/13.88

    delete layer hvdifftap.17:hvdifftap.17_a

    Rule Check hvdifftap.17 finished, 0 error(s) reported.

Time: cpu=0.00/0.23  real=0.00/0.23  Memory: 7.64/7.84/13.88



operation group: 700/1146
    hvdifftap.18:hvdifftap.18_a = NOT ndiff uhvi
========================================================================
    layer hvdifftap.18:hvdifftap.18_a not generated, operation is dynamically optimized out.

Time: cpu=0.00/0.23  real=0.00/0.23  Memory: 7.64/7.84/13.88



operation group: 701/1146
    hvdifftap.18:L263011 = EXTE hvdifftap.18:hvdifftap.18_a hv_nwell -lt 0.43 -single_point -output region
========================================================================
    generate layer hvdifftap.18:L263011, TYP = P, HPN = 0, FPN = 0, HEN = 0, FEN = 0

Time: cpu=0.00/0.23  real=0.00/0.23  Memory: 7.64/7.84/13.88

    delete layer hvdifftap.18:hvdifftap.18_a

    Rule Check hvdifftap.18 finished, 0 error(s) reported.

Time: cpu=0.00/0.23  real=0.00/0.23  Memory: 7.63/7.84/13.88



operation group: 702/1146
    hvdifftap.19:hvdifftap.19_a = NOT htap uhvi
========================================================================
    generate layer hvdifftap.19:hvdifftap.19_a, TYP = P, HPN = 0, FPN = 0, HEN = 0, FEN = 0

Time: cpu=0.00/0.23  real=0.00/0.23  Memory: 7.63/7.84/13.88

    delete layer htap


operation group: 703/1146
    hvdifftap.19:L263013 = ENC hvdifftap.19:hvdifftap.19_a hv_nwell -lt 0.33 -output region
========================================================================
    generate layer hvdifftap.19:L263013, TYP = P, HPN = 0, FPN = 0, HEN = 0, FEN = 0

Time: cpu=0.00/0.23  real=0.00/0.23  Memory: 7.63/7.84/13.88


    Rule Check hvdifftap.19 finished, 0 error(s) reported.

Time: cpu=0.00/0.23  real=0.00/0.23  Memory: 7.63/7.84/13.88



operation group: 704/1146
    hvdifftap.20:hvdifftap.20_a = NOT ptap uhvi
========================================================================
    layer hvdifftap.20:hvdifftap.20_a not generated, operation is dynamically optimized out.

Time: cpu=0.00/0.23  real=0.00/0.23  Memory: 7.63/7.84/13.88



operation group: 705/1146
    hvdifftap.20:L263015 = EXTE hvdifftap.20:hvdifftap.20_a hv_nwell -lt 0.43 -output region
========================================================================
    generate layer hvdifftap.20:L263015, TYP = P, HPN = 0, FPN = 0, HEN = 0, FEN = 0

Time: cpu=0.00/0.23  real=0.00/0.23  Memory: 7.63/7.84/13.88

    delete layer hvdifftap.20:hvdifftap.20_a
    delete layer hv_nwell

    Rule Check hvdifftap.20 finished, 0 error(s) reported.

Time: cpu=0.00/0.23  real=0.00/0.23  Memory: 7.63/7.84/13.88



operation group: 706/1146
    hvdifftap.21:L263016 = SELECT -cut diff hvi
========================================================================
    generate layer hvdifftap.21:L263016, TYP = P, HPN = 0, FPN = 0, HEN = 0, FEN = 0

Time: cpu=0.00/0.23  real=0.00/0.23  Memory: 7.63/7.84/13.88



operation group: 707/1146
    hvdifftap.21:L263017 = SELECT -cut tap hvi
========================================================================
    generate layer hvdifftap.21:L263017, TYP = P, HPN = 0, FPN = 0, HEN = 0, FEN = 0

Time: cpu=0.00/0.23  real=0.00/0.23  Memory: 7.63/7.84/13.88


    Rule Check hvdifftap.21 finished, 0 error(s) reported.

Time: cpu=0.00/0.23  real=0.00/0.23  Memory: 7.63/7.84/13.88



operation group: 708/1146
    hvdifftap.22:hvdifftap.22_a = NOT hdiff uhvi
========================================================================
    generate layer hvdifftap.22:hvdifftap.22_a, TYP = P, HPN = 0, FPN = 0, HEN = 0, FEN = 0

Time: cpu=0.00/0.23  real=0.00/0.23  Memory: 7.63/7.84/13.88



operation group: 709/1146
    hvdifftap.22:L263020 = ENC hvdifftap.22:hvdifftap.22_a hvi -lt 0.18 -output region
========================================================================
    generate layer hvdifftap.22:L263020, TYP = P, HPN = 0, FPN = 0, HEN = 0, FEN = 0

Time: cpu=0.00/0.23  real=0.00/0.23  Memory: 7.63/7.84/13.88

    delete layer hvdifftap.22:hvdifftap.22_a


operation group: 710/1146
    hvdifftap.22:L263021 = ENC hvdifftap.19:hvdifftap.19_a hvi -lt 0.18 -output region
========================================================================
    generate layer hvdifftap.22:L263021, TYP = P, HPN = 0, FPN = 0, HEN = 0, FEN = 0

Time: cpu=0.00/0.23  real=0.00/0.23  Memory: 7.63/7.84/13.88

    delete layer hvdifftap.19:hvdifftap.19_a

    Rule Check hvdifftap.22 finished, 0 error(s) reported.

Time: cpu=0.00/0.23  real=0.00/0.23  Memory: 7.63/7.84/13.88



operation group: 711/1146
    hvdifftap.24:hvdifftap.24_a = NOT nwell uhvi
========================================================================
    layer hvdifftap.24:hvdifftap.24_a not generated, operation is dynamically optimized out.

Time: cpu=0.00/0.23  real=0.00/0.23  Memory: 7.63/7.84/13.88



operation group: 712/1146
    hvdifftap.24:L263023 = EXTE hvdifftap.24:hvdifftap.24_a hdiff -lt 0.43 -output region
========================================================================
    generate layer hvdifftap.24:L263023, TYP = P, HPN = 0, FPN = 0, HEN = 0, FEN = 0

Time: cpu=0.00/0.23  real=0.00/0.23  Memory: 7.63/7.84/13.88

    delete layer hvdifftap.24:hvdifftap.24_a

    Rule Check hvdifftap.24 finished, 0 error(s) reported.

Time: cpu=0.00/0.23  real=0.00/0.23  Memory: 7.63/7.84/13.88



operation group: 713/1146
    CDR.hvdifftap.25:hvdifftap.25_a = NOT hdiff hvi
========================================================================
    generate layer CDR.hvdifftap.25:hvdifftap.25_a, TYP = P, HPN = 0, FPN = 0, HEN = 0, FEN = 0

Time: cpu=0.00/0.23  real=0.00/0.23  Memory: 7.63/7.84/13.88

    delete layer hdiff


operation group: 714/1146
    CDR.hvdifftap.25:L263025 = EXTE CDR.hvdifftap.25:hvdifftap.25_a ptap -lt 0.107 -output region
========================================================================
    generate layer CDR.hvdifftap.25:L263025, TYP = P, HPN = 0, FPN = 0, HEN = 0, FEN = 0

Time: cpu=0.00/0.23  real=0.00/0.23  Memory: 7.63/7.84/13.88

    delete layer CDR.hvdifftap.25:hvdifftap.25_a

    Rule Check CDR.hvdifftap.25 finished, 0 error(s) reported.

Time: cpu=0.00/0.23  real=0.00/0.23  Memory: 7.63/7.84/13.88



operation group: 715/1146
    hvpoly.13_a = SELECT -inside poly hvi
========================================================================
    generate layer hvpoly.13_a, TYP = P, HPN = 0, FPN = 0, HEN = 0, FEN = 0

Time: cpu=0.00/0.23  real=0.00/0.23  Memory: 7.63/7.84/13.88



operation group: 716/1146
    hvpoly.13_b = SELECT -cut hvpoly.13_a diff
========================================================================
    generate layer hvpoly.13_b, TYP = P, HPN = 0, FPN = 0, HEN = 0, FEN = 0

Time: cpu=0.00/0.23  real=0.00/0.23  Memory: 7.63/7.84/13.88

    delete layer hvpoly.13_a


operation group: 717/1146
    poly_edges = EDGE_BOOLEAN hvpoly.13_b gate_a -coincident_only
========================================================================
    generate layer poly_edges, TYP = E, HPN = 0, FPN = 0, HEN = 0, FEN = 0

Time: cpu=0.00/0.23  real=0.00/0.23  Memory: 7.63/7.84/13.88

    delete layer hvpoly.13_b
    delete layer gate_a


operation group: 718/1146
    hvpoly.13:L263029 = INTE poly_edges -lt 0.5 -metric opposite -para only -output region
========================================================================
    generate layer hvpoly.13:L263029, TYP = P, HPN = 0, FPN = 0, HEN = 0, FEN = 0

Time: cpu=0.00/0.23  real=0.00/0.23  Memory: 7.63/7.84/13.88

    delete layer poly_edges

    Rule Check hvpoly.13 finished, 0 error(s) reported.

Time: cpu=0.00/0.23  real=0.00/0.23  Memory: 7.63/7.84/13.88



operation group: 719/1146
    hvpoly.14:L263030 = SELECT -cut gate hvi
========================================================================
    generate layer hvpoly.14:L263030, TYP = P, HPN = 0, FPN = 0, HEN = 0, FEN = 0

Time: cpu=0.00/0.23  real=0.00/0.23  Memory: 7.63/7.84/13.88

    delete layer gate

    Rule Check hvpoly.14 finished, 0 error(s) reported.

Time: cpu=0.00/0.23  real=0.00/0.23  Memory: 7.63/7.84/13.88



operation group: 720/1146
    CDR.hvntm.1:L263031 = INTE hvntm -lt 0.7 -single_point -output region
========================================================================
    generate layer CDR.hvntm.1:L263031, TYP = P, HPN = 0, FPN = 0, HEN = 0, FEN = 0

Time: cpu=0.00/0.23  real=0.00/0.23  Memory: 7.63/7.84/13.88


    Rule Check CDR.hvntm.1 finished, 0 error(s) reported.

Time: cpu=0.00/0.23  real=0.00/0.23  Memory: 7.63/7.84/13.88



operation group: 721/1146
    hvntm.2:L263032 = EXTE hvntm -lt 0.7 -single_point -output region
========================================================================
    generate layer hvntm.2:L263032, TYP = P, HPN = 0, FPN = 0, HEN = 0, FEN = 0

Time: cpu=0.00/0.23  real=0.00/0.23  Memory: 7.63/7.84/13.88


    Rule Check hvntm.2 finished, 0 error(s) reported.

Time: cpu=0.00/0.23  real=0.00/0.23  Memory: 7.63/7.84/13.88



operation group: 722/1146
    hvntm.3:hvntm.3_a = SELECT -inside ndiff hvi
========================================================================
    generate layer hvntm.3:hvntm.3_a, TYP = P, HPN = 0, FPN = 0, HEN = 0, FEN = 0

Time: cpu=0.00/0.23  real=0.00/0.23  Memory: 7.63/7.84/13.88



operation group: 723/1146
    hvntm.3:hvntm.3_b = NOT hvntm.3:hvntm.3_a areaid.ce
========================================================================
    generate layer hvntm.3:hvntm.3_b, TYP = P, HPN = 0, FPN = 0, HEN = 0, FEN = 0

Time: cpu=0.00/0.23  real=0.00/0.23  Memory: 7.63/7.84/13.88

    delete layer hvntm.3:hvntm.3_a


operation group: 724/1146
    hvntm.3:L263035 = ENC hvntm.3:hvntm.3_b hvntm -lt 0.185 -output region
========================================================================
    generate layer hvntm.3:L263035, TYP = P, HPN = 0, FPN = 0, HEN = 0, FEN = 0

Time: cpu=0.00/0.23  real=0.00/0.23  Memory: 7.63/7.84/13.88

    delete layer hvntm.3:hvntm.3_b

    Rule Check hvntm.3 finished, 0 error(s) reported.

Time: cpu=0.00/0.23  real=0.00/0.23  Memory: 7.63/7.84/13.88



operation group: 725/1146
    hvntm.4:hvntm.4_a = SELECT -outside ndiff hvi
========================================================================
    layer hvntm.4:hvntm.4_a not generated, operation is dynamically optimized out.

Time: cpu=0.00/0.23  real=0.00/0.23  Memory: 7.63/7.84/13.88



operation group: 726/1146
    hvntm.4:L263037 = EXTE hvntm.4:hvntm.4_a hvntm -lt 0.185 -single_point -output region
========================================================================
    generate layer hvntm.4:L263037, TYP = P, HPN = 0, FPN = 0, HEN = 0, FEN = 0

Time: cpu=0.00/0.23  real=0.00/0.23  Memory: 7.63/7.84/13.88

    delete layer hvntm.4:hvntm.4_a


operation group: 727/1146
    hvntm.4:_EPTMPL263038 = NOT ndiff hvi
========================================================================
    layer hvntm.4:_EPTMPL263038 not generated, operation is dynamically optimized out.

Time: cpu=0.00/0.23  real=0.00/0.23  Memory: 7.63/7.84/13.88

    delete layer ndiff


operation group: 728/1146
    hvntm.4:L263039 = AND hvntm.4:_EPTMPL263038 hvntm
========================================================================
    generate layer hvntm.4:L263039, TYP = P, HPN = 0, FPN = 0, HEN = 0, FEN = 0

Time: cpu=0.00/0.23  real=0.00/0.23  Memory: 7.63/7.84/13.88

    delete layer hvntm.4:_EPTMPL263038

    Rule Check hvntm.4 finished, 0 error(s) reported.

Time: cpu=0.00/0.23  real=0.00/0.23  Memory: 7.63/7.84/13.88



operation group: 729/1146
    hvntm.5:L263040 = EXTE pdiff hvntm -lt 0.185 -overlap -single_point -output region
========================================================================
    generate layer hvntm.5:L263040, TYP = P, HPN = 0, FPN = 0, HEN = 0, FEN = 0

Time: cpu=0.00/0.23  real=0.00/0.23  Memory: 7.63/7.84/13.88

    delete layer pdiff

    Rule Check hvntm.5 finished, 0 error(s) reported.

Time: cpu=0.00/0.23  real=0.00/0.23  Memory: 7.63/7.84/13.88



operation group: 730/1146
    hvntm.6a:L263041 = EXTE ptap hvntm -lt 0.185 -overlap -single_point -output region
========================================================================
    generate layer hvntm.6a:L263041, TYP = P, HPN = 0, FPN = 0, HEN = 0, FEN = 0

Time: cpu=0.00/0.23  real=0.00/0.23  Memory: 7.63/7.84/13.88


    Rule Check hvntm.6a finished, 0 error(s) reported.

Time: cpu=0.00/0.23  real=0.00/0.23  Memory: 7.63/7.84/13.88



operation group: 731/1146
    hvntm.6b:hvntm.6b_a = SELECT -touch ptap hvntm
========================================================================
    generate layer hvntm.6b:hvntm.6b_a, TYP = P, HPN = 0, FPN = 0, HEN = 0, FEN = 0

Time: cpu=0.00/0.23  real=0.00/0.23  Memory: 7.63/7.84/13.88



operation group: 732/1146
    hvntm.6b:L263043 = EXTE hvntm.6b:hvntm.6b_a ptap -eq 0 -output region
========================================================================
    generate layer hvntm.6b:L263043, TYP = P, HPN = 0, FPN = 0, HEN = 0, FEN = 0

Time: cpu=0.00/0.23  real=0.00/0.23  Memory: 7.63/7.84/13.88

    delete layer hvntm.6b:hvntm.6b_a

    Rule Check hvntm.6b finished, 0 error(s) reported.

Time: cpu=0.00/0.23  real=0.00/0.23  Memory: 7.63/7.84/13.88



operation group: 733/1146
    hvntm.9:L263044 = AND hvntm areaid.ce
========================================================================
    generate layer hvntm.9:L263044, TYP = P, HPN = 0, FPN = 0, HEN = 0, FEN = 0

Time: cpu=0.00/0.23  real=0.00/0.23  Memory: 7.63/7.84/13.88


    Rule Check hvntm.9 finished, 0 error(s) reported.

Time: cpu=0.00/0.23  real=0.00/0.23  Memory: 7.63/7.84/13.88



operation group: 734/1146
    hvntm.10:L263045 = NOT hvntm hvi
========================================================================
    generate layer hvntm.10:L263045, TYP = P, HPN = 0, FPN = 0, HEN = 0, FEN = 0

Time: cpu=0.00/0.23  real=0.00/0.23  Memory: 7.63/7.84/13.88

    delete layer hvntm

    Rule Check hvntm.10 finished, 0 error(s) reported.

Time: cpu=0.00/0.23  real=0.00/0.23  Memory: 7.63/7.84/13.88



operation group: 735/1146
    areaid.de_nFet = NOT areaid.en dnwell
========================================================================
    generate layer areaid.de_nFet, TYP = P, HPN = 0, FPN = 0, HEN = 0, FEN = 0

Time: cpu=0.00/0.23  real=0.00/0.23  Memory: 7.63/7.84/13.88



operation group: 736/1146
    deFET_gate_pvsTmp1 = AND poly areaid.de_nFet
========================================================================
    generate layer deFET_gate_pvsTmp1, TYP = P, HPN = 0, FPN = 0, HEN = 0, FEN = 0

Time: cpu=0.00/0.23  real=0.00/0.23  Memory: 7.63/7.84/13.88



operation group: 737/1146
    deFET_gate = SELECT -inside deFET_gate_pvsTmp1 pwde -not
========================================================================
    generate layer deFET_gate, TYP = P, HPN = 0, FPN = 0, HEN = 0, FEN = 0

Time: cpu=0.00/0.23  real=0.00/0.23  Memory: 7.63/7.84/13.88

    delete layer pwde


operation group: 738/1146
    de_nFet_gate_pvsTmp1 = NOT diff dnwell
========================================================================
    layer de_nFet_gate_pvsTmp1 not generated, operation is dynamically optimized out.

Time: cpu=0.00/0.23  real=0.00/0.23  Memory: 7.63/7.84/13.88



operation group: 739/1146
    de_nFet_gate = SELECT -cut deFET_gate de_nFet_gate_pvsTmp1
========================================================================
    generate layer de_nFet_gate, TYP = P, HPN = 0, FPN = 0, HEN = 0, FEN = 0

Time: cpu=0.00/0.23  real=0.00/0.23  Memory: 7.63/7.84/13.88

    delete layer deFET_gate
    delete layer de_nFet_gate_pvsTmp1


operation group: 740/1146
    denmos.1:L263056 = INTE de_nFet_gate -lt 1.055 -single_point -output region
========================================================================
    generate layer denmos.1:L263056, TYP = P, HPN = 0, FPN = 0, HEN = 0, FEN = 0

Time: cpu=0.00/0.23  real=0.00/0.23  Memory: 7.63/7.84/13.88

    delete layer deFET_gate_pvsTmp1

    Rule Check denmos.1 finished, 0 error(s) reported.

Time: cpu=0.00/0.23  real=0.00/0.23  Memory: 7.63/7.84/13.88



operation group: 741/1146
    de_nFet_SD = AND diff areaid.de_nFet
========================================================================
    generate layer de_nFet_SD, TYP = P, HPN = 0, FPN = 0, HEN = 0, FEN = 0

Time: cpu=0.00/0.23  real=0.00/0.23  Memory: 7.63/7.84/13.88



operation group: 742/1146
    de_nFet_source = SELECT -cut de_nFet_SD de_nFet_gate
========================================================================
    generate layer de_nFet_source, TYP = P, HPN = 0, FPN = 0, HEN = 0, FEN = 0

Time: cpu=0.00/0.23  real=0.00/0.23  Memory: 7.63/7.84/13.88



operation group: 743/1146
    de_nFet_source_not_poly = NOT de_nFet_source poly
========================================================================
    generate layer de_nFet_source_not_poly, TYP = P, HPN = 0, FPN = 0, HEN = 0, FEN = 0

Time: cpu=0.00/0.23  real=0.00/0.23  Memory: 7.63/7.84/13.88



operation group: 744/1146
    denmos.2:L263059 = INTE de_nFet_source_not_poly -lt 0.28 -single_point -output region
========================================================================
    generate layer denmos.2:L263059, TYP = P, HPN = 0, FPN = 0, HEN = 0, FEN = 0

Time: cpu=0.00/0.23  real=0.00/0.23  Memory: 7.63/7.84/13.88

    delete layer de_nFet_source_not_poly

    Rule Check denmos.2 finished, 0 error(s) reported.

Time: cpu=0.00/0.23  real=0.00/0.23  Memory: 7.63/7.84/13.88



operation group: 745/1146
    de_nFet_source_and_poly = AND de_nFet_source poly
========================================================================
    generate layer de_nFet_source_and_poly, TYP = P, HPN = 0, FPN = 0, HEN = 0, FEN = 0

Time: cpu=0.00/0.23  real=0.00/0.23  Memory: 7.63/7.84/13.88



operation group: 746/1146
    denmos.3:L263060 = INTE de_nFet_source_and_poly -lt 0.925 -single_point -output region
========================================================================
    generate layer denmos.3:L263060, TYP = P, HPN = 0, FPN = 0, HEN = 0, FEN = 0

Time: cpu=0.00/0.23  real=0.00/0.23  Memory: 7.63/7.84/13.88

    delete layer de_nFet_source_and_poly

    Rule Check denmos.3 finished, 0 error(s) reported.

Time: cpu=0.00/0.23  real=0.00/0.23  Memory: 7.63/7.84/13.88



operation group: 747/1146
    isolated_ntap = SELECT -interact de_nFet_SD poly -not
========================================================================
    generate layer isolated_ntap, TYP = P, HPN = 0, FPN = 0, HEN = 0, FEN = 0

Time: cpu=0.00/0.23  real=0.00/0.23  Memory: 7.63/7.84/13.88

    delete layer de_nFet_SD


operation group: 748/1146
    de_nFet_drain_pvsTmp1 = AND isolated_ntap areaid.de_nFet
========================================================================
    generate layer de_nFet_drain_pvsTmp1, TYP = P, HPN = 0, FPN = 0, HEN = 0, FEN = 0

Time: cpu=0.00/0.23  real=0.00/0.23  Memory: 7.63/7.84/13.88

    delete layer isolated_ntap
    delete layer areaid.de_nFet


operation group: 749/1146
    de_nFet_drain = SELECT -inside de_nFet_drain_pvsTmp1 nwell
========================================================================
    generate layer de_nFet_drain, TYP = P, HPN = 0, FPN = 0, HEN = 0, FEN = 0

Time: cpu=0.00/0.23  real=0.00/0.23  Memory: 7.63/7.84/13.88

    delete layer de_nFet_drain_pvsTmp1


operation group: 750/1146
    de_nFet_drain_ortho = ANGLE de_nFet_drain -ltgt 0 90 -not
========================================================================
    generate layer de_nFet_drain_ortho, TYP = E, HPN = 0, FPN = 0, HEN = 0, FEN = 0

Time: cpu=0.00/0.23  real=0.00/0.23  Memory: 7.63/7.84/13.88



operation group: 751/1146
    de_nFet_drain_bad = EDGE_LENGTH de_nFet_drain_ortho -lt 0.17
========================================================================
    generate layer de_nFet_drain_bad, TYP = E, HPN = 0, FPN = 0, HEN = 0, FEN = 0

Time: cpu=0.00/0.23  real=0.00/0.23  Memory: 7.63/7.84/13.88

    delete layer de_nFet_drain_ortho


operation group: 752/1146
    denmos.4:L263063 = COPY de_nFet_drain_bad
========================================================================
    generate layer denmos.4:L263063, TYP = E, HPN = 0, FPN = 0, HEN = 0, FEN = 0

Time: cpu=0.00/0.23  real=0.00/0.23  Memory: 7.63/7.84/13.88

    delete layer de_nFet_drain_bad

    Rule Check denmos.4 finished, 0 error(s) reported.

Time: cpu=0.00/0.23  real=0.00/0.23  Memory: 7.63/7.84/13.88



operation group: 753/1146
    de_nFet_source_nwell = AND de_nFet_source nwell
========================================================================
    generate layer de_nFet_source_nwell, TYP = P, HPN = 0, FPN = 0, HEN = 0, FEN = 0

Time: cpu=0.00/0.23  real=0.00/0.23  Memory: 7.63/7.84/13.88



operation group: 754/1146
    denmos.5:L263065 = WITH_WIDTH de_nFet_source_nwell -eq 0.225 -not
========================================================================
    generate layer denmos.5:L263065, TYP = P, HPN = 0, FPN = 0, HEN = 0, FEN = 0

Time: cpu=0.00/0.23  real=0.00/0.23  Memory: 7.63/7.84/13.88

    delete layer de_nFet_source_nwell

    Rule Check denmos.5 finished, 0 error(s) reported.

Time: cpu=0.00/0.23  real=0.00/0.23  Memory: 7.63/7.84/13.88



operation group: 755/1146
    de_nFet_good_region = EXTE de_nFet_drain de_nFet_source -eq 1.585 -single_point -para only -metric opposite -output region
========================================================================
    generate layer de_nFet_good_region, TYP = P, HPN = 0, FPN = 0, HEN = 0, FEN = 0

Time: cpu=0.00/0.23  real=0.00/0.23  Memory: 7.63/7.84/13.88



operation group: 756/1146
    de_nFet_source_bad = SELECT -touch de_nFet_source de_nFet_good_region -not
========================================================================
    generate layer de_nFet_source_bad, TYP = P, HPN = 0, FPN = 0, HEN = 0, FEN = 0

Time: cpu=0.00/0.23  real=0.00/0.23  Memory: 7.63/7.84/13.88

    delete layer de_nFet_good_region


operation group: 757/1146
    denmos.6:L263068 = EXTE de_nFet_drain de_nFet_source_bad -lt 3 -para only -metric opposite -output region
========================================================================
    generate layer denmos.6:L263068, TYP = P, HPN = 0, FPN = 0, HEN = 0, FEN = 0

Time: cpu=0.00/0.23  real=0.00/0.23  Memory: 7.63/7.84/13.88

    delete layer de_nFet_source_bad

    Rule Check denmos.6 finished, 0 error(s) reported.

Time: cpu=0.00/0.23  real=0.00/0.23  Memory: 7.63/7.84/13.88



operation group: 758/1146
    denmos_width = EDGE_BOOLEAN de_nFet_gate diff -inside
========================================================================
    generate layer denmos_width, TYP = E, HPN = 0, FPN = 0, HEN = 0, FEN = 0

Time: cpu=0.00/0.23  real=0.00/0.23  Memory: 7.63/7.84/13.88

    delete layer de_nFet_gate


operation group: 759/1146
    denmos.7:L263070 = EDGE_LENGTH denmos_width -lt 5
========================================================================
    generate layer denmos.7:L263070, TYP = E, HPN = 0, FPN = 0, HEN = 0, FEN = 0

Time: cpu=0.00/0.23  real=0.00/0.23  Memory: 7.63/7.84/13.88

    delete layer denmos_width

    Rule Check denmos.7 finished, 0 error(s) reported.

Time: cpu=0.00/0.23  real=0.00/0.23  Memory: 7.63/7.84/13.88



operation group: 760/1146
    denmos.8_nwell = SELECT -enclose nwell de_nFet_drain
========================================================================
    generate layer denmos.8_nwell, TYP = P, HPN = 0, FPN = 0, HEN = 0, FEN = 0

Time: cpu=0.00/0.23  real=0.00/0.23  Memory: 7.63/7.84/13.88



operation group: 761/1146
    denmos.8:L263072 = VERTEX denmos.8_nwell -lt 8
========================================================================
    generate layer denmos.8:L263072, TYP = P, HPN = 0, FPN = 0, HEN = 0, FEN = 0

Time: cpu=0.00/0.23  real=0.00/0.23  Memory: 7.63/7.84/13.88

    delete layer denmos.8_nwell

    Rule Check denmos.8 finished, 0 error(s) reported.

Time: cpu=0.00/0.23  real=0.00/0.23  Memory: 7.63/7.84/13.88



operation group: 762/1146
    nwell_ovlp_de_nFET_Drain = SELECT -cut nwell de_nFet_drain
========================================================================
    generate layer nwell_ovlp_de_nFET_Drain, TYP = P, HPN = 0, FPN = 0, HEN = 0, FEN = 0

Time: cpu=0.00/0.23  real=0.00/0.23  Memory: 7.63/7.84/13.88

    delete layer de_nFet_drain


operation group: 763/1146
    denmos.10.region = ENC ntap nwell_ovlp_de_nFET_Drain -lt 0.66 -output region
========================================================================
    generate layer denmos.10.region, TYP = P, HPN = 0, FPN = 0, HEN = 0, FEN = 0

Time: cpu=0.00/0.23  real=0.00/0.23  Memory: 7.63/7.84/13.88



operation group: 764/1146
    denmos.10.bad = SELECT -interact denmos.10.region de_nFet_source -not
========================================================================
    generate layer denmos.10.bad, TYP = P, HPN = 0, FPN = 0, HEN = 0, FEN = 0

Time: cpu=0.00/0.23  real=0.00/0.23  Memory: 7.63/7.84/13.88

    delete layer denmos.10.region


operation group: 765/1146
    denmos.10:L263075 = COPY denmos.10.bad
========================================================================
    generate layer denmos.10:L263075, TYP = P, HPN = 0, FPN = 0, HEN = 0, FEN = 0

Time: cpu=0.00/0.23  real=0.00/0.23  Memory: 7.63/7.84/13.88

    delete layer denmos.10.bad

    Rule Check denmos.10 finished, 0 error(s) reported.

Time: cpu=0.00/0.23  real=0.00/0.23  Memory: 7.63/7.84/13.88



operation group: 766/1146
    denmos.11:L263077 = EXTE ptap_actual nwell_ovlp_de_nFET_Drain -lt 0.86 -single_point -output region
========================================================================
    generate layer denmos.11:L263077, TYP = P, HPN = 0, FPN = 0, HEN = 0, FEN = 0

Time: cpu=0.00/0.23  real=0.00/0.23  Memory: 7.63/7.84/13.88

    delete layer ptap_actual

    Rule Check denmos.11 finished, 0 error(s) reported.

Time: cpu=0.00/0.23  real=0.00/0.23  Memory: 7.63/7.84/13.88



operation group: 767/1146
    denmos.12:L263078 = EXTE nwell_ovlp_de_nFET_Drain -lt 2.4 -single_point -output region
========================================================================
    generate layer denmos.12:L263078, TYP = P, HPN = 0, FPN = 0, HEN = 0, FEN = 0

Time: cpu=0.00/0.23  real=0.00/0.23  Memory: 7.63/7.84/13.88

    delete layer nwell_ovlp_de_nFET_Drain

    Rule Check denmos.12 finished, 0 error(s) reported.

Time: cpu=0.00/0.23  real=0.00/0.23  Memory: 7.62/7.84/13.88



operation group: 768/1146
    denmos.13:L263079 = ENC de_nFet_source nsdm -lt 0.13 -output region
========================================================================
    generate layer denmos.13:L263079, TYP = P, HPN = 0, FPN = 0, HEN = 0, FEN = 0

Time: cpu=0.00/0.23  real=0.00/0.23  Memory: 7.62/7.84/13.88

    delete layer de_nFet_source
    delete layer nsdm

    Rule Check denmos.13 finished, 0 error(s) reported.

Time: cpu=0.00/0.23  real=0.00/0.23  Memory: 7.62/7.84/13.88



operation group: 769/1146
    areaid.de_pFet = AND areaid.en dnwell
========================================================================
    generate layer areaid.de_pFet, TYP = P, HPN = 0, FPN = 0, HEN = 0, FEN = 0

Time: cpu=0.00/0.23  real=0.00/0.23  Memory: 7.62/7.84/13.88

    delete layer areaid.en


operation group: 770/1146
    de_pFet_SD = AND diff areaid.de_pFet
========================================================================
    generate layer de_pFet_SD, TYP = P, HPN = 0, FPN = 0, HEN = 0, FEN = 0

Time: cpu=0.00/0.23  real=0.00/0.23  Memory: 7.62/7.84/13.88



operation group: 771/1146
    de_pFet_gate = SELECT -cut poly de_pFet_SD
========================================================================
    generate layer de_pFet_gate, TYP = P, HPN = 0, FPN = 0, HEN = 0, FEN = 0

Time: cpu=0.00/0.23  real=0.00/0.23  Memory: 7.62/7.84/13.88



operation group: 772/1146
    depmos.1:L263087 = INTE de_pFet_gate -lt 1.05 -single_point -output region
========================================================================
    generate layer depmos.1:L263087, TYP = P, HPN = 0, FPN = 0, HEN = 0, FEN = 0

Time: cpu=0.00/0.23  real=0.00/0.23  Memory: 7.62/7.84/13.88


    Rule Check depmos.1 finished, 0 error(s) reported.

Time: cpu=0.00/0.23  real=0.00/0.23  Memory: 7.62/7.84/13.88



operation group: 773/1146
    isolated_ptap = SELECT -interact de_pFet_SD poly -not
========================================================================
    generate layer isolated_ptap, TYP = P, HPN = 0, FPN = 0, HEN = 0, FEN = 0

Time: cpu=0.00/0.23  real=0.00/0.23  Memory: 7.62/7.84/13.88



operation group: 774/1146
    de_pFet_drain_pvsTmp1 = AND isolated_ptap areaid.de_pFet
========================================================================
    generate layer de_pFet_drain_pvsTmp1, TYP = P, HPN = 0, FPN = 0, HEN = 0, FEN = 0

Time: cpu=0.00/0.23  real=0.00/0.23  Memory: 7.62/7.84/13.88

    delete layer isolated_ptap
    delete layer areaid.de_pFet


operation group: 775/1146
    de_pFet_drain = SELECT -inside de_pFet_drain_pvsTmp1 nwell -not
========================================================================
    generate layer de_pFet_drain, TYP = P, HPN = 0, FPN = 0, HEN = 0, FEN = 0

Time: cpu=0.00/0.23  real=0.00/0.23  Memory: 7.62/7.84/13.88

    delete layer de_pFet_drain_pvsTmp1


operation group: 776/1146
    de_pFet_source = NOT de_pFet_SD de_pFet_drain
========================================================================
    generate layer de_pFet_source, TYP = P, HPN = 0, FPN = 0, HEN = 0, FEN = 0

Time: cpu=0.00/0.23  real=0.00/0.23  Memory: 7.62/7.84/13.88

    delete layer de_pFet_SD


operation group: 777/1146
    de_pFet_source_not_poly = NOT de_pFet_source poly
========================================================================
    generate layer de_pFet_source_not_poly, TYP = P, HPN = 0, FPN = 0, HEN = 0, FEN = 0

Time: cpu=0.00/0.23  real=0.00/0.23  Memory: 7.62/7.84/13.88



operation group: 778/1146
    depmos.2:L263090 = INTE de_pFet_source_not_poly -lt 0.28 -single_point -output region
========================================================================
    generate layer depmos.2:L263090, TYP = P, HPN = 0, FPN = 0, HEN = 0, FEN = 0

Time: cpu=0.00/0.23  real=0.00/0.23  Memory: 7.62/7.84/13.88

    delete layer de_pFet_source_not_poly

    Rule Check depmos.2 finished, 0 error(s) reported.

Time: cpu=0.00/0.23  real=0.00/0.23  Memory: 7.62/7.84/13.88



operation group: 779/1146
    de_pFet_source_and_poly = AND de_pFet_source poly
========================================================================
    generate layer de_pFet_source_and_poly, TYP = P, HPN = 0, FPN = 0, HEN = 0, FEN = 0

Time: cpu=0.00/0.23  real=0.00/0.23  Memory: 7.62/7.84/13.88



operation group: 780/1146
    depmos.3:L263091 = INTE de_pFet_source_and_poly -lt 0.92 -single_point -output region
========================================================================
    generate layer depmos.3:L263091, TYP = P, HPN = 0, FPN = 0, HEN = 0, FEN = 0

Time: cpu=0.00/0.23  real=0.00/0.23  Memory: 7.62/7.84/13.88

    delete layer de_pFet_source_and_poly

    Rule Check depmos.3 finished, 0 error(s) reported.

Time: cpu=0.00/0.23  real=0.00/0.23  Memory: 7.62/7.84/13.88



operation group: 781/1146
    de_pFet_drain_ortho = ANGLE de_pFet_drain -ltgt 0 90 -not
========================================================================
    generate layer de_pFet_drain_ortho, TYP = E, HPN = 0, FPN = 0, HEN = 0, FEN = 0

Time: cpu=0.00/0.23  real=0.00/0.23  Memory: 7.62/7.84/13.88



operation group: 782/1146
    de_pFet_drain_bad = EDGE_LENGTH de_pFet_drain_ortho -lt 0.17
========================================================================
    generate layer de_pFet_drain_bad, TYP = E, HPN = 0, FPN = 0, HEN = 0, FEN = 0

Time: cpu=0.00/0.23  real=0.00/0.23  Memory: 7.62/7.84/13.88

    delete layer de_pFet_drain_ortho


operation group: 783/1146
    depmos.4:L263094 = COPY de_pFet_drain_bad
========================================================================
    generate layer depmos.4:L263094, TYP = E, HPN = 0, FPN = 0, HEN = 0, FEN = 0

Time: cpu=0.00/0.23  real=0.00/0.23  Memory: 7.62/7.84/13.88

    delete layer de_pFet_drain_bad

    Rule Check depmos.4 finished, 0 error(s) reported.

Time: cpu=0.00/0.23  real=0.00/0.23  Memory: 7.62/7.84/13.88



operation group: 784/1146
    de_pFet_source_w_nwell = SELECT -cut de_pFet_source nwell
========================================================================
    generate layer de_pFet_source_w_nwell, TYP = P, HPN = 0, FPN = 0, HEN = 0, FEN = 0

Time: cpu=0.00/0.23  real=0.00/0.23  Memory: 7.62/7.84/13.88



operation group: 785/1146
    de_pFet_source_not_nwell = NOT de_pFet_source_w_nwell nwell
========================================================================
    generate layer de_pFet_source_not_nwell, TYP = P, HPN = 0, FPN = 0, HEN = 0, FEN = 0

Time: cpu=0.00/0.23  real=0.00/0.23  Memory: 7.62/7.84/13.88

    delete layer de_pFet_source_w_nwell


operation group: 786/1146
    depmos.5:L263097 = WITH_WIDTH de_pFet_source_not_nwell -ne 0.26
========================================================================
    generate layer depmos.5:L263097, TYP = P, HPN = 0, FPN = 0, HEN = 0, FEN = 0

Time: cpu=0.00/0.23  real=0.00/0.23  Memory: 7.62/7.84/13.88

    delete layer de_pFet_source_not_nwell

    Rule Check depmos.5 finished, 0 error(s) reported.

Time: cpu=0.00/0.23  real=0.00/0.23  Memory: 7.62/7.84/13.88



operation group: 787/1146
    de_pFet_good_region = EXTE de_pFet_drain de_pFet_source -eq 1.19 -single_point -para only -metric opposite -output region
========================================================================
    generate layer de_pFet_good_region, TYP = P, HPN = 0, FPN = 0, HEN = 0, FEN = 0

Time: cpu=0.00/0.23  real=0.00/0.23  Memory: 7.62/7.84/13.88



operation group: 788/1146
    de_pFet_source_bad = SELECT -touch de_pFet_source de_pFet_good_region -not
========================================================================
    generate layer de_pFet_source_bad, TYP = P, HPN = 0, FPN = 0, HEN = 0, FEN = 0

Time: cpu=0.00/0.23  real=0.00/0.23  Memory: 7.62/7.84/13.88

    delete layer de_pFet_good_region


operation group: 789/1146
    depmos.6:L263100 = EXTE de_pFet_drain de_pFet_source_bad -lt 2 -para only -metric opposite -output region
========================================================================
    generate layer depmos.6:L263100, TYP = P, HPN = 0, FPN = 0, HEN = 0, FEN = 0

Time: cpu=0.00/0.23  real=0.00/0.23  Memory: 7.62/7.84/13.88

    delete layer de_pFet_source_bad

    Rule Check depmos.6 finished, 0 error(s) reported.

Time: cpu=0.00/0.23  real=0.00/0.23  Memory: 7.62/7.84/13.88



operation group: 790/1146
    depmos_width = EDGE_BOOLEAN de_pFet_gate diff -inside
========================================================================
    generate layer depmos_width, TYP = E, HPN = 0, FPN = 0, HEN = 0, FEN = 0

Time: cpu=0.00/0.23  real=0.00/0.23  Memory: 7.62/7.84/13.88

    delete layer de_pFet_gate


operation group: 791/1146
    depmos.7:L263102 = EDGE_LENGTH depmos_width -lt 5
========================================================================
    generate layer depmos.7:L263102, TYP = E, HPN = 0, FPN = 0, HEN = 0, FEN = 0

Time: cpu=0.00/0.23  real=0.00/0.23  Memory: 7.62/7.84/13.88

    delete layer depmos_width

    Rule Check depmos.7 finished, 0 error(s) reported.

Time: cpu=0.00/0.23  real=0.00/0.23  Memory: 7.62/7.84/13.88



operation group: 792/1146
    nwell_holes = HOLES nwell
========================================================================
    layer nwell_holes not generated, operation is dynamically optimized out.

Time: cpu=0.00/0.23  real=0.00/0.23  Memory: 7.62/7.84/13.88



operation group: 793/1146
    depmos.8_nwell = SELECT -enclose nwell_holes de_pFet_drain
========================================================================
    generate layer depmos.8_nwell, TYP = P, HPN = 0, FPN = 0, HEN = 0, FEN = 0

Time: cpu=0.00/0.23  real=0.00/0.23  Memory: 7.62/7.84/13.88



operation group: 794/1146
    depmos.8:L263105 = VERTEX depmos.8_nwell -lt 8
========================================================================
    generate layer depmos.8:L263105, TYP = P, HPN = 0, FPN = 0, HEN = 0, FEN = 0

Time: cpu=0.00/0.23  real=0.00/0.23  Memory: 7.62/7.84/13.88


    Rule Check depmos.8 finished, 0 error(s) reported.

Time: cpu=0.00/0.23  real=0.00/0.23  Memory: 7.62/7.84/13.88



operation group: 795/1146
    depmos.10:L263106 = ENC de_pFet_drain nwell_holes -lt 0.86 -output region
========================================================================
    generate layer depmos.10:L263106, TYP = P, HPN = 0, FPN = 0, HEN = 0, FEN = 0

Time: cpu=0.00/0.23  real=0.00/0.23  Memory: 7.62/7.84/13.88

    delete layer de_pFet_drain
    delete layer nwell_holes

    Rule Check depmos.10 finished, 0 error(s) reported.

Time: cpu=0.00/0.23  real=0.00/0.23  Memory: 7.62/7.84/13.88



operation group: 796/1146
    depmos.11:L263108 = EXTE ntap_actual depmos.8_nwell -lt 0.66 -single_point -output region
========================================================================
    generate layer depmos.11:L263108, TYP = P, HPN = 0, FPN = 0, HEN = 0, FEN = 0

Time: cpu=0.00/0.23  real=0.00/0.23  Memory: 7.62/7.84/13.88

    delete layer ntap_actual
    delete layer depmos.8_nwell

    Rule Check depmos.11 finished, 0 error(s) reported.

Time: cpu=0.00/0.23  real=0.00/0.23  Memory: 7.62/7.84/13.88



operation group: 797/1146
    depmos.12:L263109 = ENC de_pFet_source psdm -lt 0.13 -output region
========================================================================
    generate layer depmos.12:L263109, TYP = P, HPN = 0, FPN = 0, HEN = 0, FEN = 0

Time: cpu=0.00/0.23  real=0.00/0.23  Memory: 7.62/7.84/13.88

    delete layer de_pFet_source
    delete layer psdm

    Rule Check depmos.12 finished, 0 error(s) reported.

Time: cpu=0.00/0.23  real=0.00/0.23  Memory: 7.62/7.84/13.88



operation group: 798/1146
    vhvi.uhvi:L263110 = AND vhvi uhvi
========================================================================
    generate layer vhvi.uhvi:L263110, TYP = P, HPN = 0, FPN = 0, HEN = 0, FEN = 0

Time: cpu=0.00/0.23  real=0.00/0.23  Memory: 7.62/7.84/13.88


    Rule Check vhvi.uhvi finished, 0 error(s) reported.

Time: cpu=0.00/0.23  real=0.00/0.23  Memory: 7.62/7.84/13.88



operation group: 799/1146
    vhvi.1:L263111 = INTE vhvi -lt 0.02 -single_point -output region
========================================================================
    generate layer vhvi.1:L263111, TYP = P, HPN = 0, FPN = 0, HEN = 0, FEN = 0

Time: cpu=0.00/0.23  real=0.00/0.23  Memory: 7.62/7.84/13.88


    Rule Check vhvi.1 finished, 0 error(s) reported.

Time: cpu=0.00/0.23  real=0.00/0.23  Memory: 7.62/7.84/13.88



operation group: 800/1146
    vhvi.2:L263112 = AND vhvi areaid.ce
========================================================================
    generate layer vhvi.2:L263112, TYP = P, HPN = 0, FPN = 0, HEN = 0, FEN = 0

Time: cpu=0.00/0.23  real=0.00/0.23  Memory: 7.62/7.84/13.88

    delete layer areaid.ce

    Rule Check vhvi.2 finished, 0 error(s) reported.

Time: cpu=0.00/0.23  real=0.00/0.23  Memory: 7.62/7.84/13.88



operation group: 801/1146
    VHVPoly = SELECT -inside poly vhvi
========================================================================
    generate layer VHVPoly, TYP = P, HPN = 0, FPN = 0, HEN = 0, FEN = 0

Time: cpu=0.00/0.23  real=0.00/0.23  Memory: 7.62/7.84/13.88



operation group: 802/1146
    VHVGate = AND VHVPoly diff
========================================================================
    generate layer VHVGate, TYP = P, HPN = 0, FPN = 0, HEN = 0, FEN = 0

Time: cpu=0.00/0.23  real=0.00/0.23  Memory: 7.62/7.84/13.88



operation group: 803/1146
    vhvi.3:L263113 = SELECT -interact VHVGate hvi -not
========================================================================
    generate layer vhvi.3:L263113, TYP = P, HPN = 0, FPN = 0, HEN = 0, FEN = 0

Time: cpu=0.00/0.23  real=0.00/0.23  Memory: 7.62/7.84/13.88

    delete layer VHVGate

    Rule Check vhvi.3 finished, 0 error(s) reported.

Time: cpu=0.00/0.23  real=0.00/0.23  Memory: 7.62/7.84/13.88



operation group: 804/1146
    dtap = AND diff tap
========================================================================
    layer dtap not generated, operation is dynamically optimized out.

Time: cpu=0.00/0.23  real=0.00/0.23  Memory: 7.62/7.84/13.88



operation group: 805/1146
    dhvi = AND dtap vhvi
========================================================================
    generate layer dhvi, TYP = P, HPN = 0, FPN = 0, HEN = 0, FEN = 0

Time: cpu=0.00/0.23  real=0.00/0.23  Memory: 7.62/7.84/13.88

    delete layer dtap


operation group: 806/1146
    dpoly = NOT dhvi poly
========================================================================
    generate layer dpoly, TYP = P, HPN = 0, FPN = 0, HEN = 0, FEN = 0

Time: cpu=0.00/0.23  real=0.00/0.23  Memory: 7.62/7.84/13.88

    delete layer dhvi


operation group: 807/1146
    VHVSourceDrain = NOT dpoly diff_res
========================================================================
    generate layer VHVSourceDrain, TYP = P, HPN = 0, FPN = 0, HEN = 0, FEN = 0

Time: cpu=0.00/0.23  real=0.00/0.23  Memory: 7.62/7.84/13.88

    delete layer dpoly


operation group: 808/1146
    vhvi.5:L263114 = SELECT -cut vhvi VHVSourceDrain
========================================================================
    generate layer vhvi.5:L263114, TYP = P, HPN = 0, FPN = 0, HEN = 0, FEN = 0

Time: cpu=0.00/0.23  real=0.00/0.23  Memory: 7.62/7.84/13.88


    Rule Check vhvi.5 finished, 0 error(s) reported.

Time: cpu=0.00/0.23  real=0.00/0.23  Memory: 7.62/7.84/13.88



operation group: 809/1146
    vhvi.6:vhvi.6_a = SELECT -interact vhvi VHVSourceDrain -not
========================================================================
    generate layer vhvi.6:vhvi.6_a, TYP = P, HPN = 0, FPN = 0, HEN = 0, FEN = 0

Time: cpu=0.00/0.23  real=0.00/0.23  Memory: 7.62/7.84/13.88

    delete layer VHVSourceDrain


operation group: 810/1146
    vhvi.6:L263116 = AND vhvi.6:vhvi.6_a poly
========================================================================
    generate layer vhvi.6:L263116, TYP = P, HPN = 0, FPN = 0, HEN = 0, FEN = 0

Time: cpu=0.00/0.23  real=0.00/0.23  Memory: 7.62/7.84/13.88

    delete layer vhvi.6:vhvi.6_a

    Rule Check vhvi.6 finished, 0 error(s) reported.

Time: cpu=0.00/0.23  real=0.00/0.23  Memory: 7.62/7.84/13.88



operation group: 811/1146
    vhvi.7:L263117 = SELECT -cut vhvi VHVPoly
========================================================================
    generate layer vhvi.7:L263117, TYP = P, HPN = 0, FPN = 0, HEN = 0, FEN = 0

Time: cpu=0.00/0.23  real=0.00/0.23  Memory: 7.62/7.84/13.88

    delete layer VHVPoly

    Rule Check vhvi.7 finished, 0 error(s) reported.

Time: cpu=0.00/0.23  real=0.00/0.23  Memory: 7.62/7.84/13.88



operation group: 812/1146
    uhvi.1:L263118 = SELECT -cut diff uhvi
========================================================================
    generate layer uhvi.1:L263118, TYP = P, HPN = 0, FPN = 0, HEN = 0, FEN = 0

Time: cpu=0.00/0.23  real=0.00/0.23  Memory: 7.62/7.84/13.88


    Rule Check uhvi.1 finished, 0 error(s) reported.

Time: cpu=0.00/0.23  real=0.00/0.23  Memory: 7.62/7.84/13.88



operation group: 813/1146
    uhvi.2:L263119 = SELECT -cut poly uhvi
========================================================================
    generate layer uhvi.2:L263119, TYP = P, HPN = 0, FPN = 0, HEN = 0, FEN = 0

Time: cpu=0.00/0.23  real=0.00/0.23  Memory: 7.62/7.84/13.88


    Rule Check uhvi.2 finished, 0 error(s) reported.

Time: cpu=0.00/0.23  real=0.00/0.23  Memory: 7.62/7.84/13.88



operation group: 814/1146
    pwbm_not_LV = NOT pwbm lv_net
========================================================================
    generate layer pwbm_not_LV, TYP = P, HPN = 0, FPN = 0, HEN = 0, FEN = 0

Time: cpu=0.00/0.23  real=0.00/0.23  Memory: 7.62/7.84/13.88

    delete layer pwbm
    delete layer lv_net


operation group: 815/1146
    uhvi.3:L263121 = SELECT -inside pwbm_not_LV uhvi -not
========================================================================
    generate layer uhvi.3:L263121, TYP = P, HPN = 0, FPN = 0, HEN = 0, FEN = 0

Time: cpu=0.00/0.23  real=0.00/0.23  Memory: 7.62/7.84/13.88

    delete layer pwbm_not_LV

    Rule Check uhvi.3 finished, 0 error(s) reported.

Time: cpu=0.00/0.23  real=0.00/0.23  Memory: 7.62/7.84/13.88



operation group: 816/1146
    uhvi.4:L263122 = SELECT -cut dnwell uhvi
========================================================================
    generate layer uhvi.4:L263122, TYP = P, HPN = 0, FPN = 0, HEN = 0, FEN = 0

Time: cpu=0.00/0.23  real=0.00/0.23  Memory: 7.62/7.84/13.88


    Rule Check uhvi.4 finished, 0 error(s) reported.

Time: cpu=0.00/0.23  real=0.00/0.23  Memory: 7.62/7.84/13.88



operation group: 817/1146
    pwres.3:L263123 = RECT_CHK pwell_res -eq 2.65 -not -by lege 26.5 265
========================================================================
    generate layer pwres.3:L263123, TYP = P, HPN = 0, FPN = 0, HEN = 0, FEN = 0

Time: cpu=0.00/0.23  real=0.00/0.23  Memory: 7.62/7.84/13.88


    Rule Check pwres.3 finished, 0 error(s) reported.

Time: cpu=0.00/0.23  real=0.00/0.23  Memory: 7.62/7.84/13.88



operation group: 818/1146
    pwres.5:pwres.5_a = SELECT -inside tap pwell_res
========================================================================
    generate layer pwres.5:pwres.5_a, TYP = P, HPN = 0, FPN = 0, HEN = 0, FEN = 0

Time: cpu=0.00/0.23  real=0.00/0.23  Memory: 7.62/7.84/13.88

    delete layer tap


operation group: 819/1146
    pwres.5:L263125 = EXTE pwres.5:pwres.5_a nwell -lt 0.22 -single_point -output region
========================================================================
    generate layer pwres.5:L263125, TYP = P, HPN = 0, FPN = 0, HEN = 0, FEN = 0

Time: cpu=0.00/0.23  real=0.00/0.23  Memory: 7.62/7.84/13.88


    Rule Check pwres.5 finished, 0 error(s) reported.

Time: cpu=0.00/0.23  real=0.00/0.23  Memory: 7.62/7.84/13.88



operation group: 820/1146
    pwres.6:L263127 = WITH_WIDTH pwres.5:pwres.5_a -ne 0.53
========================================================================
    generate layer pwres.6:L263127, TYP = P, HPN = 0, FPN = 0, HEN = 0, FEN = 0

Time: cpu=0.00/0.23  real=0.00/0.23  Memory: 7.62/7.84/13.88

    delete layer pwres.5:pwres.5_a

    Rule Check pwres.6 finished, 0 error(s) reported.

Time: cpu=0.00/0.23  real=0.00/0.23  Memory: 7.62/7.84/13.88



operation group: 821/1146
    pwell_terminal = SELECT -touch ptap pwell_res
========================================================================
    generate layer pwell_terminal, TYP = P, HPN = 0, FPN = 0, HEN = 0, FEN = 0

Time: cpu=0.00/0.23  real=0.00/0.23  Memory: 7.62/7.84/13.88



operation group: 822/1146
    pwres.7a:L263128 = SELECT -enclose pwell_terminal licon -eq 12 -not
========================================================================
    generate layer pwres.7a:L263128, TYP = P, HPN = 0, FPN = 0, HEN = 0, FEN = 0

Time: cpu=0.00/0.23  real=0.00/0.23  Memory: 7.62/7.84/13.88


    Rule Check pwres.7a finished, 0 error(s) reported.

Time: cpu=0.00/0.23  real=0.00/0.23  Memory: 7.62/7.84/13.88



operation group: 823/1146
    pwres.7b:L263133 = SELECT -enclose pwell_terminal mcon -eq 12 -not
========================================================================
    generate layer pwres.7b:L263133, TYP = P, HPN = 0, FPN = 0, HEN = 0, FEN = 0

Time: cpu=0.00/0.23  real=0.00/0.23  Memory: 7.62/7.84/13.88

    delete layer pwell_terminal

    Rule Check pwres.7b finished, 0 error(s) reported.

Time: cpu=0.00/0.23  real=0.00/0.23  Memory: 7.62/7.84/13.88



operation group: 824/1146
    pwres.8:L263134 = AND diff pwell_res
========================================================================
    generate layer pwres.8:L263134, TYP = P, HPN = 0, FPN = 0, HEN = 0, FEN = 0

Time: cpu=0.00/0.23  real=0.00/0.23  Memory: 7.62/7.84/13.88



operation group: 825/1146
    pwres.8:L263135 = AND poly pwell_res
========================================================================
    generate layer pwres.8:L263135, TYP = P, HPN = 0, FPN = 0, HEN = 0, FEN = 0

Time: cpu=0.00/0.23  real=0.00/0.23  Memory: 7.62/7.84/13.88

    delete layer pwell_res

    Rule Check pwres.8 finished, 0 error(s) reported.

Time: cpu=0.00/0.23  real=0.00/0.23  Memory: 7.62/7.84/13.88



operation group: 826/1146
    diff.fill.1:L263148 = VERTEX diff_fill -gt 4
========================================================================
    generate layer diff.fill.1:L263148, TYP = P, HPN = 0, FPN = 0, HEN = 0, FEN = 0

Time: cpu=0.00/0.23  real=0.00/0.23  Memory: 7.62/7.84/13.88


    Rule Check diff.fill.1 finished, 0 error(s) reported.

Time: cpu=0.00/0.23  real=0.00/0.23  Memory: 7.62/7.84/13.88



operation group: 827/1146
    diff.fill.2:L263149 = RECT_CHK diff_fill -lt 0.5
========================================================================
    generate layer diff.fill.2:L263149, TYP = P, HPN = 0, FPN = 0, HEN = 0, FEN = 0

Time: cpu=0.00/0.23  real=0.00/0.23  Memory: 7.62/7.84/13.88


    Rule Check diff.fill.2 finished, 0 error(s) reported.

Time: cpu=0.00/0.23  real=0.00/0.23  Memory: 7.62/7.84/13.88



operation group: 828/1146
    diff.fill.3:L263150 = RECT_CHK diff_fill -gt 25
========================================================================
    generate layer diff.fill.3:L263150, TYP = P, HPN = 0, FPN = 0, HEN = 0, FEN = 0

Time: cpu=0.00/0.23  real=0.00/0.23  Memory: 7.62/7.84/13.88


    Rule Check diff.fill.3 finished, 0 error(s) reported.

Time: cpu=0.00/0.23  real=0.00/0.23  Memory: 7.62/7.84/13.88



operation group: 829/1146
    diff.fill.4:L263151 = SELECT -outside diff_fill diff_in -not
========================================================================
    generate layer diff.fill.4:L263151, TYP = P, HPN = 0, FPN = 0, HEN = 0, FEN = 0

Time: cpu=0.00/0.23  real=0.00/0.23  Memory: 7.62/7.84/13.88


    Rule Check diff.fill.4 finished, 0 error(s) reported.

Time: cpu=0.00/0.23  real=0.00/0.23  Memory: 7.62/7.84/13.88



operation group: 830/1146
    diff.fill.5:L263152 = SELECT -outside diff_fill poly_dg -not
========================================================================
    generate layer diff.fill.5:L263152, TYP = P, HPN = 0, FPN = 0, HEN = 0, FEN = 0

Time: cpu=0.00/0.23  real=0.00/0.23  Memory: 7.62/7.84/13.88


    Rule Check diff.fill.5 finished, 0 error(s) reported.

Time: cpu=0.00/0.23  real=0.00/0.23  Memory: 7.62/7.84/13.88



operation group: 831/1146
    diff.fill.6:L263153 = SELECT -interact diff_fill licon
========================================================================
    generate layer diff.fill.6:L263153, TYP = P, HPN = 0, FPN = 0, HEN = 0, FEN = 0

Time: cpu=0.00/0.23  real=0.00/0.23  Memory: 7.62/7.84/13.88


    Rule Check diff.fill.6 finished, 0 error(s) reported.

Time: cpu=0.00/0.23  real=0.00/0.23  Memory: 7.62/7.84/13.88



operation group: 832/1146
    diff.fill.7:L263154 = SELECT -outside diff_fill SEALID -not
========================================================================
    generate layer diff.fill.7:L263154, TYP = P, HPN = 0, FPN = 0, HEN = 0, FEN = 0

Time: cpu=0.00/0.23  real=0.00/0.23  Memory: 7.62/7.84/13.88


    Rule Check diff.fill.7 finished, 0 error(s) reported.

Time: cpu=0.00/0.23  real=0.00/0.23  Memory: 7.62/7.84/13.88



operation group: 833/1146
    diff.fill.8:L263155 = SELECT -outside diff_fill diff_fillblock -not
========================================================================
    generate layer diff.fill.8:L263155, TYP = P, HPN = 0, FPN = 0, HEN = 0, FEN = 0

Time: cpu=0.00/0.23  real=0.00/0.23  Memory: 7.62/7.84/13.88


    Rule Check diff.fill.8 finished, 0 error(s) reported.

Time: cpu=0.00/0.23  real=0.00/0.23  Memory: 7.62/7.84/13.88



operation group: 834/1146
    diff.fill.9:L263156 = EXTE diff_fill -lt 0.4 -single_point -output region
========================================================================
    generate layer diff.fill.9:L263156, TYP = P, HPN = 0, FPN = 0, HEN = 0, FEN = 0

Time: cpu=0.00/0.23  real=0.00/0.23  Memory: 7.62/7.84/13.88


    Rule Check diff.fill.9 finished, 0 error(s) reported.

Time: cpu=0.00/0.23  real=0.00/0.23  Memory: 7.62/7.84/13.88



operation group: 835/1146
    diff.fill.10:L263157 = EXTE diff_fill diff_in -lt 0.5 -output region
========================================================================
    generate layer diff.fill.10:L263157, TYP = P, HPN = 0, FPN = 0, HEN = 0, FEN = 0

Time: cpu=0.00/0.23  real=0.00/0.23  Memory: 7.62/7.84/13.88



operation group: 836/1146
    diff.fill.10:L263158 = SELECT -touch diff_fill diff_in
========================================================================
    generate layer diff.fill.10:L263158, TYP = P, HPN = 0, FPN = 0, HEN = 0, FEN = 0

Time: cpu=0.00/0.23  real=0.00/0.23  Memory: 7.62/7.84/13.88


    Rule Check diff.fill.10 finished, 0 error(s) reported.

Time: cpu=0.00/0.23  real=0.00/0.23  Memory: 7.61/7.84/13.88



operation group: 837/1146
    diff.fill.11:L263159 = EXTE diff_fill diff_fillblock -lt 0.5 -output region
========================================================================
    generate layer diff.fill.11:L263159, TYP = P, HPN = 0, FPN = 0, HEN = 0, FEN = 0

Time: cpu=0.00/0.23  real=0.00/0.23  Memory: 7.61/7.84/13.88



operation group: 838/1146
    diff.fill.11:L263160 = SELECT -touch diff_fill diff_fillblock
========================================================================
    generate layer diff.fill.11:L263160, TYP = P, HPN = 0, FPN = 0, HEN = 0, FEN = 0

Time: cpu=0.00/0.23  real=0.00/0.23  Memory: 7.61/7.84/13.88



operation group: 839/1146
    diff.fill.11:L263161 = SELECT -interact diff_fill diff_fillblock -single_point only
========================================================================
    generate layer diff.fill.11:L263161, TYP = P, HPN = 0, FPN = 0, HEN = 0, FEN = 0

Time: cpu=0.00/0.23  real=0.00/0.23  Memory: 7.61/7.84/13.88

    delete layer diff_fillblock

    Rule Check diff.fill.11 finished, 0 error(s) reported.

Time: cpu=0.00/0.23  real=0.00/0.23  Memory: 7.61/7.84/13.88



operation group: 840/1146
    diff.fill.12:L263163 = EXTE diff_fill psd.5 -lt 0.13 -output region
========================================================================
    generate layer diff.fill.12:L263163, TYP = P, HPN = 0, FPN = 0, HEN = 0, FEN = 0

Time: cpu=0.00/0.23  real=0.00/0.23  Memory: 7.61/7.84/13.88



operation group: 841/1146
    diff.fill.12:L263165 = SELECT -touch diff_fill psd.5
========================================================================
    generate layer diff.fill.12:L263165, TYP = P, HPN = 0, FPN = 0, HEN = 0, FEN = 0

Time: cpu=0.00/0.23  real=0.00/0.23  Memory: 7.61/7.84/13.88

    delete layer psd.5

    Rule Check diff.fill.12 finished, 0 error(s) reported.

Time: cpu=0.00/0.23  real=0.00/0.23  Memory: 7.61/7.84/13.88



operation group: 842/1146
    diff.fill.13:L263166 = EXTE diff_fill poly_dg -lt 0.5 -output region
========================================================================
    generate layer diff.fill.13:L263166, TYP = P, HPN = 0, FPN = 0, HEN = 0, FEN = 0

Time: cpu=0.00/0.23  real=0.00/0.23  Memory: 7.61/7.84/13.88



operation group: 843/1146
    diff.fill.13:L263167 = SELECT -touch diff_fill poly_dg
========================================================================
    generate layer diff.fill.13:L263167, TYP = P, HPN = 0, FPN = 0, HEN = 0, FEN = 0

Time: cpu=0.00/0.23  real=0.00/0.23  Memory: 7.61/7.84/13.88


    Rule Check diff.fill.13 finished, 0 error(s) reported.

Time: cpu=0.00/0.23  real=0.00/0.23  Memory: 7.61/7.84/13.88



operation group: 844/1146
    diff.fill.14:L263168 = EXTE diff_fill nwell -lt 0.34 -output region
========================================================================
    generate layer diff.fill.14:L263168, TYP = P, HPN = 0, FPN = 0, HEN = 0, FEN = 0

Time: cpu=0.00/0.23  real=0.00/0.23  Memory: 7.61/7.84/13.88



operation group: 845/1146
    diff.fill.14:L263169 = SELECT -touch diff_fill nwell
========================================================================
    generate layer diff.fill.14:L263169, TYP = P, HPN = 0, FPN = 0, HEN = 0, FEN = 0

Time: cpu=0.00/0.23  real=0.00/0.23  Memory: 7.61/7.84/13.88


    Rule Check diff.fill.14 finished, 0 error(s) reported.

Time: cpu=0.00/0.23  real=0.00/0.23  Memory: 7.61/7.84/13.88



operation group: 846/1146
    all_hvi = OR hvi vhvi uhvi
========================================================================
    generate layer all_hvi, TYP = P, HPN = 0, FPN = 0, HEN = 0, FEN = 0

Time: cpu=0.00/0.23  real=0.00/0.23  Memory: 7.61/7.84/13.88



operation group: 847/1146
    diff.fill.15:_EPTMPL263170 = AND nwell all_hvi
========================================================================
    generate layer diff.fill.15:_EPTMPL263170, TYP = P, HPN = 0, FPN = 0, HEN = 0, FEN = 0

Time: cpu=0.00/0.23  real=0.00/0.23  Memory: 7.61/7.84/13.88



operation group: 848/1146
    diff.fill.15:L263171 = EXTE diff_fill diff.fill.15:_EPTMPL263170 -lt 0.33 -output region
========================================================================
    generate layer diff.fill.15:L263171, TYP = P, HPN = 0, FPN = 0, HEN = 0, FEN = 0

Time: cpu=0.00/0.23  real=0.00/0.23  Memory: 7.61/7.84/13.88



operation group: 849/1146
    diff.fill.15:L263173 = SELECT -touch diff_fill diff.fill.15:_EPTMPL263170
========================================================================
    generate layer diff.fill.15:L263173, TYP = P, HPN = 0, FPN = 0, HEN = 0, FEN = 0

Time: cpu=0.00/0.23  real=0.00/0.23  Memory: 7.61/7.84/13.88

    delete layer diff.fill.15:_EPTMPL263170

    Rule Check diff.fill.15 finished, 0 error(s) reported.

Time: cpu=0.00/0.23  real=0.00/0.23  Memory: 7.61/7.84/13.88



operation group: 850/1146
    diff.fill.16:L263174 = EXTE diff_fill SEALID -lt 1 -output region
========================================================================
    generate layer diff.fill.16:L263174, TYP = P, HPN = 0, FPN = 0, HEN = 0, FEN = 0

Time: cpu=0.00/0.23  real=0.00/0.23  Memory: 7.61/7.84/13.88



operation group: 851/1146
    diff.fill.16:L263175 = SELECT -touch diff_fill SEALID
========================================================================
    generate layer diff.fill.16:L263175, TYP = P, HPN = 0, FPN = 0, HEN = 0, FEN = 0

Time: cpu=0.00/0.23  real=0.00/0.23  Memory: 7.61/7.84/13.88



operation group: 852/1146
    diff.fill.16:L263176 = SELECT -interact diff_fill SEALID -single_point only
========================================================================
    generate layer diff.fill.16:L263176, TYP = P, HPN = 0, FPN = 0, HEN = 0, FEN = 0

Time: cpu=0.00/0.23  real=0.00/0.23  Memory: 7.61/7.84/13.88


    Rule Check diff.fill.16 finished, 0 error(s) reported.

Time: cpu=0.00/0.23  real=0.00/0.23  Memory: 7.61/7.84/13.88



operation group: 853/1146
    diff.fill.17:L263179 = ENC diff_fill Var_channel_pvsTmp1 -lt 0.18 -output region
========================================================================
    generate layer diff.fill.17:L263179, TYP = P, HPN = 0, FPN = 0, HEN = 0, FEN = 0

Time: cpu=0.00/0.23  real=0.00/0.23  Memory: 7.61/7.84/13.88



operation group: 854/1146
    diff.fill.17:L263180 = EDGE_SELECT diff_fill Var_channel_pvsTmp1 -coincident_only -inside
========================================================================
    generate layer diff.fill.17:L263180, TYP = E, HPN = 0, FPN = 0, HEN = 0, FEN = 0

Time: cpu=0.00/0.23  real=0.00/0.23  Memory: 7.61/7.84/13.88



operation group: 855/1146
    diff.fill.17:L263181 = SELECT -cut diff_fill Var_channel_pvsTmp1
========================================================================
    generate layer diff.fill.17:L263181, TYP = P, HPN = 0, FPN = 0, HEN = 0, FEN = 0

Time: cpu=0.00/0.23  real=0.00/0.23  Memory: 7.61/7.84/13.88

    delete layer Var_channel_pvsTmp1

    Rule Check diff.fill.17 finished, 0 error(s) reported.

Time: cpu=0.00/0.23  real=0.00/0.23  Memory: 7.61/7.84/13.88



operation group: 856/1146
    diff.fill.18:L263182 = ENC diff_fill nhvi -lt 0.43 -output region
========================================================================
    generate layer diff.fill.18:L263182, TYP = P, HPN = 0, FPN = 0, HEN = 0, FEN = 0

Time: cpu=0.00/0.23  real=0.00/0.23  Memory: 7.61/7.84/13.88



operation group: 857/1146
    diff.fill.18:L263183 = EDGE_SELECT diff_fill nhvi -coincident_only -inside
========================================================================
    generate layer diff.fill.18:L263183, TYP = E, HPN = 0, FPN = 0, HEN = 0, FEN = 0

Time: cpu=0.00/0.23  real=0.00/0.23  Memory: 7.61/7.84/13.88



operation group: 858/1146
    diff.fill.18:L263184 = SELECT -cut diff_fill nhvi
========================================================================
    generate layer diff.fill.18:L263184, TYP = P, HPN = 0, FPN = 0, HEN = 0, FEN = 0

Time: cpu=0.00/0.23  real=0.00/0.23  Memory: 7.61/7.84/13.88

    delete layer nhvi

    Rule Check diff.fill.18 finished, 0 error(s) reported.

Time: cpu=0.00/0.23  real=0.00/0.23  Memory: 7.61/7.84/13.88



operation group: 859/1146
    diff.fill.19:L263185 = ENC diff_fill areaid.fe -lt 0.5 -output region
========================================================================
    generate layer diff.fill.19:L263185, TYP = P, HPN = 0, FPN = 0, HEN = 0, FEN = 0

Time: cpu=0.00/0.23  real=0.00/0.23  Memory: 7.61/7.84/13.88



operation group: 860/1146
    diff.fill.19:L263186 = EDGE_SELECT diff_fill areaid.fe -coincident_only -inside
========================================================================
    generate layer diff.fill.19:L263186, TYP = E, HPN = 0, FPN = 0, HEN = 0, FEN = 0

Time: cpu=0.00/0.23  real=0.00/0.23  Memory: 7.61/7.84/13.88



operation group: 861/1146
    diff.fill.19:L263187 = SELECT -cut diff_fill areaid.fe
========================================================================
    generate layer diff.fill.19:L263187, TYP = P, HPN = 0, FPN = 0, HEN = 0, FEN = 0

Time: cpu=0.00/0.23  real=0.00/0.23  Memory: 7.61/7.84/13.88


    Rule Check diff.fill.19 finished, 0 error(s) reported.

Time: cpu=0.00/0.23  real=0.00/0.23  Memory: 7.61/7.84/13.88



operation group: 862/1146
    poly.fill.1:L263188 = VERTEX poly_fill -gt 4
========================================================================
    generate layer poly.fill.1:L263188, TYP = P, HPN = 0, FPN = 0, HEN = 0, FEN = 0

Time: cpu=0.00/0.23  real=0.00/0.23  Memory: 7.61/7.84/13.88


    Rule Check poly.fill.1 finished, 0 error(s) reported.

Time: cpu=0.00/0.23  real=0.00/0.23  Memory: 7.61/7.84/13.88



operation group: 863/1146
    poly.fill.2:L263189 = RECT_CHK poly_fill -lt 0.48
========================================================================
    generate layer poly.fill.2:L263189, TYP = P, HPN = 0, FPN = 0, HEN = 0, FEN = 0

Time: cpu=0.00/0.23  real=0.00/0.23  Memory: 7.61/7.84/13.88


    Rule Check poly.fill.2 finished, 0 error(s) reported.

Time: cpu=0.00/0.23  real=0.00/0.23  Memory: 7.61/7.84/13.88



operation group: 864/1146
    poly.fill.3:L263190 = RECT_CHK poly_fill -gt 0.72
========================================================================
    generate layer poly.fill.3:L263190, TYP = P, HPN = 0, FPN = 0, HEN = 0, FEN = 0

Time: cpu=0.00/0.23  real=0.00/0.23  Memory: 7.61/7.84/13.88


    Rule Check poly.fill.3 finished, 0 error(s) reported.

Time: cpu=0.00/0.23  real=0.00/0.23  Memory: 7.61/7.84/13.88



operation group: 865/1146
    poly.fill.4:L263191 = SELECT -outside poly_fill diff_in -not
========================================================================
    generate layer poly.fill.4:L263191, TYP = P, HPN = 0, FPN = 0, HEN = 0, FEN = 0

Time: cpu=0.00/0.23  real=0.00/0.23  Memory: 7.61/7.84/13.88


    Rule Check poly.fill.4 finished, 0 error(s) reported.

Time: cpu=0.00/0.23  real=0.00/0.23  Memory: 7.61/7.84/13.88



operation group: 866/1146
    poly.fill.5:L263192 = SELECT -outside poly_fill poly_dg -not
========================================================================
    generate layer poly.fill.5:L263192, TYP = P, HPN = 0, FPN = 0, HEN = 0, FEN = 0

Time: cpu=0.00/0.23  real=0.00/0.23  Memory: 7.61/7.84/13.88


    Rule Check poly.fill.5 finished, 0 error(s) reported.

Time: cpu=0.00/0.23  real=0.00/0.23  Memory: 7.61/7.84/13.88



operation group: 867/1146
    poly.fill.6:L263193 = SELECT -outside poly_fill SEALID -not
========================================================================
    generate layer poly.fill.6:L263193, TYP = P, HPN = 0, FPN = 0, HEN = 0, FEN = 0

Time: cpu=0.00/0.23  real=0.00/0.23  Memory: 7.61/7.84/13.88


    Rule Check poly.fill.6 finished, 0 error(s) reported.

Time: cpu=0.00/0.23  real=0.00/0.23  Memory: 7.61/7.84/13.88



operation group: 868/1146
    poly.fill.7:L263194 = SELECT -outside poly_fill poly_fillblock -not
========================================================================
    generate layer poly.fill.7:L263194, TYP = P, HPN = 0, FPN = 0, HEN = 0, FEN = 0

Time: cpu=0.00/0.23  real=0.00/0.23  Memory: 7.61/7.84/13.88


    Rule Check poly.fill.7 finished, 0 error(s) reported.

Time: cpu=0.00/0.23  real=0.00/0.23  Memory: 7.61/7.84/13.88



operation group: 869/1146
    poly.fill.8:L263195 = EXTE poly_fill -lt 0.36 -single_point -output region
========================================================================
    generate layer poly.fill.8:L263195, TYP = P, HPN = 0, FPN = 0, HEN = 0, FEN = 0

Time: cpu=0.00/0.23  real=0.00/0.23  Memory: 7.61/7.84/13.88


    Rule Check poly.fill.8 finished, 0 error(s) reported.

Time: cpu=0.00/0.23  real=0.00/0.23  Memory: 7.61/7.84/13.88



operation group: 870/1146
    poly.fill.9:L263196 = EXTE poly_fill poly_dg -lt 1 -output region
========================================================================
    generate layer poly.fill.9:L263196, TYP = P, HPN = 0, FPN = 0, HEN = 0, FEN = 0

Time: cpu=0.00/0.23  real=0.00/0.23  Memory: 7.61/7.84/13.88



operation group: 871/1146
    poly.fill.9:L263197 = SELECT -touch poly_fill poly_dg
========================================================================
    generate layer poly.fill.9:L263197, TYP = P, HPN = 0, FPN = 0, HEN = 0, FEN = 0

Time: cpu=0.00/0.23  real=0.00/0.23  Memory: 7.61/7.84/13.88


    Rule Check poly.fill.9 finished, 0 error(s) reported.

Time: cpu=0.00/0.23  real=0.00/0.23  Memory: 7.61/7.84/13.88



operation group: 872/1146
    poly.fill.10:L263198 = EXTE poly_fill poly_fillblock -lt 1 -output region
========================================================================
    generate layer poly.fill.10:L263198, TYP = P, HPN = 0, FPN = 0, HEN = 0, FEN = 0

Time: cpu=0.00/0.23  real=0.00/0.23  Memory: 7.61/7.84/13.88



operation group: 873/1146
    poly.fill.10:L263199 = SELECT -touch poly_fill poly_fillblock
========================================================================
    generate layer poly.fill.10:L263199, TYP = P, HPN = 0, FPN = 0, HEN = 0, FEN = 0

Time: cpu=0.00/0.23  real=0.00/0.23  Memory: 7.61/7.84/13.88

    delete layer poly_fillblock

    Rule Check poly.fill.10 finished, 0 error(s) reported.

Time: cpu=0.00/0.23  real=0.00/0.23  Memory: 7.61/7.84/13.88



operation group: 874/1146
    poly.fill.11:L263200 = EXTE poly_fill diff_fill -lt 0.3 -output region
========================================================================
    generate layer poly.fill.11:L263200, TYP = P, HPN = 0, FPN = 0, HEN = 0, FEN = 0

Time: cpu=0.00/0.23  real=0.00/0.23  Memory: 7.61/7.84/13.88



operation group: 875/1146
    poly.fill.11:L263201 = SELECT -touch poly_fill diff_fill
========================================================================
    generate layer poly.fill.11:L263201, TYP = P, HPN = 0, FPN = 0, HEN = 0, FEN = 0

Time: cpu=0.00/0.23  real=0.00/0.23  Memory: 7.61/7.84/13.88

    delete layer diff_fill

    Rule Check poly.fill.11 finished, 0 error(s) reported.

Time: cpu=0.00/0.23  real=0.00/0.23  Memory: 7.61/7.84/13.88



operation group: 876/1146
    poly.fill.12:L263202 = EXTE poly_fill diff_in -lt 1 -output region
========================================================================
    generate layer poly.fill.12:L263202, TYP = P, HPN = 0, FPN = 0, HEN = 0, FEN = 0

Time: cpu=0.00/0.23  real=0.00/0.23  Memory: 7.61/7.84/13.88



operation group: 877/1146
    poly.fill.12:L263203 = SELECT -touch poly_fill diff_in
========================================================================
    generate layer poly.fill.12:L263203, TYP = P, HPN = 0, FPN = 0, HEN = 0, FEN = 0

Time: cpu=0.00/0.23  real=0.00/0.23  Memory: 7.61/7.84/13.88



operation group: 878/1146
    poly.fill.12:L263204 = SELECT -interact poly_fill diff_in -single_point only
========================================================================
    generate layer poly.fill.12:L263204, TYP = P, HPN = 0, FPN = 0, HEN = 0, FEN = 0

Time: cpu=0.00/0.23  real=0.00/0.23  Memory: 7.61/7.84/13.88

    delete layer diff_in

    Rule Check poly.fill.12 finished, 0 error(s) reported.

Time: cpu=0.00/0.23  real=0.00/0.23  Memory: 7.61/7.84/13.88



operation group: 879/1146
    poly.fill.13:L263205 = EXTE poly_fill SEALID -lt 1 -output region
========================================================================
    generate layer poly.fill.13:L263205, TYP = P, HPN = 0, FPN = 0, HEN = 0, FEN = 0

Time: cpu=0.00/0.23  real=0.00/0.23  Memory: 7.61/7.84/13.88



operation group: 880/1146
    poly.fill.13:L263206 = SELECT -touch poly_fill SEALID
========================================================================
    generate layer poly.fill.13:L263206, TYP = P, HPN = 0, FPN = 0, HEN = 0, FEN = 0

Time: cpu=0.00/0.23  real=0.00/0.23  Memory: 7.61/7.84/13.88



operation group: 881/1146
    poly.fill.13:L263207 = SELECT -interact poly_fill SEALID -single_point only
========================================================================
    generate layer poly.fill.13:L263207, TYP = P, HPN = 0, FPN = 0, HEN = 0, FEN = 0

Time: cpu=0.00/0.23  real=0.00/0.23  Memory: 7.61/7.84/13.88


    Rule Check poly.fill.13 finished, 0 error(s) reported.

Time: cpu=0.00/0.23  real=0.00/0.23  Memory: 7.61/7.84/13.88



operation group: 882/1146
    poly.fill.14:L263208 = ENC poly_fill areaid.fe -lt 0.5 -output region
========================================================================
    generate layer poly.fill.14:L263208, TYP = P, HPN = 0, FPN = 0, HEN = 0, FEN = 0

Time: cpu=0.00/0.23  real=0.00/0.23  Memory: 7.61/7.84/13.88



operation group: 883/1146
    poly.fill.14:L263209 = EDGE_SELECT poly_fill areaid.fe -coincident_only -inside
========================================================================
    generate layer poly.fill.14:L263209, TYP = E, HPN = 0, FPN = 0, HEN = 0, FEN = 0

Time: cpu=0.00/0.23  real=0.00/0.23  Memory: 7.61/7.84/13.88



operation group: 884/1146
    poly.fill.14:L263210 = SELECT -cut poly_fill areaid.fe
========================================================================
    generate layer poly.fill.14:L263210, TYP = P, HPN = 0, FPN = 0, HEN = 0, FEN = 0

Time: cpu=0.00/0.23  real=0.00/0.23  Memory: 7.61/7.84/13.88

    delete layer poly_fill

    Rule Check poly.fill.14 finished, 0 error(s) reported.

Time: cpu=0.00/0.23  real=0.00/0.23  Memory: 7.61/7.84/13.88



operation group: 885/1146
    li.fill.1:L263211 = VERTEX li_fill -gt 4
========================================================================
    generate layer li.fill.1:L263211, TYP = P, HPN = 0, FPN = 0, HEN = 0, FEN = 0

Time: cpu=0.00/0.23  real=0.00/0.23  Memory: 7.61/7.84/13.88


    Rule Check li.fill.1 finished, 0 error(s) reported.

Time: cpu=0.00/0.23  real=0.00/0.23  Memory: 7.61/7.84/13.88



operation group: 886/1146
    li.fill.2:L263212 = RECT_CHK li_fill -lt 0.5
========================================================================
    generate layer li.fill.2:L263212, TYP = P, HPN = 0, FPN = 0, HEN = 0, FEN = 0

Time: cpu=0.00/0.23  real=0.00/0.23  Memory: 7.61/7.84/13.88


    Rule Check li.fill.2 finished, 0 error(s) reported.

Time: cpu=0.00/0.23  real=0.00/0.23  Memory: 7.61/7.84/13.88



operation group: 887/1146
    li.fill.3:L263213 = RECT_CHK li_fill -gt 5
========================================================================
    generate layer li.fill.3:L263213, TYP = P, HPN = 0, FPN = 0, HEN = 0, FEN = 0

Time: cpu=0.00/0.23  real=0.00/0.23  Memory: 7.61/7.84/13.88


    Rule Check li.fill.3 finished, 0 error(s) reported.

Time: cpu=0.00/0.23  real=0.00/0.23  Memory: 7.61/7.84/13.88



operation group: 888/1146
    li.fill.4:L263214 = SELECT -outside li_fill li_dg -not
========================================================================
    generate layer li.fill.4:L263214, TYP = P, HPN = 0, FPN = 0, HEN = 0, FEN = 0

Time: cpu=0.00/0.23  real=0.00/0.23  Memory: 7.61/7.84/13.88


    Rule Check li.fill.4 finished, 0 error(s) reported.

Time: cpu=0.00/0.23  real=0.00/0.23  Memory: 7.61/7.84/13.88



operation group: 889/1146
    li.fill.5:L263215 = SELECT -outside li_fill poly_dg -not
========================================================================
    generate layer li.fill.5:L263215, TYP = P, HPN = 0, FPN = 0, HEN = 0, FEN = 0

Time: cpu=0.00/0.23  real=0.00/0.23  Memory: 7.61/7.84/13.88

    delete layer poly_dg

    Rule Check li.fill.5 finished, 0 error(s) reported.

Time: cpu=0.00/0.23  real=0.00/0.23  Memory: 7.61/7.84/13.88



operation group: 890/1146
    li.fill.6:L263216 = SELECT -interact li_fill licon
========================================================================
    generate layer li.fill.6:L263216, TYP = P, HPN = 0, FPN = 0, HEN = 0, FEN = 0

Time: cpu=0.00/0.23  real=0.00/0.23  Memory: 7.61/7.84/13.88


    Rule Check li.fill.6 finished, 0 error(s) reported.

Time: cpu=0.00/0.23  real=0.00/0.23  Memory: 7.61/7.84/13.88



operation group: 891/1146
    li.fill.7:L263217 = SELECT -interact li_fill mcon
========================================================================
    generate layer li.fill.7:L263217, TYP = P, HPN = 0, FPN = 0, HEN = 0, FEN = 0

Time: cpu=0.00/0.23  real=0.00/0.23  Memory: 7.61/7.84/13.88


    Rule Check li.fill.7 finished, 0 error(s) reported.

Time: cpu=0.00/0.23  real=0.00/0.23  Memory: 7.61/7.84/13.88



operation group: 892/1146
    li.fill.8:L263218 = SELECT -outside li_fill SEALID -not
========================================================================
    generate layer li.fill.8:L263218, TYP = P, HPN = 0, FPN = 0, HEN = 0, FEN = 0

Time: cpu=0.00/0.23  real=0.00/0.23  Memory: 7.61/7.84/13.88


    Rule Check li.fill.8 finished, 0 error(s) reported.

Time: cpu=0.00/0.23  real=0.00/0.23  Memory: 7.61/7.84/13.88



operation group: 893/1146
    li.fill.9:L263219 = SELECT -outside li_fill li_fillblock -not
========================================================================
    generate layer li.fill.9:L263219, TYP = P, HPN = 0, FPN = 0, HEN = 0, FEN = 0

Time: cpu=0.00/0.23  real=0.00/0.23  Memory: 7.61/7.84/13.88


    Rule Check li.fill.9 finished, 0 error(s) reported.

Time: cpu=0.00/0.23  real=0.00/0.23  Memory: 7.61/7.84/13.88



operation group: 894/1146
    li.fill.10:L263220 = EXTE li_fill -lt 0.5 -single_point -output region
========================================================================
    generate layer li.fill.10:L263220, TYP = P, HPN = 0, FPN = 0, HEN = 0, FEN = 0

Time: cpu=0.00/0.23  real=0.00/0.23  Memory: 7.61/7.84/13.88


    Rule Check li.fill.10 finished, 0 error(s) reported.

Time: cpu=0.00/0.23  real=0.00/0.23  Memory: 7.61/7.84/13.88



operation group: 895/1146
    li.fill.11:L263221 = EXTE li_fill li_dg -lt 0.5 -output region
========================================================================
    generate layer li.fill.11:L263221, TYP = P, HPN = 0, FPN = 0, HEN = 0, FEN = 0

Time: cpu=0.00/0.23  real=0.00/0.23  Memory: 7.61/7.84/13.88



operation group: 896/1146
    li.fill.11:L263222 = SELECT -touch li_fill li_dg
========================================================================
    generate layer li.fill.11:L263222, TYP = P, HPN = 0, FPN = 0, HEN = 0, FEN = 0

Time: cpu=0.00/0.23  real=0.00/0.23  Memory: 7.61/7.84/13.88



operation group: 897/1146
    li.fill.11:L263223 = SELECT -interact li_fill li_dg -single_point only
========================================================================
    generate layer li.fill.11:L263223, TYP = P, HPN = 0, FPN = 0, HEN = 0, FEN = 0

Time: cpu=0.00/0.23  real=0.00/0.23  Memory: 7.61/7.84/13.88


    Rule Check li.fill.11 finished, 0 error(s) reported.

Time: cpu=0.00/0.23  real=0.00/0.23  Memory: 7.61/7.84/13.88



operation group: 898/1146
    li.fill.12:L263224 = EXTE li_fill li_fillblock -lt 0.5 -output region
========================================================================
    generate layer li.fill.12:L263224, TYP = P, HPN = 0, FPN = 0, HEN = 0, FEN = 0

Time: cpu=0.00/0.23  real=0.00/0.23  Memory: 7.61/7.84/13.88



operation group: 899/1146
    li.fill.12:L263225 = SELECT -touch li_fill li_fillblock
========================================================================
    generate layer li.fill.12:L263225, TYP = P, HPN = 0, FPN = 0, HEN = 0, FEN = 0

Time: cpu=0.00/0.23  real=0.00/0.23  Memory: 7.61/7.84/13.88



operation group: 900/1146
    li.fill.12:L263226 = SELECT -interact li_fill li_fillblock -single_point only
========================================================================
    generate layer li.fill.12:L263226, TYP = P, HPN = 0, FPN = 0, HEN = 0, FEN = 0

Time: cpu=0.00/0.23  real=0.00/0.23  Memory: 7.61/7.84/13.88

    delete layer li_fillblock

    Rule Check li.fill.12 finished, 0 error(s) reported.

Time: cpu=0.00/0.23  real=0.00/0.23  Memory: 7.61/7.84/13.88



operation group: 901/1146
    li.fill.13:L263227 = EXTE li_fill licon -lt 0.5 -output region
========================================================================
    generate layer li.fill.13:L263227, TYP = P, HPN = 0, FPN = 0, HEN = 0, FEN = 0

Time: cpu=0.00/0.23  real=0.00/0.23  Memory: 7.61/7.84/13.88



operation group: 902/1146
    li.fill.13:L263228 = SELECT -touch li_fill licon
========================================================================
    generate layer li.fill.13:L263228, TYP = P, HPN = 0, FPN = 0, HEN = 0, FEN = 0

Time: cpu=0.00/0.23  real=0.00/0.23  Memory: 7.61/7.84/13.88


    Rule Check li.fill.13 finished, 0 error(s) reported.

Time: cpu=0.00/0.23  real=0.00/0.23  Memory: 7.61/7.84/13.88



operation group: 903/1146
    li.fill.14:L263229 = EXTE li_fill mcon -lt 0.5 -output region
========================================================================
    generate layer li.fill.14:L263229, TYP = P, HPN = 0, FPN = 0, HEN = 0, FEN = 0

Time: cpu=0.00/0.23  real=0.00/0.23  Memory: 7.61/7.84/13.88



operation group: 904/1146
    li.fill.14:L263230 = SELECT -touch li_fill mcon
========================================================================
    generate layer li.fill.14:L263230, TYP = P, HPN = 0, FPN = 0, HEN = 0, FEN = 0

Time: cpu=0.00/0.23  real=0.00/0.23  Memory: 7.61/7.84/13.88


    Rule Check li.fill.14 finished, 0 error(s) reported.

Time: cpu=0.00/0.23  real=0.00/0.23  Memory: 7.61/7.84/13.88



operation group: 905/1146
    li.fill.15:L263231 = EXTE li_fill SEALID -lt 1 -output region
========================================================================
    generate layer li.fill.15:L263231, TYP = P, HPN = 0, FPN = 0, HEN = 0, FEN = 0

Time: cpu=0.00/0.23  real=0.00/0.23  Memory: 7.61/7.84/13.88



operation group: 906/1146
    li.fill.15:L263232 = SELECT -touch li_fill SEALID
========================================================================
    generate layer li.fill.15:L263232, TYP = P, HPN = 0, FPN = 0, HEN = 0, FEN = 0

Time: cpu=0.00/0.23  real=0.00/0.23  Memory: 7.61/7.84/13.88



operation group: 907/1146
    li.fill.15:L263233 = SELECT -interact li_fill SEALID -single_point only
========================================================================
    generate layer li.fill.15:L263233, TYP = P, HPN = 0, FPN = 0, HEN = 0, FEN = 0

Time: cpu=0.00/0.23  real=0.00/0.23  Memory: 7.61/7.84/13.88


    Rule Check li.fill.15 finished, 0 error(s) reported.

Time: cpu=0.00/0.23  real=0.00/0.23  Memory: 7.60/7.84/13.88



operation group: 908/1146
    li.fill.16:L263234 = ENC li_fill areaid.fe -lt 0.5 -output region
========================================================================
    generate layer li.fill.16:L263234, TYP = P, HPN = 0, FPN = 0, HEN = 0, FEN = 0

Time: cpu=0.00/0.23  real=0.00/0.23  Memory: 7.60/7.84/13.88



operation group: 909/1146
    li.fill.16:L263235 = EDGE_SELECT li_fill areaid.fe -coincident_only -inside
========================================================================
    generate layer li.fill.16:L263235, TYP = E, HPN = 0, FPN = 0, HEN = 0, FEN = 0

Time: cpu=0.00/0.23  real=0.00/0.23  Memory: 7.60/7.84/13.88



operation group: 910/1146
    li.fill.16:L263236 = SELECT -cut li_fill areaid.fe
========================================================================
    generate layer li.fill.16:L263236, TYP = P, HPN = 0, FPN = 0, HEN = 0, FEN = 0

Time: cpu=0.00/0.23  real=0.00/0.23  Memory: 7.60/7.84/13.88

    delete layer li_fill

    Rule Check li.fill.16 finished, 0 error(s) reported.

Time: cpu=0.00/0.23  real=0.00/0.23  Memory: 7.60/7.84/13.88



operation group: 911/1146
    m1.fill.1:L263237 = VERTEX m1_fill -gt 4
========================================================================
    generate layer m1.fill.1:L263237, TYP = P, HPN = 0, FPN = 0, HEN = 0, FEN = 0

Time: cpu=0.00/0.23  real=0.00/0.23  Memory: 7.60/7.84/13.88


    Rule Check m1.fill.1 finished, 0 error(s) reported.

Time: cpu=0.00/0.23  real=0.00/0.23  Memory: 7.60/7.84/13.88



operation group: 912/1146
    m1.fill.2:L263238 = RECT_CHK m1_fill -lt 0.3
========================================================================
    generate layer m1.fill.2:L263238, TYP = P, HPN = 0, FPN = 0, HEN = 0, FEN = 0

Time: cpu=0.00/0.23  real=0.00/0.23  Memory: 7.60/7.84/13.88


    Rule Check m1.fill.2 finished, 0 error(s) reported.

Time: cpu=0.00/0.23  real=0.00/0.23  Memory: 7.60/7.84/13.88



operation group: 913/1146
    m1.fill.3:L263239 = RECT_CHK m1_fill -gt 2
========================================================================
    generate layer m1.fill.3:L263239, TYP = P, HPN = 0, FPN = 0, HEN = 0, FEN = 0

Time: cpu=0.00/0.23  real=0.00/0.23  Memory: 7.60/7.84/13.88


    Rule Check m1.fill.3 finished, 0 error(s) reported.

Time: cpu=0.00/0.23  real=0.00/0.23  Memory: 7.60/7.84/13.88



operation group: 914/1146
    m1.fill.4:L263240 = SELECT -outside m1_fill m1_dg -not
========================================================================
    generate layer m1.fill.4:L263240, TYP = P, HPN = 0, FPN = 0, HEN = 0, FEN = 0

Time: cpu=0.00/0.23  real=0.00/0.23  Memory: 7.60/7.84/13.88


    Rule Check m1.fill.4 finished, 0 error(s) reported.

Time: cpu=0.00/0.23  real=0.00/0.23  Memory: 7.60/7.84/13.88



operation group: 915/1146
    m1.fill.5:L263241 = SELECT -outside m1_fill SEALID -not
========================================================================
    generate layer m1.fill.5:L263241, TYP = P, HPN = 0, FPN = 0, HEN = 0, FEN = 0

Time: cpu=0.00/0.23  real=0.00/0.23  Memory: 7.60/7.84/13.88


    Rule Check m1.fill.5 finished, 0 error(s) reported.

Time: cpu=0.00/0.23  real=0.00/0.23  Memory: 7.60/7.84/13.88



operation group: 916/1146
    m1.fill.6:L263242 = SELECT -outside m1_fill mcon -not
========================================================================
    generate layer m1.fill.6:L263242, TYP = P, HPN = 0, FPN = 0, HEN = 0, FEN = 0

Time: cpu=0.00/0.23  real=0.00/0.23  Memory: 7.60/7.84/13.88


    Rule Check m1.fill.6 finished, 0 error(s) reported.

Time: cpu=0.00/0.23  real=0.00/0.23  Memory: 7.60/7.84/13.88



operation group: 917/1146
    m1.fill.7:L263243 = SELECT -outside m1_fill via1 -not
========================================================================
    generate layer m1.fill.7:L263243, TYP = P, HPN = 0, FPN = 0, HEN = 0, FEN = 0

Time: cpu=0.00/0.23  real=0.00/0.23  Memory: 7.60/7.84/13.88


    Rule Check m1.fill.7 finished, 0 error(s) reported.

Time: cpu=0.00/0.23  real=0.00/0.23  Memory: 7.60/7.84/13.88



operation group: 918/1146
    m1.fill.8:L263244 = SELECT -outside m1_fill met1_res -not
========================================================================
    generate layer m1.fill.8:L263244, TYP = P, HPN = 0, FPN = 0, HEN = 0, FEN = 0

Time: cpu=0.00/0.23  real=0.00/0.23  Memory: 7.60/7.84/13.88


    Rule Check m1.fill.8 finished, 0 error(s) reported.

Time: cpu=0.00/0.23  real=0.00/0.23  Memory: 7.60/7.84/13.88



operation group: 919/1146
    m1.fill.9:L263245 = EXTE m1_fill -lt 0.3 -single_point -output region
========================================================================
    generate layer m1.fill.9:L263245, TYP = P, HPN = 0, FPN = 0, HEN = 0, FEN = 0

Time: cpu=0.00/0.23  real=0.00/0.23  Memory: 7.60/7.84/13.88


    Rule Check m1.fill.9 finished, 0 error(s) reported.

Time: cpu=0.00/0.23  real=0.00/0.23  Memory: 7.60/7.84/13.88



operation group: 920/1146
    m1.fill.10:L263246 = EXTE m1_fill SEALID -lt 1 -output region
========================================================================
    generate layer m1.fill.10:L263246, TYP = P, HPN = 0, FPN = 0, HEN = 0, FEN = 0

Time: cpu=0.00/0.23  real=0.00/0.23  Memory: 7.60/7.84/13.88



operation group: 921/1146
    m1.fill.10:L263247 = SELECT -touch m1_fill SEALID
========================================================================
    generate layer m1.fill.10:L263247, TYP = P, HPN = 0, FPN = 0, HEN = 0, FEN = 0

Time: cpu=0.00/0.23  real=0.00/0.23  Memory: 7.60/7.84/13.88



operation group: 922/1146
    m1.fill.10:L263248 = SELECT -interact m1_fill SEALID -single_point only
========================================================================
    generate layer m1.fill.10:L263248, TYP = P, HPN = 0, FPN = 0, HEN = 0, FEN = 0

Time: cpu=0.00/0.23  real=0.00/0.23  Memory: 7.60/7.84/13.88


    Rule Check m1.fill.10 finished, 0 error(s) reported.

Time: cpu=0.00/0.23  real=0.00/0.23  Memory: 7.60/7.84/13.88



operation group: 923/1146
    m1.fill.11:L263249 = EXTE m1_fill mcon -lt 0.3 -output region
========================================================================
    generate layer m1.fill.11:L263249, TYP = P, HPN = 0, FPN = 0, HEN = 0, FEN = 0

Time: cpu=0.00/0.23  real=0.00/0.23  Memory: 7.60/7.84/13.88



operation group: 924/1146
    m1.fill.11:L263250 = SELECT -touch m1_fill mcon
========================================================================
    generate layer m1.fill.11:L263250, TYP = P, HPN = 0, FPN = 0, HEN = 0, FEN = 0

Time: cpu=0.00/0.23  real=0.00/0.23  Memory: 7.60/7.84/13.88


    Rule Check m1.fill.11 finished, 0 error(s) reported.

Time: cpu=0.00/0.23  real=0.00/0.23  Memory: 7.60/7.84/13.88



operation group: 925/1146
    m1.fill.12:L263251 = EXTE m1_fill m1_dg -lt 0.3 -output region
========================================================================
    generate layer m1.fill.12:L263251, TYP = P, HPN = 0, FPN = 0, HEN = 0, FEN = 0

Time: cpu=0.00/0.23  real=0.00/0.23  Memory: 7.60/7.84/13.88



operation group: 926/1146
    m1.fill.12:L263252 = SELECT -touch m1_fill m1_dg
========================================================================
    generate layer m1.fill.12:L263252, TYP = P, HPN = 0, FPN = 0, HEN = 0, FEN = 0

Time: cpu=0.00/0.23  real=0.00/0.23  Memory: 7.60/7.84/13.88



operation group: 927/1146
    m1.fill.12:L263253 = SELECT -interact m1_fill m1_dg -single_point only
========================================================================
    generate layer m1.fill.12:L263253, TYP = P, HPN = 0, FPN = 0, HEN = 0, FEN = 0

Time: cpu=0.00/0.23  real=0.00/0.23  Memory: 7.60/7.84/13.88


    Rule Check m1.fill.12 finished, 0 error(s) reported.

Time: cpu=0.00/0.23  real=0.00/0.23  Memory: 7.60/7.84/13.88



operation group: 928/1146
    m1.fill.13:L263254 = EXTE m1_fill via1 -lt 0.3 -output region
========================================================================
    generate layer m1.fill.13:L263254, TYP = P, HPN = 0, FPN = 0, HEN = 0, FEN = 0

Time: cpu=0.00/0.23  real=0.00/0.23  Memory: 7.60/7.84/13.88



operation group: 929/1146
    m1.fill.13:L263255 = SELECT -touch m1_fill via1
========================================================================
    generate layer m1.fill.13:L263255, TYP = P, HPN = 0, FPN = 0, HEN = 0, FEN = 0

Time: cpu=0.00/0.23  real=0.00/0.23  Memory: 7.60/7.84/13.88


    Rule Check m1.fill.13 finished, 0 error(s) reported.

Time: cpu=0.00/0.23  real=0.00/0.23  Memory: 7.60/7.84/13.88



operation group: 930/1146
    m1.fill.14:L263256 = EXTE m1_fill met1_res -lt 0.3 -output region
========================================================================
    generate layer m1.fill.14:L263256, TYP = P, HPN = 0, FPN = 0, HEN = 0, FEN = 0

Time: cpu=0.00/0.23  real=0.00/0.23  Memory: 7.60/7.84/13.88



operation group: 931/1146
    m1.fill.14:L263257 = SELECT -touch m1_fill met1_res
========================================================================
    generate layer m1.fill.14:L263257, TYP = P, HPN = 0, FPN = 0, HEN = 0, FEN = 0

Time: cpu=0.00/0.23  real=0.00/0.23  Memory: 7.60/7.84/13.88



operation group: 932/1146
    m1.fill.14:L263258 = SELECT -interact m1_fill met1_res -single_point only
========================================================================
    generate layer m1.fill.14:L263258, TYP = P, HPN = 0, FPN = 0, HEN = 0, FEN = 0

Time: cpu=0.00/0.23  real=0.00/0.23  Memory: 7.60/7.84/13.88


    Rule Check m1.fill.14 finished, 0 error(s) reported.

Time: cpu=0.00/0.23  real=0.00/0.23  Memory: 7.60/7.84/13.88



operation group: 933/1146
    m1.fill.15:L263259 = ENC m1_fill areaid.fe -lt 0.5 -output region
========================================================================
    generate layer m1.fill.15:L263259, TYP = P, HPN = 0, FPN = 0, HEN = 0, FEN = 0

Time: cpu=0.00/0.23  real=0.00/0.23  Memory: 7.60/7.84/13.88



operation group: 934/1146
    m1.fill.15:L263260 = EDGE_SELECT m1_fill areaid.fe -coincident_only -inside
========================================================================
    generate layer m1.fill.15:L263260, TYP = E, HPN = 0, FPN = 0, HEN = 0, FEN = 0

Time: cpu=0.00/0.23  real=0.00/0.23  Memory: 7.60/7.84/13.88



operation group: 935/1146
    m1.fill.15:L263261 = SELECT -cut m1_fill areaid.fe
========================================================================
    generate layer m1.fill.15:L263261, TYP = P, HPN = 0, FPN = 0, HEN = 0, FEN = 0

Time: cpu=0.00/0.23  real=0.00/0.23  Memory: 7.60/7.84/13.88

    delete layer m1_fill

    Rule Check m1.fill.15 finished, 0 error(s) reported.

Time: cpu=0.00/0.23  real=0.00/0.23  Memory: 7.60/7.84/13.88



operation group: 936/1146
    m2.fill.1:L263262 = VERTEX m2_fill -gt 4
========================================================================
    generate layer m2.fill.1:L263262, TYP = P, HPN = 0, FPN = 0, HEN = 0, FEN = 0

Time: cpu=0.00/0.23  real=0.00/0.23  Memory: 7.60/7.84/13.88


    Rule Check m2.fill.1 finished, 0 error(s) reported.

Time: cpu=0.00/0.23  real=0.00/0.23  Memory: 7.60/7.84/13.88



operation group: 937/1146
    m2.fill.2:L263263 = RECT_CHK m2_fill -lt 0.3
========================================================================
    generate layer m2.fill.2:L263263, TYP = P, HPN = 0, FPN = 0, HEN = 0, FEN = 0

Time: cpu=0.00/0.23  real=0.00/0.23  Memory: 7.60/7.84/13.88


    Rule Check m2.fill.2 finished, 0 error(s) reported.

Time: cpu=0.00/0.23  real=0.00/0.23  Memory: 7.60/7.84/13.88



operation group: 938/1146
    m2.fill.3:L263264 = RECT_CHK m2_fill -gt 2
========================================================================
    generate layer m2.fill.3:L263264, TYP = P, HPN = 0, FPN = 0, HEN = 0, FEN = 0

Time: cpu=0.00/0.23  real=0.00/0.23  Memory: 7.60/7.84/13.88


    Rule Check m2.fill.3 finished, 0 error(s) reported.

Time: cpu=0.00/0.23  real=0.00/0.23  Memory: 7.60/7.84/13.88



operation group: 939/1146
    m2.fill.4:L263265 = SELECT -outside m2_fill m2_dg -not
========================================================================
    generate layer m2.fill.4:L263265, TYP = P, HPN = 0, FPN = 0, HEN = 0, FEN = 0

Time: cpu=0.00/0.23  real=0.00/0.23  Memory: 7.60/7.84/13.88


    Rule Check m2.fill.4 finished, 0 error(s) reported.

Time: cpu=0.00/0.23  real=0.00/0.23  Memory: 7.60/7.84/13.88



operation group: 940/1146
    m2.fill.5:L263266 = SELECT -outside m2_fill SEALID -not
========================================================================
    generate layer m2.fill.5:L263266, TYP = P, HPN = 0, FPN = 0, HEN = 0, FEN = 0

Time: cpu=0.00/0.23  real=0.00/0.23  Memory: 7.60/7.84/13.88


    Rule Check m2.fill.5 finished, 0 error(s) reported.

Time: cpu=0.00/0.23  real=0.00/0.23  Memory: 7.60/7.84/13.88



operation group: 941/1146
    m2.fill.6:L263267 = SELECT -outside m2_fill via1 -not
========================================================================
    generate layer m2.fill.6:L263267, TYP = P, HPN = 0, FPN = 0, HEN = 0, FEN = 0

Time: cpu=0.00/0.23  real=0.00/0.23  Memory: 7.60/7.84/13.88


    Rule Check m2.fill.6 finished, 0 error(s) reported.

Time: cpu=0.00/0.23  real=0.00/0.23  Memory: 7.60/7.84/13.88



operation group: 942/1146
    m2.fill.7:L263268 = SELECT -outside m2_fill via2 -not
========================================================================
    generate layer m2.fill.7:L263268, TYP = P, HPN = 0, FPN = 0, HEN = 0, FEN = 0

Time: cpu=0.00/0.23  real=0.00/0.23  Memory: 7.60/7.84/13.88


    Rule Check m2.fill.7 finished, 0 error(s) reported.

Time: cpu=0.00/0.23  real=0.00/0.23  Memory: 7.60/7.84/13.88



operation group: 943/1146
    m2.fill.8:L263269 = SELECT -outside m2_fill met2_res -not
========================================================================
    generate layer m2.fill.8:L263269, TYP = P, HPN = 0, FPN = 0, HEN = 0, FEN = 0

Time: cpu=0.00/0.23  real=0.00/0.23  Memory: 7.60/7.84/13.88


    Rule Check m2.fill.8 finished, 0 error(s) reported.

Time: cpu=0.00/0.23  real=0.00/0.23  Memory: 7.60/7.84/13.88



operation group: 944/1146
    m2.fill.9:L263270 = EXTE m2_fill -lt 0.3 -single_point -output region
========================================================================
    generate layer m2.fill.9:L263270, TYP = P, HPN = 0, FPN = 0, HEN = 0, FEN = 0

Time: cpu=0.00/0.23  real=0.00/0.23  Memory: 7.60/7.84/13.88


    Rule Check m2.fill.9 finished, 0 error(s) reported.

Time: cpu=0.00/0.23  real=0.00/0.23  Memory: 7.60/7.84/13.88



operation group: 945/1146
    m2.fill.10:L263271 = EXTE m2_fill SEALID -lt 1 -output region
========================================================================
    generate layer m2.fill.10:L263271, TYP = P, HPN = 0, FPN = 0, HEN = 0, FEN = 0

Time: cpu=0.00/0.23  real=0.00/0.23  Memory: 7.60/7.84/13.88



operation group: 946/1146
    m2.fill.10:L263272 = SELECT -touch m2_fill SEALID
========================================================================
    generate layer m2.fill.10:L263272, TYP = P, HPN = 0, FPN = 0, HEN = 0, FEN = 0

Time: cpu=0.00/0.23  real=0.00/0.23  Memory: 7.60/7.84/13.88



operation group: 947/1146
    m2.fill.10:L263273 = SELECT -interact m2_fill SEALID -single_point only
========================================================================
    generate layer m2.fill.10:L263273, TYP = P, HPN = 0, FPN = 0, HEN = 0, FEN = 0

Time: cpu=0.00/0.23  real=0.00/0.23  Memory: 7.60/7.84/13.88


    Rule Check m2.fill.10 finished, 0 error(s) reported.

Time: cpu=0.00/0.23  real=0.00/0.23  Memory: 7.60/7.84/13.88



operation group: 948/1146
    m2.fill.11:L263274 = EXTE m2_fill via1 -lt 0.3 -output region
========================================================================
    generate layer m2.fill.11:L263274, TYP = P, HPN = 0, FPN = 0, HEN = 0, FEN = 0

Time: cpu=0.00/0.23  real=0.00/0.23  Memory: 7.60/7.84/13.88



operation group: 949/1146
    m2.fill.11:L263275 = SELECT -touch m2_fill via1
========================================================================
    generate layer m2.fill.11:L263275, TYP = P, HPN = 0, FPN = 0, HEN = 0, FEN = 0

Time: cpu=0.00/0.23  real=0.00/0.23  Memory: 7.60/7.84/13.88


    Rule Check m2.fill.11 finished, 0 error(s) reported.

Time: cpu=0.00/0.23  real=0.00/0.23  Memory: 7.60/7.84/13.88



operation group: 950/1146
    m2.fill.12:L263276 = EXTE m2_fill m2_dg -lt 0.3 -output region
========================================================================
    generate layer m2.fill.12:L263276, TYP = P, HPN = 0, FPN = 0, HEN = 0, FEN = 0

Time: cpu=0.00/0.23  real=0.00/0.23  Memory: 7.60/7.84/13.88



operation group: 951/1146
    m2.fill.12:L263277 = SELECT -touch m2_fill m2_dg
========================================================================
    generate layer m2.fill.12:L263277, TYP = P, HPN = 0, FPN = 0, HEN = 0, FEN = 0

Time: cpu=0.00/0.23  real=0.00/0.23  Memory: 7.60/7.84/13.88



operation group: 952/1146
    m2.fill.12:L263278 = SELECT -interact m2_fill m2_dg -single_point only
========================================================================
    generate layer m2.fill.12:L263278, TYP = P, HPN = 0, FPN = 0, HEN = 0, FEN = 0

Time: cpu=0.00/0.23  real=0.00/0.23  Memory: 7.60/7.84/13.88


    Rule Check m2.fill.12 finished, 0 error(s) reported.

Time: cpu=0.00/0.23  real=0.00/0.23  Memory: 7.69/8.03/13.88



operation group: 953/1146
    m2.fill.13:L263279 = EXTE m2_fill via2 -lt 0.3 -output region
========================================================================
    generate layer m2.fill.13:L263279, TYP = P, HPN = 0, FPN = 0, HEN = 0, FEN = 0

Time: cpu=0.00/0.23  real=0.00/0.23  Memory: 7.69/8.03/13.88



operation group: 954/1146
    m2.fill.13:L263280 = SELECT -touch m2_fill via2
========================================================================
    generate layer m2.fill.13:L263280, TYP = P, HPN = 0, FPN = 0, HEN = 0, FEN = 0

Time: cpu=0.00/0.23  real=0.00/0.23  Memory: 7.69/8.03/13.88


    Rule Check m2.fill.13 finished, 0 error(s) reported.

Time: cpu=0.00/0.23  real=0.00/0.23  Memory: 7.69/8.03/13.88



operation group: 955/1146
    m2.fill.14:L263281 = EXTE m2_fill met2_res -lt 0.3 -output region
========================================================================
    generate layer m2.fill.14:L263281, TYP = P, HPN = 0, FPN = 0, HEN = 0, FEN = 0

Time: cpu=0.00/0.23  real=0.00/0.23  Memory: 7.69/8.03/13.88



operation group: 956/1146
    m2.fill.14:L263282 = SELECT -touch m2_fill met2_res
========================================================================
    generate layer m2.fill.14:L263282, TYP = P, HPN = 0, FPN = 0, HEN = 0, FEN = 0

Time: cpu=0.00/0.23  real=0.00/0.23  Memory: 7.69/8.03/13.88



operation group: 957/1146
    m2.fill.14:L263283 = SELECT -interact m2_fill met2_res -single_point only
========================================================================
    generate layer m2.fill.14:L263283, TYP = P, HPN = 0, FPN = 0, HEN = 0, FEN = 0

Time: cpu=0.00/0.23  real=0.00/0.23  Memory: 7.69/8.03/13.88


    Rule Check m2.fill.14 finished, 0 error(s) reported.

Time: cpu=0.00/0.23  real=0.00/0.23  Memory: 7.69/8.03/13.88



operation group: 958/1146
    m2.fill.15:L263284 = ENC m2_fill areaid.fe -lt 0.5 -output region
========================================================================
    generate layer m2.fill.15:L263284, TYP = P, HPN = 0, FPN = 0, HEN = 0, FEN = 0

Time: cpu=0.00/0.23  real=0.00/0.23  Memory: 7.69/8.03/13.88



operation group: 959/1146
    m2.fill.15:L263285 = EDGE_SELECT m2_fill areaid.fe -coincident_only -inside
========================================================================
    generate layer m2.fill.15:L263285, TYP = E, HPN = 0, FPN = 0, HEN = 0, FEN = 0

Time: cpu=0.00/0.23  real=0.00/0.23  Memory: 7.69/8.03/13.88



operation group: 960/1146
    m2.fill.15:L263286 = SELECT -cut m2_fill areaid.fe
========================================================================
    generate layer m2.fill.15:L263286, TYP = P, HPN = 0, FPN = 0, HEN = 0, FEN = 0

Time: cpu=0.00/0.23  real=0.00/0.23  Memory: 7.69/8.03/13.88

    delete layer m2_fill

    Rule Check m2.fill.15 finished, 0 error(s) reported.

Time: cpu=0.00/0.23  real=0.00/0.23  Memory: 7.69/8.03/13.88



operation group: 961/1146
    m3.fill.1:L263287 = VERTEX m3_fill -gt 4
========================================================================
    generate layer m3.fill.1:L263287, TYP = P, HPN = 0, FPN = 0, HEN = 0, FEN = 0

Time: cpu=0.00/0.23  real=0.00/0.23  Memory: 7.69/8.03/13.88


    Rule Check m3.fill.1 finished, 0 error(s) reported.

Time: cpu=0.00/0.23  real=0.00/0.23  Memory: 7.69/8.03/13.88



operation group: 962/1146
    m3.fill.2:L263288 = RECT_CHK m3_fill -lt 0.5
========================================================================
    generate layer m3.fill.2:L263288, TYP = P, HPN = 0, FPN = 0, HEN = 0, FEN = 0

Time: cpu=0.00/0.23  real=0.00/0.23  Memory: 7.69/8.03/13.88


    Rule Check m3.fill.2 finished, 0 error(s) reported.

Time: cpu=0.00/0.23  real=0.00/0.23  Memory: 7.69/8.03/13.88



operation group: 963/1146
    m3.fill.3:L263289 = RECT_CHK m3_fill -gt 2
========================================================================
    generate layer m3.fill.3:L263289, TYP = P, HPN = 0, FPN = 0, HEN = 0, FEN = 0

Time: cpu=0.00/0.23  real=0.00/0.23  Memory: 7.69/8.03/13.88


    Rule Check m3.fill.3 finished, 0 error(s) reported.

Time: cpu=0.00/0.23  real=0.00/0.23  Memory: 7.69/8.03/13.88



operation group: 964/1146
    m3.fill.4:L263290 = SELECT -outside m3_fill m3_dg -not
========================================================================
    generate layer m3.fill.4:L263290, TYP = P, HPN = 0, FPN = 0, HEN = 0, FEN = 0

Time: cpu=0.00/0.23  real=0.00/0.23  Memory: 7.69/8.03/13.88


    Rule Check m3.fill.4 finished, 0 error(s) reported.

Time: cpu=0.00/0.23  real=0.00/0.23  Memory: 7.69/8.03/13.88



operation group: 965/1146
    m3.fill.5:L263291 = SELECT -outside m3_fill SEALID -not
========================================================================
    generate layer m3.fill.5:L263291, TYP = P, HPN = 0, FPN = 0, HEN = 0, FEN = 0

Time: cpu=0.00/0.23  real=0.00/0.23  Memory: 7.69/8.03/13.88


    Rule Check m3.fill.5 finished, 0 error(s) reported.

Time: cpu=0.00/0.23  real=0.00/0.23  Memory: 7.69/8.03/13.88



operation group: 966/1146
    m3.fill.6:L263292 = SELECT -outside m3_fill via2 -not
========================================================================
    generate layer m3.fill.6:L263292, TYP = P, HPN = 0, FPN = 0, HEN = 0, FEN = 0

Time: cpu=0.00/0.23  real=0.00/0.23  Memory: 7.69/8.03/13.88


    Rule Check m3.fill.6 finished, 0 error(s) reported.

Time: cpu=0.00/0.23  real=0.00/0.23  Memory: 7.69/8.03/13.88



operation group: 967/1146
    m3.fill.7:L263293 = SELECT -outside m3_fill via3 -not
========================================================================
    generate layer m3.fill.7:L263293, TYP = P, HPN = 0, FPN = 0, HEN = 0, FEN = 0

Time: cpu=0.00/0.23  real=0.00/0.23  Memory: 7.69/8.03/13.88


    Rule Check m3.fill.7 finished, 0 error(s) reported.

Time: cpu=0.00/0.23  real=0.00/0.23  Memory: 7.69/8.03/13.88



operation group: 968/1146
    m3.fill.8:L263294 = SELECT -outside m3_fill met3_res -not
========================================================================
    generate layer m3.fill.8:L263294, TYP = P, HPN = 0, FPN = 0, HEN = 0, FEN = 0

Time: cpu=0.00/0.23  real=0.00/0.23  Memory: 7.69/8.03/13.88


    Rule Check m3.fill.8 finished, 0 error(s) reported.

Time: cpu=0.00/0.23  real=0.01/0.24  Memory: 7.69/8.03/13.88



operation group: 969/1146
    m3.fill.9:L263295 = EXTE m3_fill -lt 0.3 -single_point -output region
========================================================================
    generate layer m3.fill.9:L263295, TYP = P, HPN = 0, FPN = 0, HEN = 0, FEN = 0

Time: cpu=0.00/0.23  real=0.00/0.24  Memory: 7.69/8.03/13.88


    Rule Check m3.fill.9 finished, 0 error(s) reported.

Time: cpu=0.00/0.23  real=0.00/0.24  Memory: 7.69/8.03/13.88



operation group: 970/1146
    m3.fill.10:L263296 = EXTE m3_fill SEALID -lt 1 -output region
========================================================================
    generate layer m3.fill.10:L263296, TYP = P, HPN = 0, FPN = 0, HEN = 0, FEN = 0

Time: cpu=0.00/0.23  real=0.00/0.24  Memory: 7.69/8.03/13.88



operation group: 971/1146
    m3.fill.10:L263297 = SELECT -touch m3_fill SEALID
========================================================================
    generate layer m3.fill.10:L263297, TYP = P, HPN = 0, FPN = 0, HEN = 0, FEN = 0

Time: cpu=0.00/0.23  real=0.00/0.24  Memory: 7.69/8.03/13.88



operation group: 972/1146
    m3.fill.10:L263298 = SELECT -interact m3_fill SEALID -single_point only
========================================================================
    generate layer m3.fill.10:L263298, TYP = P, HPN = 0, FPN = 0, HEN = 0, FEN = 0

Time: cpu=0.00/0.23  real=0.00/0.24  Memory: 7.69/8.03/13.88


    Rule Check m3.fill.10 finished, 0 error(s) reported.

Time: cpu=0.00/0.23  real=0.00/0.24  Memory: 7.69/8.03/13.88



operation group: 973/1146
    m3.fill.11:L263299 = EXTE m3_fill via2 -lt 0.5 -output region
========================================================================
    generate layer m3.fill.11:L263299, TYP = P, HPN = 0, FPN = 0, HEN = 0, FEN = 0

Time: cpu=0.00/0.23  real=0.00/0.24  Memory: 7.69/8.03/13.88



operation group: 974/1146
    m3.fill.11:L263300 = SELECT -touch m3_fill via2
========================================================================
    generate layer m3.fill.11:L263300, TYP = P, HPN = 0, FPN = 0, HEN = 0, FEN = 0

Time: cpu=0.00/0.23  real=0.00/0.24  Memory: 7.69/8.03/13.88


    Rule Check m3.fill.11 finished, 0 error(s) reported.

Time: cpu=0.00/0.23  real=0.00/0.24  Memory: 7.69/8.03/13.88



operation group: 975/1146
    m3.fill.12:L263301 = EXTE m3_fill m3_dg -lt 0.5 -output region
========================================================================
    generate layer m3.fill.12:L263301, TYP = P, HPN = 0, FPN = 0, HEN = 0, FEN = 0

Time: cpu=0.00/0.23  real=0.00/0.24  Memory: 7.69/8.03/13.88



operation group: 976/1146
    m3.fill.12:L263302 = SELECT -touch m3_fill m3_dg
========================================================================
    generate layer m3.fill.12:L263302, TYP = P, HPN = 0, FPN = 0, HEN = 0, FEN = 0

Time: cpu=0.00/0.23  real=0.00/0.24  Memory: 7.69/8.03/13.88



operation group: 977/1146
    m3.fill.12:L263303 = SELECT -interact m3_fill m3_dg -single_point only
========================================================================
    generate layer m3.fill.12:L263303, TYP = P, HPN = 0, FPN = 0, HEN = 0, FEN = 0

Time: cpu=0.00/0.23  real=0.00/0.24  Memory: 7.69/8.03/13.88


    Rule Check m3.fill.12 finished, 0 error(s) reported.

Time: cpu=0.00/0.23  real=0.00/0.24  Memory: 7.69/8.03/13.88



operation group: 978/1146
    m3.fill.13:L263304 = EXTE m3_fill via3 -lt 0.5 -output region
========================================================================
    generate layer m3.fill.13:L263304, TYP = P, HPN = 0, FPN = 0, HEN = 0, FEN = 0

Time: cpu=0.00/0.23  real=0.00/0.24  Memory: 7.69/8.03/13.88



operation group: 979/1146
    m3.fill.13:L263305 = SELECT -touch m3_fill via3
========================================================================
    generate layer m3.fill.13:L263305, TYP = P, HPN = 0, FPN = 0, HEN = 0, FEN = 0

Time: cpu=0.00/0.23  real=0.00/0.24  Memory: 7.69/8.03/13.88


    Rule Check m3.fill.13 finished, 0 error(s) reported.

Time: cpu=0.00/0.23  real=0.00/0.24  Memory: 7.69/8.03/13.88



operation group: 980/1146
    m3.fill.14:L263306 = EXTE m3_fill met3_res -lt 0.5 -output region
========================================================================
    generate layer m3.fill.14:L263306, TYP = P, HPN = 0, FPN = 0, HEN = 0, FEN = 0

Time: cpu=0.00/0.23  real=0.00/0.24  Memory: 7.69/8.03/13.88



operation group: 981/1146
    m3.fill.14:L263307 = SELECT -touch m3_fill met3_res
========================================================================
    generate layer m3.fill.14:L263307, TYP = P, HPN = 0, FPN = 0, HEN = 0, FEN = 0

Time: cpu=0.00/0.23  real=0.00/0.24  Memory: 7.69/8.03/13.88



operation group: 982/1146
    m3.fill.14:L263308 = SELECT -interact m3_fill met3_res -single_point only
========================================================================
    generate layer m3.fill.14:L263308, TYP = P, HPN = 0, FPN = 0, HEN = 0, FEN = 0

Time: cpu=0.00/0.23  real=0.00/0.24  Memory: 7.69/8.03/13.88


    Rule Check m3.fill.14 finished, 0 error(s) reported.

Time: cpu=0.00/0.23  real=0.00/0.24  Memory: 7.69/8.03/13.88



operation group: 983/1146
    m3.fill.15:L263309 = ENC m3_fill areaid.fe -lt 0.5 -output region
========================================================================
    generate layer m3.fill.15:L263309, TYP = P, HPN = 0, FPN = 0, HEN = 0, FEN = 0

Time: cpu=0.00/0.23  real=0.00/0.24  Memory: 7.69/8.03/13.88



operation group: 984/1146
    m3.fill.15:L263310 = EDGE_SELECT m3_fill areaid.fe -coincident_only -inside
========================================================================
    generate layer m3.fill.15:L263310, TYP = E, HPN = 0, FPN = 0, HEN = 0, FEN = 0

Time: cpu=0.00/0.23  real=0.00/0.24  Memory: 7.69/8.03/13.88



operation group: 985/1146
    m3.fill.15:L263311 = SELECT -cut m3_fill areaid.fe
========================================================================
    generate layer m3.fill.15:L263311, TYP = P, HPN = 0, FPN = 0, HEN = 0, FEN = 0

Time: cpu=0.00/0.23  real=0.00/0.24  Memory: 7.69/8.03/13.88


    Rule Check m3.fill.15 finished, 0 error(s) reported.

Time: cpu=0.00/0.23  real=0.00/0.24  Memory: 7.69/8.03/13.88



operation group: 986/1146
    m4.fill.1:L263312 = VERTEX m4_fill -gt 4
========================================================================
    generate layer m4.fill.1:L263312, TYP = P, HPN = 0, FPN = 0, HEN = 0, FEN = 0

Time: cpu=0.00/0.23  real=0.00/0.24  Memory: 7.69/8.03/13.88


    Rule Check m4.fill.1 finished, 0 error(s) reported.

Time: cpu=0.00/0.23  real=0.00/0.24  Memory: 7.69/8.03/13.88



operation group: 987/1146
    m4.fill.2:L263313 = RECT_CHK m4_fill -lt 0.5
========================================================================
    generate layer m4.fill.2:L263313, TYP = P, HPN = 0, FPN = 0, HEN = 0, FEN = 0

Time: cpu=0.00/0.23  real=0.00/0.24  Memory: 7.69/8.03/13.88


    Rule Check m4.fill.2 finished, 0 error(s) reported.

Time: cpu=0.00/0.23  real=0.00/0.24  Memory: 7.69/8.03/13.88



operation group: 988/1146
    m4.fill.3:L263314 = RECT_CHK m4_fill -gt 2
========================================================================
    generate layer m4.fill.3:L263314, TYP = P, HPN = 0, FPN = 0, HEN = 0, FEN = 0

Time: cpu=0.00/0.23  real=0.00/0.24  Memory: 7.69/8.03/13.88


    Rule Check m4.fill.3 finished, 0 error(s) reported.

Time: cpu=0.00/0.23  real=0.00/0.24  Memory: 7.69/8.03/13.88



operation group: 989/1146
    m4.fill.4:L263315 = SELECT -outside m4_fill m4_dg -not
========================================================================
    generate layer m4.fill.4:L263315, TYP = P, HPN = 0, FPN = 0, HEN = 0, FEN = 0

Time: cpu=0.00/0.23  real=0.00/0.24  Memory: 7.69/8.03/13.88


    Rule Check m4.fill.4 finished, 0 error(s) reported.

Time: cpu=0.00/0.23  real=0.00/0.24  Memory: 7.69/8.03/13.88



operation group: 990/1146
    m4.fill.5:L263316 = SELECT -outside m4_fill SEALID -not
========================================================================
    generate layer m4.fill.5:L263316, TYP = P, HPN = 0, FPN = 0, HEN = 0, FEN = 0

Time: cpu=0.00/0.23  real=0.00/0.24  Memory: 7.69/8.03/13.88


    Rule Check m4.fill.5 finished, 0 error(s) reported.

Time: cpu=0.00/0.23  real=0.00/0.24  Memory: 7.69/8.03/13.88



operation group: 991/1146
    m4.fill.6:L263317 = SELECT -outside m4_fill via3 -not
========================================================================
    generate layer m4.fill.6:L263317, TYP = P, HPN = 0, FPN = 0, HEN = 0, FEN = 0

Time: cpu=0.00/0.23  real=0.00/0.24  Memory: 7.69/8.03/13.88


    Rule Check m4.fill.6 finished, 0 error(s) reported.

Time: cpu=0.00/0.23  real=0.00/0.24  Memory: 7.69/8.03/13.88



operation group: 992/1146
    m4.fill.7:L263318 = SELECT -outside m4_fill via4 -not
========================================================================
    generate layer m4.fill.7:L263318, TYP = P, HPN = 0, FPN = 0, HEN = 0, FEN = 0

Time: cpu=0.00/0.23  real=0.00/0.24  Memory: 7.69/8.03/13.88


    Rule Check m4.fill.7 finished, 0 error(s) reported.

Time: cpu=0.00/0.23  real=0.00/0.24  Memory: 7.69/8.03/13.88



operation group: 993/1146
    m4.fill.8:L263319 = SELECT -outside m4_fill met4_res -not
========================================================================
    generate layer m4.fill.8:L263319, TYP = P, HPN = 0, FPN = 0, HEN = 0, FEN = 0

Time: cpu=0.00/0.23  real=0.00/0.24  Memory: 7.69/8.03/13.88


    Rule Check m4.fill.8 finished, 0 error(s) reported.

Time: cpu=0.00/0.23  real=0.00/0.24  Memory: 7.69/8.03/13.88



operation group: 994/1146
    m4.fill.9:L263320 = EXTE m4_fill -lt 0.3 -single_point -output region
========================================================================
    generate layer m4.fill.9:L263320, TYP = P, HPN = 0, FPN = 0, HEN = 0, FEN = 0

Time: cpu=0.00/0.23  real=0.00/0.24  Memory: 7.69/8.03/13.88


    Rule Check m4.fill.9 finished, 0 error(s) reported.

Time: cpu=0.00/0.23  real=0.00/0.24  Memory: 7.69/8.03/13.88



operation group: 995/1146
    m4.fill.10:L263321 = EXTE m4_fill SEALID -lt 1 -output region
========================================================================
    generate layer m4.fill.10:L263321, TYP = P, HPN = 0, FPN = 0, HEN = 0, FEN = 0

Time: cpu=0.00/0.23  real=0.00/0.24  Memory: 7.69/8.03/13.88



operation group: 996/1146
    m4.fill.10:L263322 = SELECT -touch m4_fill SEALID
========================================================================
    generate layer m4.fill.10:L263322, TYP = P, HPN = 0, FPN = 0, HEN = 0, FEN = 0

Time: cpu=0.00/0.23  real=0.00/0.24  Memory: 7.69/8.03/13.88



operation group: 997/1146
    m4.fill.10:L263323 = SELECT -interact m4_fill SEALID -single_point only
========================================================================
    generate layer m4.fill.10:L263323, TYP = P, HPN = 0, FPN = 0, HEN = 0, FEN = 0

Time: cpu=0.00/0.23  real=0.00/0.24  Memory: 7.69/8.03/13.88


    Rule Check m4.fill.10 finished, 0 error(s) reported.

Time: cpu=0.00/0.23  real=0.00/0.24  Memory: 7.69/8.03/13.88



operation group: 998/1146
    m4.fill.11:L263324 = EXTE m4_fill via3 -lt 0.5 -output region
========================================================================
    generate layer m4.fill.11:L263324, TYP = P, HPN = 0, FPN = 0, HEN = 0, FEN = 0

Time: cpu=0.00/0.23  real=0.00/0.24  Memory: 7.69/8.03/13.88



operation group: 999/1146
    m4.fill.11:L263325 = SELECT -touch m4_fill via3
========================================================================
    generate layer m4.fill.11:L263325, TYP = P, HPN = 0, FPN = 0, HEN = 0, FEN = 0

Time: cpu=0.00/0.23  real=0.00/0.24  Memory: 7.69/8.03/13.88


    Rule Check m4.fill.11 finished, 0 error(s) reported.

Time: cpu=0.00/0.23  real=0.00/0.24  Memory: 7.69/8.03/13.88



operation group: 1000/1146
    m4.fill.12:L263326 = EXTE m4_fill m4_dg -lt 0.5 -output region
========================================================================
    generate layer m4.fill.12:L263326, TYP = P, HPN = 0, FPN = 0, HEN = 0, FEN = 0

Time: cpu=0.00/0.23  real=0.00/0.24  Memory: 7.69/8.03/13.88



operation group: 1001/1146
    m4.fill.12:L263327 = SELECT -touch m4_fill m4_dg
========================================================================
    generate layer m4.fill.12:L263327, TYP = P, HPN = 0, FPN = 0, HEN = 0, FEN = 0

Time: cpu=0.00/0.23  real=0.00/0.24  Memory: 7.69/8.03/13.88



operation group: 1002/1146
    m4.fill.12:L263328 = SELECT -interact m4_fill m4_dg -single_point only
========================================================================
    generate layer m4.fill.12:L263328, TYP = P, HPN = 0, FPN = 0, HEN = 0, FEN = 0

Time: cpu=0.00/0.23  real=0.00/0.24  Memory: 7.69/8.03/13.88


    Rule Check m4.fill.12 finished, 0 error(s) reported.

Time: cpu=0.00/0.23  real=0.00/0.24  Memory: 7.69/8.03/13.88



operation group: 1003/1146
    m4.fill.13:L263329 = EXTE m4_fill via4 -lt 0.5 -output region
========================================================================
    generate layer m4.fill.13:L263329, TYP = P, HPN = 0, FPN = 0, HEN = 0, FEN = 0

Time: cpu=0.00/0.23  real=0.00/0.24  Memory: 7.69/8.03/13.88



operation group: 1004/1146
    m4.fill.13:L263330 = SELECT -touch m4_fill via4
========================================================================
    generate layer m4.fill.13:L263330, TYP = P, HPN = 0, FPN = 0, HEN = 0, FEN = 0

Time: cpu=0.00/0.23  real=0.00/0.24  Memory: 7.69/8.03/13.88


    Rule Check m4.fill.13 finished, 0 error(s) reported.

Time: cpu=0.00/0.23  real=0.00/0.24  Memory: 7.69/8.03/13.88



operation group: 1005/1146
    m4.fill.14:L263331 = EXTE m4_fill met4_res -lt 0.3 -output region
========================================================================
    generate layer m4.fill.14:L263331, TYP = P, HPN = 0, FPN = 0, HEN = 0, FEN = 0

Time: cpu=0.00/0.23  real=0.00/0.24  Memory: 7.69/8.03/13.88



operation group: 1006/1146
    m4.fill.14:L263332 = SELECT -touch m4_fill met4_res
========================================================================
    generate layer m4.fill.14:L263332, TYP = P, HPN = 0, FPN = 0, HEN = 0, FEN = 0

Time: cpu=0.00/0.23  real=0.00/0.24  Memory: 7.69/8.03/13.88



operation group: 1007/1146
    m4.fill.14:L263333 = SELECT -interact m4_fill met4_res -single_point only
========================================================================
    generate layer m4.fill.14:L263333, TYP = P, HPN = 0, FPN = 0, HEN = 0, FEN = 0

Time: cpu=0.00/0.23  real=0.00/0.24  Memory: 7.69/8.03/13.88


    Rule Check m4.fill.14 finished, 0 error(s) reported.

Time: cpu=0.00/0.23  real=0.00/0.24  Memory: 7.68/8.03/13.88



operation group: 1008/1146
    m4.fill.15:L263334 = ENC m4_fill areaid.fe -lt 0.5 -output region
========================================================================
    generate layer m4.fill.15:L263334, TYP = P, HPN = 0, FPN = 0, HEN = 0, FEN = 0

Time: cpu=0.00/0.23  real=0.00/0.24  Memory: 7.68/8.03/13.88



operation group: 1009/1146
    m4.fill.15:L263335 = EDGE_SELECT m4_fill areaid.fe -coincident_only -inside
========================================================================
    generate layer m4.fill.15:L263335, TYP = E, HPN = 0, FPN = 0, HEN = 0, FEN = 0

Time: cpu=0.00/0.23  real=0.00/0.24  Memory: 7.68/8.03/13.88



operation group: 1010/1146
    m4.fill.15:L263336 = SELECT -cut m4_fill areaid.fe
========================================================================
    generate layer m4.fill.15:L263336, TYP = P, HPN = 0, FPN = 0, HEN = 0, FEN = 0

Time: cpu=0.00/0.23  real=0.00/0.24  Memory: 7.68/8.03/13.88


    Rule Check m4.fill.15 finished, 0 error(s) reported.

Time: cpu=0.00/0.23  real=0.00/0.24  Memory: 7.68/8.03/13.88



operation group: 1011/1146
    m5.fill.1:L263337 = VERTEX m5_fill -gt 4
========================================================================
    generate layer m5.fill.1:L263337, TYP = P, HPN = 0, FPN = 0, HEN = 0, FEN = 0

Time: cpu=0.00/0.23  real=0.00/0.24  Memory: 7.68/8.03/13.88


    Rule Check m5.fill.1 finished, 0 error(s) reported.

Time: cpu=0.00/0.23  real=0.00/0.24  Memory: 7.68/8.03/13.88



operation group: 1012/1146
    m5.fill.2:L263338 = RECT_CHK m5_fill -lt 2
========================================================================
    generate layer m5.fill.2:L263338, TYP = P, HPN = 0, FPN = 0, HEN = 0, FEN = 0

Time: cpu=0.00/0.23  real=0.00/0.24  Memory: 7.68/8.03/13.88


    Rule Check m5.fill.2 finished, 0 error(s) reported.

Time: cpu=0.00/0.23  real=0.00/0.24  Memory: 7.68/8.03/13.88



operation group: 1013/1146
    m5.fill.3:L263339 = RECT_CHK m5_fill -gt 5
========================================================================
    generate layer m5.fill.3:L263339, TYP = P, HPN = 0, FPN = 0, HEN = 0, FEN = 0

Time: cpu=0.00/0.23  real=0.00/0.24  Memory: 7.68/8.03/13.88


    Rule Check m5.fill.3 finished, 0 error(s) reported.

Time: cpu=0.00/0.23  real=0.00/0.24  Memory: 7.68/8.03/13.88



operation group: 1014/1146
    m5.fill.4:L263340 = SELECT -outside m5_fill m5_dg -not
========================================================================
    generate layer m5.fill.4:L263340, TYP = P, HPN = 0, FPN = 0, HEN = 0, FEN = 0

Time: cpu=0.00/0.23  real=0.00/0.24  Memory: 7.68/8.03/13.88


    Rule Check m5.fill.4 finished, 0 error(s) reported.

Time: cpu=0.00/0.23  real=0.00/0.24  Memory: 7.68/8.03/13.88



operation group: 1015/1146
    m5.fill.5:L263341 = SELECT -outside m5_fill SEALID -not
========================================================================
    generate layer m5.fill.5:L263341, TYP = P, HPN = 0, FPN = 0, HEN = 0, FEN = 0

Time: cpu=0.00/0.23  real=0.00/0.24  Memory: 7.68/8.03/13.88


    Rule Check m5.fill.5 finished, 0 error(s) reported.

Time: cpu=0.00/0.23  real=0.00/0.24  Memory: 7.68/8.03/13.88



operation group: 1016/1146
    m5.fill.6:L263342 = SELECT -outside m5_fill via4 -not
========================================================================
    generate layer m5.fill.6:L263342, TYP = P, HPN = 0, FPN = 0, HEN = 0, FEN = 0

Time: cpu=0.00/0.23  real=0.00/0.24  Memory: 7.68/8.03/13.88


    Rule Check m5.fill.6 finished, 0 error(s) reported.

Time: cpu=0.00/0.23  real=0.00/0.24  Memory: 7.68/8.03/13.88



operation group: 1017/1146
    m5.fill.7:L263343 = SELECT -outside m5_fill met5_res -not
========================================================================
    generate layer m5.fill.7:L263343, TYP = P, HPN = 0, FPN = 0, HEN = 0, FEN = 0

Time: cpu=0.00/0.23  real=0.00/0.24  Memory: 7.68/8.03/13.88


    Rule Check m5.fill.7 finished, 0 error(s) reported.

Time: cpu=0.00/0.23  real=0.00/0.24  Memory: 7.68/8.03/13.88



operation group: 1018/1146
    m5.fill.8:L263344 = EXTE m5_fill -lt 1.6 -single_point -output region
========================================================================
    generate layer m5.fill.8:L263344, TYP = P, HPN = 0, FPN = 0, HEN = 0, FEN = 0

Time: cpu=0.00/0.23  real=0.00/0.24  Memory: 7.68/8.03/13.88


    Rule Check m5.fill.8 finished, 0 error(s) reported.

Time: cpu=0.00/0.23  real=0.00/0.24  Memory: 7.68/8.03/13.88



operation group: 1019/1146
    m5.fill.9:L263345 = EXTE m5_fill SEALID -lt 1 -output region
========================================================================
    generate layer m5.fill.9:L263345, TYP = P, HPN = 0, FPN = 0, HEN = 0, FEN = 0

Time: cpu=0.00/0.23  real=0.00/0.24  Memory: 7.68/8.03/13.88



operation group: 1020/1146
    m5.fill.9:L263346 = SELECT -touch m5_fill SEALID
========================================================================
    generate layer m5.fill.9:L263346, TYP = P, HPN = 0, FPN = 0, HEN = 0, FEN = 0

Time: cpu=0.00/0.23  real=0.00/0.24  Memory: 7.68/8.03/13.88



operation group: 1021/1146
    m5.fill.9:L263347 = SELECT -interact m5_fill SEALID -single_point only
========================================================================
    generate layer m5.fill.9:L263347, TYP = P, HPN = 0, FPN = 0, HEN = 0, FEN = 0

Time: cpu=0.00/0.23  real=0.00/0.24  Memory: 7.68/8.03/13.88

    delete layer SEALID

    Rule Check m5.fill.9 finished, 0 error(s) reported.

Time: cpu=0.00/0.23  real=0.00/0.24  Memory: 7.68/8.03/13.88



operation group: 1022/1146
    m5.fill.10:L263348 = EXTE m5_fill m5_dg -lt 3 -output region
========================================================================
    generate layer m5.fill.10:L263348, TYP = P, HPN = 0, FPN = 0, HEN = 0, FEN = 0

Time: cpu=0.00/0.23  real=0.00/0.24  Memory: 7.68/8.03/13.88



operation group: 1023/1146
    m5.fill.10:L263349 = SELECT -touch m5_fill m5_dg
========================================================================
    generate layer m5.fill.10:L263349, TYP = P, HPN = 0, FPN = 0, HEN = 0, FEN = 0

Time: cpu=0.00/0.23  real=0.00/0.24  Memory: 7.68/8.03/13.88



operation group: 1024/1146
    m5.fill.10:L263350 = SELECT -interact m5_fill m5_dg -single_point only
========================================================================
    generate layer m5.fill.10:L263350, TYP = P, HPN = 0, FPN = 0, HEN = 0, FEN = 0

Time: cpu=0.00/0.23  real=0.00/0.24  Memory: 7.68/8.03/13.88


    Rule Check m5.fill.10 finished, 0 error(s) reported.

Time: cpu=0.00/0.23  real=0.00/0.24  Memory: 7.68/8.03/13.88



operation group: 1025/1146
    m5.fill.11:L263351 = EXTE m5_fill via4 -lt 3 -output region
========================================================================
    generate layer m5.fill.11:L263351, TYP = P, HPN = 0, FPN = 0, HEN = 0, FEN = 0

Time: cpu=0.00/0.23  real=0.00/0.24  Memory: 7.68/8.03/13.88



operation group: 1026/1146
    m5.fill.11:L263352 = SELECT -touch m5_fill via4
========================================================================
    generate layer m5.fill.11:L263352, TYP = P, HPN = 0, FPN = 0, HEN = 0, FEN = 0

Time: cpu=0.00/0.23  real=0.00/0.24  Memory: 7.68/8.03/13.88


    Rule Check m5.fill.11 finished, 0 error(s) reported.

Time: cpu=0.00/0.23  real=0.00/0.24  Memory: 7.68/8.03/13.88



operation group: 1027/1146
    m5.fill.12:L263353 = EXTE m5_fill met5_res -lt 3 -output region
========================================================================
    generate layer m5.fill.12:L263353, TYP = P, HPN = 0, FPN = 0, HEN = 0, FEN = 0

Time: cpu=0.00/0.23  real=0.00/0.24  Memory: 7.68/8.03/13.88



operation group: 1028/1146
    m5.fill.12:L263354 = SELECT -touch m5_fill met5_res
========================================================================
    generate layer m5.fill.12:L263354, TYP = P, HPN = 0, FPN = 0, HEN = 0, FEN = 0

Time: cpu=0.00/0.23  real=0.00/0.24  Memory: 7.68/8.03/13.88



operation group: 1029/1146
    m5.fill.12:L263355 = SELECT -interact m5_fill met5_res -single_point only
========================================================================
    generate layer m5.fill.12:L263355, TYP = P, HPN = 0, FPN = 0, HEN = 0, FEN = 0

Time: cpu=0.00/0.23  real=0.00/0.24  Memory: 7.68/8.03/13.88


    Rule Check m5.fill.12 finished, 0 error(s) reported.

Time: cpu=0.00/0.23  real=0.00/0.24  Memory: 7.68/8.03/13.88



operation group: 1030/1146
    m5.fill.13:L263356 = ENC m5_fill areaid.fe -lt 0.5 -output region
========================================================================
    generate layer m5.fill.13:L263356, TYP = P, HPN = 0, FPN = 0, HEN = 0, FEN = 0

Time: cpu=0.00/0.23  real=0.00/0.24  Memory: 7.68/8.03/13.88



operation group: 1031/1146
    m5.fill.13:L263357 = EDGE_SELECT m5_fill areaid.fe -coincident_only -inside
========================================================================
    generate layer m5.fill.13:L263357, TYP = E, HPN = 0, FPN = 0, HEN = 0, FEN = 0

Time: cpu=0.00/0.23  real=0.00/0.24  Memory: 7.68/8.03/13.88



operation group: 1032/1146
    m5.fill.13:L263358 = SELECT -cut m5_fill areaid.fe
========================================================================
    generate layer m5.fill.13:L263358, TYP = P, HPN = 0, FPN = 0, HEN = 0, FEN = 0

Time: cpu=0.00/0.23  real=0.00/0.24  Memory: 7.68/8.03/13.88

    delete layer m5_fill
    delete layer areaid.fe

    Rule Check m5.fill.13 finished, 0 error(s) reported.

Time: cpu=0.00/0.23  real=0.00/0.24  Memory: 7.68/8.03/13.88



operation group: 1033/1146
    m3.fill.capm.1:L263359 = SELECT -interact m3_fill capm -single_point also
========================================================================
    generate layer m3.fill.capm.1:L263359, TYP = P, HPN = 0, FPN = 0, HEN = 0, FEN = 0

Time: cpu=0.00/0.23  real=0.00/0.24  Memory: 7.68/8.03/13.88


    Rule Check m3.fill.capm.1 finished, 0 error(s) reported.

Time: cpu=0.00/0.23  real=0.00/0.24  Memory: 7.68/8.03/13.88



operation group: 1034/1146
    m3.fill.capm.2:L263360 = EXTE capm m3_fill -lt 1.2 -abut lt 90 -exclude_shielded -output region
    m4.fill.cap2m.2:L263362 = EXTE capm m3_fill -lt 1.2 -abut lt 90 -exclude_shielded -output region
========================================================================
    generate layer m3.fill.capm.2:L263360, TYP = P, HPN = 0, FPN = 0, HEN = 0, FEN = 0
    generate layer m4.fill.cap2m.2:L263362, TYP = P, HPN = 0, FPN = 0, HEN = 0, FEN = 0

Time: cpu=0.00/0.23  real=0.00/0.24  Memory: 7.68/8.03/13.88


    Rule Check m3.fill.capm.2 finished, 0 error(s) reported.

Time: cpu=0.00/0.23  real=0.00/0.24  Memory: 7.68/8.03/13.88

    delete layer m3_fill

    Rule Check m4.fill.cap2m.2 finished, 0 error(s) reported.

Time: cpu=0.00/0.23  real=0.00/0.24  Memory: 7.68/8.03/13.88



operation group: 1035/1146
    m4.fill.cap2m.1:L263361 = SELECT -interact m4_fill cap2m -single_point also
========================================================================
    generate layer m4.fill.cap2m.1:L263361, TYP = P, HPN = 0, FPN = 0, HEN = 0, FEN = 0

Time: cpu=0.00/0.23  real=0.00/0.24  Memory: 7.68/8.03/13.88

    delete layer m4_fill

    Rule Check m4.fill.cap2m.1 finished, 0 error(s) reported.

Time: cpu=0.00/0.23  real=0.00/0.24  Memory: 7.68/8.03/13.88



operation group: 1036/1146
    CDR.mcon.cover.1:L263363 = NOT mcon li_dg
========================================================================
    generate layer CDR.mcon.cover.1:L263363, TYP = P, HPN = 0, FPN = 0, HEN = 0, FEN = 0

Time: cpu=0.00/0.23  real=0.00/0.24  Memory: 7.68/8.03/13.88


    Rule Check CDR.mcon.cover.1 finished, 0 error(s) reported.

Time: cpu=0.00/0.23  real=0.00/0.24  Memory: 7.68/8.03/13.88



operation group: 1037/1146
    mcon.cover.2:L263364 = NOT mcon m1_dg
========================================================================
    generate layer mcon.cover.2:L263364, TYP = P, HPN = 0, FPN = 0, HEN = 0, FEN = 0

Time: cpu=0.00/0.23  real=0.00/0.24  Memory: 7.68/8.03/13.88


    Rule Check mcon.cover.2 finished, 0 error(s) reported.

Time: cpu=0.00/0.23  real=0.00/0.24  Memory: 7.68/8.03/13.88



operation group: 1038/1146
    via1.cover.1:L263365 = NOT via1 m1_dg
========================================================================
    generate layer via1.cover.1:L263365, TYP = P, HPN = 0, FPN = 0, HEN = 0, FEN = 0

Time: cpu=0.01/0.24  real=0.01/0.24  Memory: 7.68/8.03/14.07


    Rule Check via1.cover.1 finished, 0 error(s) reported.

Time: cpu=0.00/0.24  real=0.00/0.24  Memory: 7.68/8.03/14.07



operation group: 1039/1146
    via1.cover.2:L263366 = NOT via1 m2_dg
========================================================================
    generate layer via1.cover.2:L263366, TYP = P, HPN = 0, FPN = 0, HEN = 0, FEN = 0

Time: cpu=0.00/0.24  real=0.00/0.24  Memory: 7.68/8.03/14.07


    Rule Check via1.cover.2 finished, 0 error(s) reported.

Time: cpu=0.00/0.24  real=0.00/0.24  Memory: 7.68/8.03/14.07



operation group: 1040/1146
    via2.cover.1:L263367 = NOT via2 m2_dg
========================================================================
    generate layer via2.cover.1:L263367, TYP = P, HPN = 0, FPN = 0, HEN = 0, FEN = 0

Time: cpu=0.00/0.24  real=0.00/0.24  Memory: 7.68/8.03/14.07


    Rule Check via2.cover.1 finished, 0 error(s) reported.

Time: cpu=0.00/0.24  real=0.00/0.24  Memory: 7.68/8.03/14.07



operation group: 1041/1146
    via2.cover.2:L263368 = NOT via2 m3_dg
========================================================================
    generate layer via2.cover.2:L263368, TYP = P, HPN = 0, FPN = 0, HEN = 0, FEN = 0

Time: cpu=0.00/0.24  real=0.00/0.24  Memory: 7.68/8.03/14.07


    Rule Check via2.cover.2 finished, 0 error(s) reported.

Time: cpu=0.00/0.24  real=0.00/0.24  Memory: 7.68/8.03/14.07



operation group: 1042/1146
    via3.cover.1:L263369 = NOT via3 m3_dg
========================================================================
    generate layer via3.cover.1:L263369, TYP = P, HPN = 0, FPN = 0, HEN = 0, FEN = 0

Time: cpu=0.00/0.24  real=0.00/0.24  Memory: 7.68/8.03/14.07


    Rule Check via3.cover.1 finished, 0 error(s) reported.

Time: cpu=0.00/0.24  real=0.00/0.24  Memory: 7.68/8.03/14.07



operation group: 1043/1146
    via3.cover.2:L263370 = NOT via3 m3_dg
========================================================================
    generate layer via3.cover.2:L263370, TYP = P, HPN = 0, FPN = 0, HEN = 0, FEN = 0

Time: cpu=0.00/0.24  real=0.00/0.24  Memory: 7.68/8.03/14.07


    Rule Check via3.cover.2 finished, 0 error(s) reported.

Time: cpu=0.00/0.24  real=0.00/0.24  Memory: 7.68/8.03/14.07



operation group: 1044/1146
    via4.cover.1:L263371 = NOT via4 m4_dg
========================================================================
    generate layer via4.cover.1:L263371, TYP = P, HPN = 0, FPN = 0, HEN = 0, FEN = 0

Time: cpu=0.00/0.24  real=0.00/0.24  Memory: 7.68/8.03/14.07


    Rule Check via4.cover.1 finished, 0 error(s) reported.

Time: cpu=0.00/0.24  real=0.00/0.24  Memory: 7.68/8.03/14.07



operation group: 1045/1146
    via4.cover.2:L263372 = NOT via4 m4_dg
========================================================================
    generate layer via4.cover.2:L263372, TYP = P, HPN = 0, FPN = 0, HEN = 0, FEN = 0

Time: cpu=0.00/0.24  real=0.00/0.24  Memory: 7.68/8.03/14.07


    Rule Check via4.cover.2 finished, 0 error(s) reported.

Time: cpu=0.00/0.24  real=0.00/0.24  Memory: 7.68/8.03/14.07



operation group: 1046/1146
    diffres_maybe = SELECT -cut diff_res li1 -not
========================================================================
    generate layer diffres_maybe, TYP = P, HPN = 0, FPN = 0, HEN = 0, FEN = 0

Time: cpu=0.00/0.24  real=0.00/0.24  Memory: 7.68/8.03/14.07



operation group: 1047/1146
    diff_dg_not_res = NOT diff_dg diffres_maybe
========================================================================
    layer diff_dg_not_res not generated, operation is dynamically optimized out.

Time: cpu=0.00/0.24  real=0.00/0.24  Memory: 7.68/8.03/14.07

    delete layer diff_dg


operation group: 1048/1146
    difftap.res:L263375 = SELECT -touch diffres_maybe diff_dg_not_res -eq 2 -not
========================================================================
    generate layer difftap.res:L263375, TYP = P, HPN = 0, FPN = 0, HEN = 0, FEN = 0

Time: cpu=0.00/0.24  real=0.00/0.24  Memory: 7.68/8.03/14.07

    delete layer diffres_maybe
    delete layer diff_dg_not_res


operation group: 1049/1146
    difftap.res:L263376 = SELECT -cut diff_res diff
========================================================================
    generate layer difftap.res:L263376, TYP = P, HPN = 0, FPN = 0, HEN = 0, FEN = 0

Time: cpu=0.00/0.24  real=0.00/0.24  Memory: 7.68/8.03/14.07

    delete layer diff

    Rule Check difftap.res finished, 0 error(s) reported.

Time: cpu=0.00/0.24  real=0.00/0.24  Memory: 7.68/8.03/14.07



operation group: 1050/1146
    lires_maybe = SELECT -cut li1_res li_dg -not
    li.res:L263380 = SELECT -cut li1_res li_dg
========================================================================
    generate layer lires_maybe, TYP = P, HPN = 0, FPN = 0, HEN = 0, FEN = 0
    generate layer li.res:L263380, TYP = P, HPN = 0, FPN = 0, HEN = 0, FEN = 0

Time: cpu=0.00/0.24  real=0.00/0.24  Memory: 7.68/8.03/14.07

    delete layer li1_res


operation group: 1051/1146
    li_dg_not_res = NOT li_dg lires_maybe
========================================================================
    layer li_dg_not_res not generated, operation is dynamically optimized out.

Time: cpu=0.00/0.24  real=0.00/0.24  Memory: 7.68/8.03/14.07

    delete layer li_dg


operation group: 1052/1146
    li.res:L263379 = SELECT -touch lires_maybe li_dg_not_res -eq 2 -not
========================================================================
    generate layer li.res:L263379, TYP = P, HPN = 0, FPN = 0, HEN = 0, FEN = 0

Time: cpu=0.00/0.24  real=0.00/0.24  Memory: 7.68/8.03/14.07

    delete layer lires_maybe
    delete layer li_dg_not_res

    Rule Check li.res finished, 0 error(s) reported.

Time: cpu=0.00/0.24  real=0.00/0.24  Memory: 7.68/8.03/14.07



operation group: 1053/1146
    met1res_maybe = SELECT -cut met1_res m1_dg -not
    m1.res:L263384 = SELECT -cut met1_res m1_dg
========================================================================
    generate layer met1res_maybe, TYP = P, HPN = 0, FPN = 0, HEN = 0, FEN = 0
    generate layer m1.res:L263384, TYP = P, HPN = 0, FPN = 0, HEN = 0, FEN = 0

Time: cpu=0.00/0.24  real=0.00/0.24  Memory: 7.68/8.03/14.07

    delete layer met1_res


operation group: 1054/1146
    m1_dg_not_res = NOT m1_dg met1res_maybe
========================================================================
    layer m1_dg_not_res not generated, operation is dynamically optimized out.

Time: cpu=0.00/0.24  real=0.00/0.24  Memory: 7.68/8.03/14.07

    delete layer m1_dg


operation group: 1055/1146
    m1.res:L263383 = SELECT -touch met1res_maybe m1_dg_not_res -eq 2 -not
========================================================================
    generate layer m1.res:L263383, TYP = P, HPN = 0, FPN = 0, HEN = 0, FEN = 0

Time: cpu=0.00/0.24  real=0.00/0.24  Memory: 7.68/8.03/14.07

    delete layer met1res_maybe
    delete layer m1_dg_not_res

    Rule Check m1.res finished, 0 error(s) reported.

Time: cpu=0.00/0.24  real=0.00/0.24  Memory: 7.68/8.03/14.07



operation group: 1056/1146
    met2res_maybe = SELECT -cut met2_res m2_dg -not
    m2.res:L263388 = SELECT -cut met2_res m2_dg
========================================================================
    generate layer met2res_maybe, TYP = P, HPN = 0, FPN = 0, HEN = 0, FEN = 0
    generate layer m2.res:L263388, TYP = P, HPN = 0, FPN = 0, HEN = 0, FEN = 0

Time: cpu=0.00/0.24  real=0.00/0.24  Memory: 7.68/8.03/14.07

    delete layer met2_res


operation group: 1057/1146
    m2_dg_not_res = NOT m2_dg met2res_maybe
========================================================================
    layer m2_dg_not_res not generated, operation is dynamically optimized out.

Time: cpu=0.00/0.24  real=0.00/0.24  Memory: 7.68/8.03/14.07

    delete layer m2_dg


operation group: 1058/1146
    m2.res:L263387 = SELECT -touch met2res_maybe m2_dg_not_res -eq 2 -not
========================================================================
    generate layer m2.res:L263387, TYP = P, HPN = 0, FPN = 0, HEN = 0, FEN = 0

Time: cpu=0.00/0.24  real=0.00/0.24  Memory: 7.68/8.03/14.07

    delete layer met2res_maybe
    delete layer m2_dg_not_res

    Rule Check m2.res finished, 0 error(s) reported.

Time: cpu=0.00/0.24  real=0.00/0.24  Memory: 7.68/8.03/14.07



operation group: 1059/1146
    met3res_maybe = SELECT -cut met3_res m3_dg -not
    m3.res:L263392 = SELECT -cut met3_res m3_dg
========================================================================
    generate layer met3res_maybe, TYP = P, HPN = 0, FPN = 0, HEN = 0, FEN = 0
    generate layer m3.res:L263392, TYP = P, HPN = 0, FPN = 0, HEN = 0, FEN = 0

Time: cpu=0.00/0.24  real=0.00/0.24  Memory: 7.68/8.03/14.07

    delete layer met3_res


operation group: 1060/1146
    m3_dg_not_res = NOT m3_dg met3res_maybe
========================================================================
    generate layer m3_dg_not_res, TYP = P, HPN = 0, FPN = 0, HEN = 0, FEN = 0

Time: cpu=0.00/0.24  real=0.00/0.24  Memory: 7.68/8.03/14.07



operation group: 1061/1146
    m3.res:L263391 = SELECT -touch met3res_maybe m3_dg_not_res -eq 2 -not
========================================================================
    generate layer m3.res:L263391, TYP = P, HPN = 0, FPN = 0, HEN = 0, FEN = 0

Time: cpu=0.00/0.24  real=0.00/0.24  Memory: 7.68/8.03/14.07

    delete layer met3res_maybe
    delete layer m3_dg_not_res

    Rule Check m3.res finished, 0 error(s) reported.

Time: cpu=0.00/0.24  real=0.00/0.24  Memory: 7.68/8.03/14.07



operation group: 1062/1146
    met4res_maybe = SELECT -cut met4_res m4_dg -not
    m4.res:L263396 = SELECT -cut met4_res m4_dg
========================================================================
    generate layer met4res_maybe, TYP = P, HPN = 0, FPN = 0, HEN = 0, FEN = 0
    generate layer m4.res:L263396, TYP = P, HPN = 0, FPN = 0, HEN = 0, FEN = 0

Time: cpu=0.00/0.24  real=0.00/0.24  Memory: 7.68/8.03/14.07

    delete layer met4_res


operation group: 1063/1146
    m4_dg_not_res = NOT m4_dg met4res_maybe
========================================================================
    generate layer m4_dg_not_res, TYP = P, HPN = 0, FPN = 0, HEN = 0, FEN = 0

Time: cpu=0.00/0.24  real=0.00/0.24  Memory: 7.68/8.03/14.07



operation group: 1064/1146
    m4.res:L263395 = SELECT -touch met4res_maybe m4_dg_not_res -eq 2 -not
========================================================================
    generate layer m4.res:L263395, TYP = P, HPN = 0, FPN = 0, HEN = 0, FEN = 0

Time: cpu=0.00/0.24  real=0.00/0.24  Memory: 7.68/8.03/14.07

    delete layer met4res_maybe
    delete layer m4_dg_not_res

    Rule Check m4.res finished, 0 error(s) reported.

Time: cpu=0.00/0.24  real=0.00/0.24  Memory: 7.68/8.03/14.07



operation group: 1065/1146
    met5res_maybe = SELECT -cut met5_res m5_dg -not
========================================================================
    generate layer met5res_maybe, TYP = P, HPN = 0, FPN = 0, HEN = 0, FEN = 0

Time: cpu=0.00/0.24  real=0.00/0.24  Memory: 7.68/8.03/14.07



operation group: 1066/1146
    m5_dg_not_res = NOT m5_dg met5res_maybe
========================================================================
    generate layer m5_dg_not_res, TYP = P, HPN = 0, FPN = 0, HEN = 0, FEN = 0

Time: cpu=0.00/0.24  real=0.00/0.24  Memory: 7.68/8.03/14.07

    delete layer m5_dg


operation group: 1067/1146
    m5.res:L263399 = SELECT -touch met5res_maybe m5_dg_not_res -eq 2 -not
========================================================================
    generate layer m5.res:L263399, TYP = P, HPN = 0, FPN = 0, HEN = 0, FEN = 0

Time: cpu=0.00/0.24  real=0.00/0.24  Memory: 7.68/8.03/14.07

    delete layer met5res_maybe
    delete layer m5_dg_not_res


operation group: 1068/1146
    m5.res:L263400 = SELECT -cut met5_res m4_dg
========================================================================
    generate layer m5.res:L263400, TYP = P, HPN = 0, FPN = 0, HEN = 0, FEN = 0

Time: cpu=0.00/0.24  real=0.00/0.24  Memory: 7.68/8.03/14.07

    delete layer met5_res

    Rule Check m5.res finished, 0 error(s) reported.

Time: cpu=0.00/0.24  real=0.00/0.24  Memory: 7.68/8.03/14.07



operation group: 1069/1146
    li.block.1:L263401 = AND li1 li1_block
========================================================================
    generate layer li.block.1:L263401, TYP = P, HPN = 0, FPN = 0, HEN = 0, FEN = 0

Time: cpu=0.00/0.24  real=0.00/0.24  Memory: 7.68/8.03/14.07


    Rule Check li.block.1 finished, 0 error(s) reported.

Time: cpu=0.00/0.24  real=0.00/0.24  Memory: 7.68/8.03/14.07



operation group: 1070/1146
    m1.block.1:L263402 = AND met1 met1_block
========================================================================
    generate layer m1.block.1:L263402, TYP = P, HPN = 0, FPN = 0, HEN = 0, FEN = 0

Time: cpu=0.00/0.24  real=0.00/0.24  Memory: 7.68/8.03/14.07


    Rule Check m1.block.1 finished, 0 error(s) reported.

Time: cpu=0.00/0.24  real=0.00/0.24  Memory: 7.68/8.03/14.07



operation group: 1071/1146
    m2.block.1:L263403 = AND met2 met2_block
========================================================================
    generate layer m2.block.1:L263403, TYP = P, HPN = 0, FPN = 0, HEN = 0, FEN = 0

Time: cpu=0.00/0.24  real=0.00/0.24  Memory: 7.68/8.03/14.07


    Rule Check m2.block.1 finished, 0 error(s) reported.

Time: cpu=0.00/0.24  real=0.00/0.24  Memory: 7.68/8.03/14.07



operation group: 1072/1146
    m3.block.1:L263404 = AND met3 met3_block
========================================================================
    generate layer m3.block.1:L263404, TYP = P, HPN = 0, FPN = 0, HEN = 0, FEN = 0

Time: cpu=0.00/0.24  real=0.00/0.24  Memory: 7.68/8.03/14.07


    Rule Check m3.block.1 finished, 0 error(s) reported.

Time: cpu=0.00/0.24  real=0.00/0.24  Memory: 7.67/8.03/14.07



operation group: 1073/1146
    m4.block.1:L263405 = AND met4 met4_block
========================================================================
    generate layer m4.block.1:L263405, TYP = P, HPN = 0, FPN = 0, HEN = 0, FEN = 0

Time: cpu=0.00/0.24  real=0.00/0.24  Memory: 7.67/8.03/14.07


    Rule Check m4.block.1 finished, 0 error(s) reported.

Time: cpu=0.00/0.24  real=0.00/0.24  Memory: 7.67/8.03/14.07



operation group: 1074/1146
    m5.block.1:L263406 = AND met5 met5_block
========================================================================
    generate layer m5.block.1:L263406, TYP = P, HPN = 0, FPN = 0, HEN = 0, FEN = 0

Time: cpu=0.00/0.24  real=0.00/0.24  Memory: 7.67/8.03/14.07


    Rule Check m5.block.1 finished, 0 error(s) reported.

Time: cpu=0.00/0.24  real=0.00/0.24  Memory: 7.67/8.03/14.07



operation group: 1075/1146
    li.block.2:L263407 = EXTE li1 li1_block -lt 0.17 -single_point -output region
========================================================================
    generate layer li.block.2:L263407, TYP = P, HPN = 0, FPN = 0, HEN = 0, FEN = 0

Time: cpu=0.00/0.24  real=0.00/0.24  Memory: 7.67/8.03/14.07

    delete layer li1_block

    Rule Check li.block.2 finished, 0 error(s) reported.

Time: cpu=0.00/0.24  real=0.00/0.24  Memory: 7.67/8.03/14.07



operation group: 1076/1146
    m1.block.2:L263408 = EXTE met1 met1_block -lt 0.14 -single_point -output region
========================================================================
    generate layer m1.block.2:L263408, TYP = P, HPN = 0, FPN = 0, HEN = 0, FEN = 0

Time: cpu=0.00/0.24  real=0.00/0.24  Memory: 7.67/8.03/14.07

    delete layer met1_block

    Rule Check m1.block.2 finished, 0 error(s) reported.

Time: cpu=0.00/0.24  real=0.00/0.24  Memory: 7.67/8.03/14.07



operation group: 1077/1146
    m2.block.2:L263409 = EXTE met2 met2_block -lt 0.14 -single_point -output region
========================================================================
    generate layer m2.block.2:L263409, TYP = P, HPN = 0, FPN = 0, HEN = 0, FEN = 0

Time: cpu=0.00/0.24  real=0.00/0.24  Memory: 7.67/8.03/14.07

    delete layer met2_block

    Rule Check m2.block.2 finished, 0 error(s) reported.

Time: cpu=0.00/0.24  real=0.00/0.24  Memory: 7.67/8.03/14.07



operation group: 1078/1146
    m3.block.2:L263410 = EXTE met3 met3_block -lt 0.3 -single_point -output region
========================================================================
    generate layer m3.block.2:L263410, TYP = P, HPN = 0, FPN = 0, HEN = 0, FEN = 0

Time: cpu=0.00/0.24  real=0.00/0.24  Memory: 7.67/8.03/14.07

    delete layer met3_block

    Rule Check m3.block.2 finished, 0 error(s) reported.

Time: cpu=0.00/0.24  real=0.00/0.24  Memory: 7.67/8.03/14.07



operation group: 1079/1146
    m4.block.2:L263411 = EXTE met4 met4_block -lt 0.3 -single_point -output region
========================================================================
    generate layer m4.block.2:L263411, TYP = P, HPN = 0, FPN = 0, HEN = 0, FEN = 0

Time: cpu=0.00/0.24  real=0.00/0.24  Memory: 7.67/8.03/14.07

    delete layer met4_block

    Rule Check m4.block.2 finished, 0 error(s) reported.

Time: cpu=0.00/0.24  real=0.00/0.24  Memory: 7.67/8.03/14.07



operation group: 1080/1146
    m5.block.2:L263412 = EXTE met5 met5_block -lt 1.6 -single_point -output region
========================================================================
    generate layer m5.block.2:L263412, TYP = P, HPN = 0, FPN = 0, HEN = 0, FEN = 0

Time: cpu=0.00/0.24  real=0.00/0.24  Memory: 7.67/8.03/14.07

    delete layer met5_block

    Rule Check m5.block.2 finished, 0 error(s) reported.

Time: cpu=0.00/0.24  real=0.00/0.24  Memory: 7.67/8.03/14.07



operation group: 1081/1146
    diff.oldfill.1:L263413 = COPY cfom_fill
========================================================================
    generate layer diff.oldfill.1:L263413, TYP = P, HPN = 0, FPN = 0, HEN = 0, FEN = 0

Time: cpu=0.00/0.24  real=0.00/0.24  Memory: 7.67/8.03/14.07

    delete layer cfom_fill

    Rule Check diff.oldfill.1 finished, 0 error(s) reported.

Time: cpu=0.00/0.24  real=0.00/0.24  Memory: 7.67/8.03/14.07



operation group: 1082/1146
    diff.oldfill.2:L263414 = COPY cfom_waffle_drop
========================================================================
    generate layer diff.oldfill.2:L263414, TYP = P, HPN = 0, FPN = 0, HEN = 0, FEN = 0

Time: cpu=0.00/0.24  real=0.00/0.24  Memory: 7.67/8.03/14.07

    delete layer cfom_waffle_drop

    Rule Check diff.oldfill.2 finished, 0 error(s) reported.

Time: cpu=0.00/0.24  real=0.00/0.24  Memory: 7.67/8.03/14.07



operation group: 1083/1146
    poly.oldfill.1:L263415 = COPY cp1m_fill
========================================================================
    generate layer poly.oldfill.1:L263415, TYP = P, HPN = 0, FPN = 0, HEN = 0, FEN = 0

Time: cpu=0.00/0.24  real=0.00/0.24  Memory: 7.67/8.03/14.07

    delete layer cp1m_fill

    Rule Check poly.oldfill.1 finished, 0 error(s) reported.

Time: cpu=0.00/0.24  real=0.00/0.24  Memory: 7.67/8.03/14.07



operation group: 1084/1146
    poly.oldfill.2:L263416 = COPY cp1m_waffle_drop
========================================================================
    generate layer poly.oldfill.2:L263416, TYP = P, HPN = 0, FPN = 0, HEN = 0, FEN = 0

Time: cpu=0.00/0.24  real=0.00/0.24  Memory: 7.67/8.03/14.07

    delete layer cp1m_waffle_drop

    Rule Check poly.oldfill.2 finished, 0 error(s) reported.

Time: cpu=0.00/0.24  real=0.00/0.24  Memory: 7.67/8.03/14.07



operation group: 1085/1146
    li.oldfill.1:L263417 = COPY cli1m_fill
========================================================================
    generate layer li.oldfill.1:L263417, TYP = P, HPN = 0, FPN = 0, HEN = 0, FEN = 0

Time: cpu=0.00/0.24  real=0.00/0.24  Memory: 7.67/8.03/14.07

    delete layer cli1m_fill

    Rule Check li.oldfill.1 finished, 0 error(s) reported.

Time: cpu=0.00/0.24  real=0.00/0.24  Memory: 7.67/8.03/14.07



operation group: 1086/1146
    m1.oldfill.1:L263418 = COPY cmm1_fill
========================================================================
    generate layer m1.oldfill.1:L263418, TYP = P, HPN = 0, FPN = 0, HEN = 0, FEN = 0

Time: cpu=0.00/0.24  real=0.00/0.24  Memory: 7.67/8.03/14.07

    delete layer cmm1_fill

    Rule Check m1.oldfill.1 finished, 0 error(s) reported.

Time: cpu=0.00/0.24  real=0.00/0.24  Memory: 7.67/8.03/14.07



operation group: 1087/1146
    m1.oldfill.2:L263419 = COPY cmm1_waffle_drop
========================================================================
    generate layer m1.oldfill.2:L263419, TYP = P, HPN = 0, FPN = 0, HEN = 0, FEN = 0

Time: cpu=0.00/0.24  real=0.00/0.24  Memory: 7.67/8.03/14.07

    delete layer cmm1_waffle_drop

    Rule Check m1.oldfill.2 finished, 0 error(s) reported.

Time: cpu=0.00/0.24  real=0.00/0.24  Memory: 7.67/8.03/14.07



operation group: 1088/1146
    m2.oldfill.1:L263420 = COPY cmm2_fill
========================================================================
    generate layer m2.oldfill.1:L263420, TYP = P, HPN = 0, FPN = 0, HEN = 0, FEN = 0

Time: cpu=0.00/0.24  real=0.00/0.24  Memory: 7.67/8.03/14.07

    delete layer cmm2_fill

    Rule Check m2.oldfill.1 finished, 0 error(s) reported.

Time: cpu=0.00/0.24  real=0.00/0.24  Memory: 7.67/8.03/14.07



operation group: 1089/1146
    m2.oldfill.2:L263421 = COPY cmm2_waffle_drop
========================================================================
    generate layer m2.oldfill.2:L263421, TYP = P, HPN = 0, FPN = 0, HEN = 0, FEN = 0

Time: cpu=0.00/0.24  real=0.00/0.24  Memory: 7.67/8.03/14.07

    delete layer cmm2_waffle_drop

    Rule Check m2.oldfill.2 finished, 0 error(s) reported.

Time: cpu=0.00/0.24  real=0.00/0.24  Memory: 7.67/8.03/14.07



operation group: 1090/1146
    m3.oldfill.1:L263422 = COPY cmm3_fill
========================================================================
    generate layer m3.oldfill.1:L263422, TYP = P, HPN = 0, FPN = 0, HEN = 0, FEN = 0

Time: cpu=0.00/0.24  real=0.00/0.24  Memory: 7.67/8.03/14.07

    delete layer cmm3_fill

    Rule Check m3.oldfill.1 finished, 0 error(s) reported.

Time: cpu=0.00/0.24  real=0.00/0.24  Memory: 7.67/8.03/14.07



operation group: 1091/1146
    m3.oldfill.2:L263423 = COPY cmm3_waffle_drop
========================================================================
    generate layer m3.oldfill.2:L263423, TYP = P, HPN = 0, FPN = 0, HEN = 0, FEN = 0

Time: cpu=0.00/0.24  real=0.00/0.24  Memory: 7.67/8.03/14.07

    delete layer cmm3_waffle_drop

    Rule Check m3.oldfill.2 finished, 0 error(s) reported.

Time: cpu=0.00/0.24  real=0.00/0.24  Memory: 7.67/8.03/14.07



operation group: 1092/1146
    m4.oldfill.1:L263424 = COPY cmm4_fill
========================================================================
    generate layer m4.oldfill.1:L263424, TYP = P, HPN = 0, FPN = 0, HEN = 0, FEN = 0

Time: cpu=0.00/0.24  real=0.00/0.24  Memory: 7.67/8.03/14.07

    delete layer cmm4_fill

    Rule Check m4.oldfill.1 finished, 0 error(s) reported.

Time: cpu=0.00/0.24  real=0.00/0.24  Memory: 7.67/8.03/14.07



operation group: 1093/1146
    m4.oldfill.2:L263425 = COPY cmm4_waffle_drop
========================================================================
    generate layer m4.oldfill.2:L263425, TYP = P, HPN = 0, FPN = 0, HEN = 0, FEN = 0

Time: cpu=0.00/0.24  real=0.00/0.24  Memory: 7.67/8.03/14.07

    delete layer cmm4_waffle_drop

    Rule Check m4.oldfill.2 finished, 0 error(s) reported.

Time: cpu=0.00/0.24  real=0.00/0.24  Memory: 7.67/8.03/14.07



operation group: 1094/1146
    m5.oldfill.1:L263426 = COPY cmm5_fill
========================================================================
    generate layer m5.oldfill.1:L263426, TYP = P, HPN = 0, FPN = 0, HEN = 0, FEN = 0

Time: cpu=0.00/0.24  real=0.00/0.24  Memory: 7.67/8.03/14.07

    delete layer cmm5_fill

    Rule Check m5.oldfill.1 finished, 0 error(s) reported.

Time: cpu=0.00/0.24  real=0.00/0.24  Memory: 7.67/8.03/14.07



operation group: 1095/1146
    m5.oldfill.2:L263427 = COPY cmm5_waffle_drop
========================================================================
    generate layer m5.oldfill.2:L263427, TYP = P, HPN = 0, FPN = 0, HEN = 0, FEN = 0

Time: cpu=0.00/0.24  real=0.00/0.24  Memory: 7.67/8.03/14.07

    delete layer cmm5_waffle_drop

    Rule Check m5.oldfill.2 finished, 0 error(s) reported.

Time: cpu=0.00/0.24  real=0.00/0.24  Memory: 7.67/8.03/14.07



operation group: 1096/1146
    _EPTMPL262194 = NOT diff_and_nsdm diff_res
========================================================================
    generate layer _EPTMPL262194, TYP = P, HPN = 4, FPN = 35, HEN = 16, FEN = 140

Time: cpu=0.00/0.24  real=0.00/0.24  Memory: 7.67/8.03/14.07

    delete layer diff_and_nsdm


operation group: 1097/1146
    _EPTMPL262195 = NOT _EPTMPL262194 poly
========================================================================
    generate layer _EPTMPL262195, TYP = P, HPN = 8, FPN = 69, HEN = 32, FEN = 276

Time: cpu=0.00/0.24  real=0.00/0.24  Memory: 7.67/8.03/14.07

    delete layer _EPTMPL262194


operation group: 1098/1146
    nsd = NOT _EPTMPL262195 ntap
========================================================================
    generate layer nsd, TYP = P, HPN = 7, FPN = 67, HEN = 28, FEN = 268

Time: cpu=0.00/0.24  real=0.00/0.24  Memory: 7.67/8.03/14.07

    delete layer _EPTMPL262195


operation group: 1099/1146
    _EPTMPL262197 = NOT diff_and_psdm diff_res
========================================================================
    generate layer _EPTMPL262197, TYP = P, HPN = 3, FPN = 20, HEN = 12, FEN = 80

Time: cpu=0.00/0.24  real=0.00/0.24  Memory: 7.67/8.03/14.07

    delete layer diff_and_psdm
    delete layer diff_res


operation group: 1100/1146
    _EPTMPL262198 = NOT _EPTMPL262197 poly
========================================================================
    generate layer _EPTMPL262198, TYP = P, HPN = 6, FPN = 40, HEN = 24, FEN = 160

Time: cpu=0.00/0.24  real=0.00/0.24  Memory: 7.67/8.03/14.07

    delete layer _EPTMPL262197


operation group: 1101/1146
    psd = NOT _EPTMPL262198 ptap
========================================================================
    generate layer psd, TYP = P, HPN = 6, FPN = 40, HEN = 24, FEN = 160

Time: cpu=0.00/0.24  real=0.00/0.24  Memory: 7.67/8.03/14.07

    delete layer _EPTMPL262198


operation group: 1102/1146
    cap_bot = AND m3_dg capm
========================================================================
    generate layer cap_bot, TYP = P, HPN = 0, FPN = 0, HEN = 0, FEN = 0

Time: cpu=0.00/0.24  real=0.00/0.24  Memory: 7.67/8.03/14.07



operation group: 1103/1146
    cap_bot_1p2 = SIZE cap_bot -by 1.34
========================================================================
    generate layer cap_bot_1p2, TYP = P, HPN = 0, FPN = 0, HEN = 0, FEN = 0

Time: cpu=0.00/0.24  real=0.00/0.24  Memory: 7.67/8.03/14.07



operation group: 1104/1146
    m3_capm_enclose = SELECT -enclose m3_dg capm
========================================================================
    generate layer m3_capm_enclose, TYP = P, HPN = 0, FPN = 0, HEN = 0, FEN = 0

Time: cpu=0.00/0.24  real=0.00/0.24  Memory: 7.67/8.03/14.07

    delete layer m3_dg


operation group: 1105/1146
    met3_capm_edge = EDGE_EXPAND m3_capm_enclose -inside_by 0.005
========================================================================
    generate layer met3_capm_edge, TYP = P, HPN = 0, FPN = 0, HEN = 0, FEN = 0

Time: cpu=0.00/0.24  real=0.00/0.24  Memory: 7.67/8.03/14.07

    delete layer m3_capm_enclose


operation group: 1106/1146
    cap2m_bot = AND m4_dg cap2m
========================================================================
    generate layer cap2m_bot, TYP = P, HPN = 0, FPN = 0, HEN = 0, FEN = 0

Time: cpu=0.00/0.24  real=0.00/0.24  Memory: 7.67/8.03/14.07



operation group: 1107/1146
    cap2m_bot_1p2 = SIZE cap2m_bot -by 1.34
========================================================================
    generate layer cap2m_bot_1p2, TYP = P, HPN = 0, FPN = 0, HEN = 0, FEN = 0

Time: cpu=0.00/0.24  real=0.00/0.24  Memory: 7.67/8.03/14.07



operation group: 1108/1146
    m4_cap2m_enclose = SELECT -enclose m4_dg cap2m
========================================================================
    generate layer m4_cap2m_enclose, TYP = P, HPN = 0, FPN = 0, HEN = 0, FEN = 0

Time: cpu=0.00/0.24  real=0.00/0.24  Memory: 7.67/8.03/14.07

    delete layer m4_dg


operation group: 1109/1146
    met4_cap2m_edge = EDGE_EXPAND m4_cap2m_enclose -inside_by 0.005
========================================================================
    generate layer met4_cap2m_edge, TYP = P, HPN = 0, FPN = 0, HEN = 0, FEN = 0

Time: cpu=0.00/0.24  real=0.00/0.24  Memory: 7.67/8.03/14.07

    delete layer m4_cap2m_enclose


operation group: 1110/1146
    CONNECT nwell dnwell
    CONNECT ntap nwell
    CONNECT ptap pwell
    CONNECT li1 nsd -by licon
    CONNECT li1 psd -by licon
    CONNECT li1 ntap -by licon
    CONNECT li1 ptap -by licon
    CONNECT li1 poly -by licon
    CONNECT met1 li1 -by mcon
    CONNECT met2 met1 -by via1
    CONNECT met3 met2 -by via2
    CONNECT met4 met3 -by via3
    CONNECT met5 met4 -by via4
    CONNECT cap_bot_1p2 met3 -by capm
    CONNECT cap_bot met3
    CONNECT met3_capm_edge met3
    CONNECT cap2m_bot_1p2 met4 -by cap2m
    CONNECT cap2m_bot met4
    CONNECT met4_cap2m_edge met4
========================================================================

Time: cpu=0.00/0.24  real=0.01/0.25  Memory: 7.67/8.03/18.09

    delete layer nsd
    delete layer psd
    delete layer ntap
    delete layer poly
    delete layer licon
    delete layer li1
    delete layer mcon
    delete layer met1
    delete layer via1
    delete layer via2
    delete layer via3
    delete layer via4
    delete layer capm
    delete layer cap2m


operation group: 1111/1146
    dnwell_lvi = SELECT -outside dnwell uhvi
========================================================================
    generate layer dnwell_lvi, TYP = P, HPN = 0, FPN = 0, HEN = 0, FEN = 0

Time: cpu=0.00/0.24  real=0.00/0.25  Memory: 7.67/8.03/18.09



operation group: 1112/1146
    dnwell_lv = STAMP dnwell_lvi dnwell
========================================================================
    generate layer dnwell_lv, TYP = P, HPN = 0, FPN = 0, HEN = 0, FEN = 0

Time: cpu=0.00/0.24  real=0.00/0.25  Memory: 7.67/8.03/18.09

    delete layer dnwell_lvi


operation group: 1113/1146
    CDRW.dnwell.3:L262404 = EXTE dnwell_lv -lt 6.3 -abut lt 90 -single_point -output region
========================================================================
    generate layer CDRW.dnwell.3:L262404, TYP = P, HPN = 0, FPN = 0, HEN = 0, FEN = 0

Time: cpu=0.00/0.24  real=0.00/0.25  Memory: 7.67/8.03/18.09


    Rule Check CDRW.dnwell.3 finished, 0 error(s) reported.

Time: cpu=0.00/0.24  real=0.00/0.25  Memory: 7.67/8.03/18.09



operation group: 1114/1146
    dnwell_uhvi = AND dnwell uhvi
========================================================================
    generate layer dnwell_uhvi, TYP = P, HPN = 0, FPN = 0, HEN = 0, FEN = 0

Time: cpu=0.00/0.24  real=0.00/0.25  Memory: 7.67/8.03/18.09



operation group: 1115/1146
    dnwell.3a:L262405 = EXTE dnwell_uhvi -lt 12 -abut lt 90 -single_point -output region -connected
    dnwell.3d:L262406 = EXTE dnwell_uhvi -lt 12 -abut lt 90 -single_point -output region -not_connected
========================================================================
    generate layer dnwell.3a:L262405, TYP = P, HPN = 0, FPN = 0, HEN = 0, FEN = 0
    generate layer dnwell.3d:L262406, TYP = P, HPN = 0, FPN = 0, HEN = 0, FEN = 0

Time: cpu=0.00/0.24  real=0.00/0.25  Memory: 7.67/8.03/18.09


    Rule Check dnwell.3a finished, 0 error(s) reported.

Time: cpu=0.00/0.24  real=0.00/0.25  Memory: 7.67/8.03/18.09


    Rule Check dnwell.3d finished, 0 error(s) reported.

Time: cpu=0.00/0.24  real=0.00/0.25  Memory: 7.67/8.03/18.09



operation group: 1116/1146
    dnwell.3b:L262407 = EXTE dnwell_uhvi dnwell_lv -lt 12 -abut lt 90 -single_point -output region
    dnwell.3c:L262408 = EXTE dnwell_uhvi dnwell_lv -lt 9.5 -abut lt 90 -single_point -output region
========================================================================
    generate layer dnwell.3b:L262407, TYP = P, HPN = 0, FPN = 0, HEN = 0, FEN = 0
    generate layer dnwell.3c:L262408, TYP = P, HPN = 0, FPN = 0, HEN = 0, FEN = 0

Time: cpu=0.00/0.24  real=0.00/0.25  Memory: 7.67/8.03/18.09


    Rule Check dnwell.3b finished, 0 error(s) reported.

Time: cpu=0.00/0.24  real=0.00/0.25  Memory: 7.67/8.03/18.09

    delete layer dnwell_uhvi
    delete layer dnwell_lv

    Rule Check dnwell.3c finished, 0 error(s) reported.

Time: cpu=0.00/0.24  real=0.00/0.25  Memory: 7.67/8.03/18.09



operation group: 1117/1146
    nwell_lvi = SELECT -interact nwell all_hvi -not
========================================================================
    generate layer nwell_lvi, TYP = P, HPN = 4, FPN = 22, HEN = 16, FEN = 88

Time: cpu=0.00/0.24  real=0.00/0.25  Memory: 7.67/8.03/18.09

    delete layer all_hvi


operation group: 1118/1146
    nwell_lv = STAMP nwell_lvi nwell
========================================================================
    generate layer nwell_lv, TYP = P, HPN = 4, FPN = 22, HEN = 16, FEN = 88

Time: cpu=0.00/0.24  real=0.00/0.25  Memory: 7.67/8.03/18.09

    delete layer nwell_lvi


operation group: 1119/1146
    CDR.nwell.2a.lv:L262413 = EXTE nwell_lv -lt 1.27 -notch also -single_point -output region
========================================================================
    generate layer CDR.nwell.2a.lv:L262413, TYP = P, HPN = 3, FPN = 3, HEN = 237, FEN = 237

Time: cpu=0.01/0.25  real=0.01/0.25  Memory: 7.67/8.03/18.09


    Rule Check CDR.nwell.2a.lv finished, 3 error(s) reported.
WARNING: RuleCheck CDR.nwell.2a.lv output to GDSII results with maximum polygon vertex count 294 (more than 200).

Time: cpu=0.00/0.25  real=0.01/0.26  Memory: 7.67/8.03/18.09



operation group: 1120/1146
    nwell_uhvi = SELECT -interact nwell uhvi
========================================================================
    generate layer nwell_uhvi, TYP = P, HPN = 0, FPN = 0, HEN = 0, FEN = 0

Time: cpu=0.00/0.25  real=0.00/0.26  Memory: 7.67/8.03/18.09

    delete layer uhvi


operation group: 1121/1146
    nwell_uhv = STAMP nwell_uhvi nwell
========================================================================
    generate layer nwell_uhv, TYP = P, HPN = 0, FPN = 0, HEN = 0, FEN = 0

Time: cpu=0.00/0.25  real=0.00/0.26  Memory: 7.67/8.03/18.09

    delete layer nwell_uhvi


operation group: 1122/1146
    nw_not_uvh = NOT nwell nwell_uhv
========================================================================
    layer nw_not_uvh not generated, operation is dynamically optimized out.

Time: cpu=0.00/0.25  real=0.00/0.26  Memory: 7.67/8.03/18.09



operation group: 1123/1146
    nwell_vhvi = SELECT -interact nw_not_uvh vhvi
========================================================================
    generate layer nwell_vhvi, TYP = P, HPN = 0, FPN = 0, HEN = 0, FEN = 0

Time: cpu=0.00/0.25  real=0.00/0.26  Memory: 7.67/8.03/18.09

    delete layer nw_not_uvh
    delete layer vhvi


operation group: 1124/1146
    nwell_vhv = STAMP nwell_vhvi nwell
========================================================================
    generate layer nwell_vhv, TYP = P, HPN = 0, FPN = 0, HEN = 0, FEN = 0

Time: cpu=0.00/0.25  real=0.00/0.26  Memory: 7.67/8.03/18.09

    delete layer nwell_vhvi


operation group: 1125/1146
    _EPTMPL262981 = OR nwell_uhv nwell_vhv
========================================================================
    generate layer _EPTMPL262981, TYP = P, HPN = 0, FPN = 0, HEN = 0, FEN = 0

Time: cpu=0.00/0.25  real=0.00/0.26  Memory: 7.67/8.03/18.09



operation group: 1126/1146
    nw_not_vhv_or_uhv = NOT nwell _EPTMPL262981
========================================================================
    layer nw_not_vhv_or_uhv not generated, operation is dynamically optimized out.

Time: cpu=0.00/0.25  real=0.00/0.26  Memory: 7.67/8.03/18.09

    delete layer _EPTMPL262981


operation group: 1127/1146
    nwell_hvi = SELECT -interact nw_not_vhv_or_uhv hvi
========================================================================
    generate layer nwell_hvi, TYP = P, HPN = 0, FPN = 0, HEN = 0, FEN = 0

Time: cpu=0.00/0.25  real=0.00/0.26  Memory: 7.67/8.03/18.09

    delete layer nw_not_vhv_or_uhv
    delete layer hvi


operation group: 1128/1146
    nwell_hv = STAMP nwell_hvi nwell
========================================================================
    generate layer nwell_hv, TYP = P, HPN = 0, FPN = 0, HEN = 0, FEN = 0

Time: cpu=0.00/0.25  real=0.00/0.26  Memory: 7.67/8.03/18.09

    delete layer nwell_hvi
    delete layer nwell


operation group: 1129/1146
    nwell.2a.lv_hv:L262414 = EXTE nwell_lv nwell_hv -lt 1.27 -abut lt 90 -single_point -output region
========================================================================
    generate layer nwell.2a.lv_hv:L262414, TYP = P, HPN = 0, FPN = 0, HEN = 0, FEN = 0

Time: cpu=0.00/0.25  real=0.00/0.26  Memory: 7.67/8.03/18.09


    Rule Check nwell.2a.lv_hv finished, 0 error(s) reported.

Time: cpu=0.00/0.25  real=0.00/0.26  Memory: 7.67/8.03/18.09



operation group: 1130/1146
    nwell.2a.lv_vhv:L262415 = EXTE nwell_lv nwell_vhv -lt 2 -abut lt 90 -single_point -output region
========================================================================
    generate layer nwell.2a.lv_vhv:L262415, TYP = P, HPN = 0, FPN = 0, HEN = 0, FEN = 0

Time: cpu=0.00/0.25  real=0.00/0.26  Memory: 7.67/8.03/18.09


    Rule Check nwell.2a.lv_vhv finished, 0 error(s) reported.

Time: cpu=0.00/0.25  real=0.00/0.26  Memory: 7.67/8.03/18.09



operation group: 1131/1146
    nwell.2a.lv_uhv:L262416 = EXTE nwell_lv nwell_uhv -lt 2.5 -abut lt 90 -single_point -output region
========================================================================
    generate layer nwell.2a.lv_uhv:L262416, TYP = P, HPN = 0, FPN = 0, HEN = 0, FEN = 0

Time: cpu=0.00/0.25  real=0.00/0.26  Memory: 7.67/8.03/18.09

    delete layer nwell_lv

    Rule Check nwell.2a.lv_uhv finished, 0 error(s) reported.

Time: cpu=0.00/0.25  real=0.00/0.26  Memory: 7.67/8.03/18.09



operation group: 1132/1146
    CDR.capm.3b:L262780 = EXTE cap_bot met3_capm_edge -lt 1.2 -exclude_shielded 0 -not_connected -output region
========================================================================
    generate layer CDR.capm.3b:L262780, TYP = P, HPN = 0, FPN = 0, HEN = 0, FEN = 0

Time: cpu=0.00/0.25  real=0.00/0.26  Memory: 7.67/8.03/18.09



operation group: 1133/1146
    met3_not_connected = AND cap_bot_1p2 met3 -not_connected
========================================================================
    generate layer met3_not_connected, TYP = P, HPN = 0, FPN = 0, HEN = 0, FEN = 0

Time: cpu=0.00/0.25  real=0.00/0.26  Memory: 7.67/8.03/18.09



operation group: 1134/1146
    capm.m3_too_close = EXTE cap_bot met3_not_connected -lt 1.34 -output region
========================================================================
    generate layer capm.m3_too_close, TYP = P, HPN = 0, FPN = 0, HEN = 0, FEN = 0

Time: cpu=0.00/0.25  real=0.00/0.26  Memory: 7.67/8.03/18.09

    delete layer met3_not_connected


operation group: 1135/1146
    CDR.capm.3b:L262781 = COPY capm.m3_too_close
========================================================================
    generate layer CDR.capm.3b:L262781, TYP = P, HPN = 0, FPN = 0, HEN = 0, FEN = 0

Time: cpu=0.00/0.25  real=0.00/0.26  Memory: 7.67/8.03/18.09

    delete layer capm.m3_too_close

    Rule Check CDR.capm.3b finished, 0 error(s) reported.

Time: cpu=0.00/0.25  real=0.00/0.26  Memory: 7.67/8.03/18.09



operation group: 1136/1146
    CDR.cap2m.3b:L262813 = EXTE cap2m_bot met4_cap2m_edge -lt 1.2 -exclude_shielded 0 -not_connected -output region
========================================================================
    generate layer CDR.cap2m.3b:L262813, TYP = P, HPN = 0, FPN = 0, HEN = 0, FEN = 0

Time: cpu=0.00/0.25  real=0.00/0.26  Memory: 7.67/8.03/18.09



operation group: 1137/1146
    met4_not_connected = AND cap2m_bot_1p2 met4 -not_connected
========================================================================
    generate layer met4_not_connected, TYP = P, HPN = 0, FPN = 0, HEN = 0, FEN = 0

Time: cpu=0.00/0.25  real=0.00/0.26  Memory: 7.67/8.03/18.09



operation group: 1138/1146
    cap2m.m4_too_close = EXTE cap2m_bot met4_not_connected -lt 1.34 -output region
========================================================================
    generate layer cap2m.m4_too_close, TYP = P, HPN = 0, FPN = 0, HEN = 0, FEN = 0

Time: cpu=0.00/0.25  real=0.00/0.26  Memory: 7.67/8.03/18.09

    delete layer met4_not_connected


operation group: 1139/1146
    CDR.cap2m.3b:L262814 = COPY cap2m.m4_too_close
========================================================================
    generate layer CDR.cap2m.3b:L262814, TYP = P, HPN = 0, FPN = 0, HEN = 0, FEN = 0

Time: cpu=0.00/0.25  real=0.00/0.26  Memory: 7.67/8.03/18.09

    delete layer cap2m.m4_too_close

    Rule Check CDR.cap2m.3b finished, 0 error(s) reported.

Time: cpu=0.00/0.25  real=0.00/0.26  Memory: 7.67/8.03/18.09



operation group: 1140/1146
    hvnwell.8.hv:L262987 = EXTE nwell_hv -lt 1.27 -abut lt 90 -single_point -output region
========================================================================
    generate layer hvnwell.8.hv:L262987, TYP = P, HPN = 0, FPN = 0, HEN = 0, FEN = 0

Time: cpu=0.00/0.25  real=0.00/0.26  Memory: 7.67/8.03/18.09


    Rule Check hvnwell.8.hv finished, 0 error(s) reported.

Time: cpu=0.00/0.25  real=0.00/0.26  Memory: 7.67/8.03/18.09



operation group: 1141/1146
    hvnwell.8.hv_vhv:L262988 = EXTE nwell_hv nwell_vhv -lt 2 -abut lt 90 -single_point -output region
========================================================================
    generate layer hvnwell.8.hv_vhv:L262988, TYP = P, HPN = 0, FPN = 0, HEN = 0, FEN = 0

Time: cpu=0.00/0.25  real=0.00/0.26  Memory: 7.67/8.03/18.09


    Rule Check hvnwell.8.hv_vhv finished, 0 error(s) reported.

Time: cpu=0.00/0.25  real=0.00/0.26  Memory: 7.67/8.03/18.09



operation group: 1142/1146
    hvnwell.8.hv_uhv:L262989 = EXTE nwell_hv nwell_uhv -lt 2.5 -abut lt 90 -single_point -output region
========================================================================
    generate layer hvnwell.8.hv_uhv:L262989, TYP = P, HPN = 0, FPN = 0, HEN = 0, FEN = 0

Time: cpu=0.00/0.25  real=0.00/0.26  Memory: 7.67/8.03/18.09

    delete layer nwell_hv

    Rule Check hvnwell.8.hv_uhv finished, 0 error(s) reported.

Time: cpu=0.00/0.25  real=0.00/0.26  Memory: 7.67/8.03/18.09



operation group: 1143/1146
    hvnwell.8.vhv:L262990 = EXTE nwell_vhv -lt 2 -abut lt 90 -single_point -output region
========================================================================
    generate layer hvnwell.8.vhv:L262990, TYP = P, HPN = 0, FPN = 0, HEN = 0, FEN = 0

Time: cpu=0.00/0.25  real=0.00/0.26  Memory: 7.67/8.03/18.09


    Rule Check hvnwell.8.vhv finished, 0 error(s) reported.

Time: cpu=0.00/0.25  real=0.00/0.26  Memory: 7.67/8.03/18.09



operation group: 1144/1146
    hvnwell.8.vhv_uhv:L262991 = EXTE nwell_vhv nwell_uhv -lt 2.5 -abut lt 90 -single_point -output region
========================================================================
    generate layer hvnwell.8.vhv_uhv:L262991, TYP = P, HPN = 0, FPN = 0, HEN = 0, FEN = 0

Time: cpu=0.00/0.25  real=0.00/0.26  Memory: 7.67/8.03/18.09

    delete layer nwell_vhv

    Rule Check hvnwell.8.vhv_uhv finished, 0 error(s) reported.

Time: cpu=0.01/0.26  real=0.01/0.26  Memory: 7.66/8.03/18.09



operation group: 1145/1146
    hvnwell.8.uvh:L262992 = EXTE nwell_uhv -lt 2.5 -abut lt 90 -single_point -output region
========================================================================
    generate layer hvnwell.8.uvh:L262992, TYP = P, HPN = 0, FPN = 0, HEN = 0, FEN = 0

Time: cpu=0.00/0.26  real=0.00/0.26  Memory: 7.66/8.03/18.09

    delete layer nwell_uhv

    Rule Check hvnwell.8.uvh finished, 0 error(s) reported.

Time: cpu=0.00/0.26  real=0.00/0.26  Memory: 7.66/8.03/18.09



operation group: 1146/1146
    _EPTMPL263428 = DISCONNECT
========================================================================

Time: cpu=0.00/0.26  real=0.00/0.26  Memory: 7.66/8.03/18.09



########################################################################
Outputting Results ...
########################################################################

   ONE LAYER BOOLEAN: Cumulative Time CPU =        0(s) REAL =        0(s)
   TWO LAYER BOOLEAN: Cumulative Time CPU =        0(s) REAL =        0(s)
 POLYGON TOPOLOGICAL: Cumulative Time CPU =        0(s) REAL =        0(s)
 POLYGON MEASUREMENT: Cumulative Time CPU =        0(s) REAL =        0(s)
                SIZE: Cumulative Time CPU =        0(s) REAL =        0(s)
    EDGE TOPOLOGICAL: Cumulative Time CPU =        0(s) REAL =        0(s)
    EDGE MEASUREMENT: Cumulative Time CPU =        0(s) REAL =        0(s)
               STAMP: Cumulative Time CPU =        0(s) REAL =        0(s)
       ONE LAYER DRC: Cumulative Time CPU =        0(s) REAL =        0(s)
       TWO LAYER DRC: Cumulative Time CPU =        0(s) REAL =        0(s)
            NET AREA: Cumulative Time CPU =        0(s) REAL =        0(s)
             DENSITY: Cumulative Time CPU =        0(s) REAL =        0(s)
       MISCELLANEOUS: Cumulative Time CPU =        0(s) REAL =        0(s)
             CONNECT: Cumulative Time CPU =        0(s) REAL =        0(s)
              DEVICE: Cumulative Time CPU =        0(s) REAL =        0(s)
                 ERC: Cumulative Time CPU =        0(s) REAL =        0(s)
       PATTERN_MATCH: Cumulative Time CPU =        0(s) REAL =        0(s)
            DFM FILL: Cumulative Time CPU =        0(s) REAL =        0(s)


Total CPU Time                    : 0(s)
Total Real Time                   : 0(s)
Peak Memory Used                  : 18(M)
Total Original Geometry           : 549(1836)
Total DRC RuleChecks              : 578
Total DRC Results                 : 9 (43)
Summary can be found in file comparator_latch_armstrong.sum
ASCII report database is /home/user23/NS_SAR_ADC/doc/comparator_latch_armstrong.drc_errors.ascii
Checking in all SoftShare licenses.


Design Rule Check Finished Normally. Thu Aug 20 13:54:18 2026




